,sample1,sample2,bNRI,RC,Process,Process_contribution
CWR.1,CWRTRS1Y_2019,CWRTRS1Y_2018,-2.610886293,-0.498,Environmental filtering,1
CWR.2,CWRTRS2Y_2018,CWRTRS1Y_2018,1.557323555,-0.988,Homogenizing dispersal,1
CWR.3,CWRTRS2Y_2019,CWRTRS1Y_2018,-2.16178908,-0.911,Environmental filtering,1
CWR.4,CWRTRS3Y_2018,CWRTRS1Y_2018,-1.323470309,0.97,Dispersal limitation,1
CWR.5,CWRTRS3Y_2019,CWRTRS1Y_2018,-3.147837125,0.878,Environmental filtering,1
CWR.6,CWRTRS4Y_2018,CWRTRS1Y_2018,-1.305668924,0.998,Dispersal limitation,1
CWR.7,CWRTRS4Y_2019,CWRTRS1Y_2018,-2.538008083,-0.56,Environmental filtering,1
CWR.8,CWRTRS5Y_2019,CWRTRS1Y_2018,-2.561439851,0.783,Environmental filtering,1
CWR.9,CWRTRS6Y_2018,CWRTRS1Y_2018,-1.253889595,-0.952,Homogenizing dispersal,1
CWR.10,CWRTRS6Y_2019,CWRTRS1Y_2018,-3.517156818,0.988,Environmental filtering,1
CWR.11,CWRTRS2Y_2018,CWRTRS1Y_2019,1.044123393,-0.996,Homogenizing dispersal,1
CWR.12,CWRTRS2Y_2019,CWRTRS1Y_2019,-2.236892477,-1,Environmental filtering,1
CWR.13,CWRTRS3Y_2018,CWRTRS1Y_2019,-1.605801576,0.268,Ecological Drift,1
CWR.14,CWRTRS3Y_2019,CWRTRS1Y_2019,-3.084502663,-0.75,Environmental filtering,1
CWR.15,CWRTRS4Y_2018,CWRTRS1Y_2019,-1.60386695,0.792,Ecological Drift,1
CWR.16,CWRTRS4Y_2019,CWRTRS1Y_2019,-2.50927294,-1,Environmental filtering,1
CWR.17,CWRTRS5Y_2019,CWRTRS1Y_2019,-2.507676992,-0.99,Environmental filtering,1
CWR.18,CWRTRS6Y_2018,CWRTRS1Y_2019,-1.559994254,-0.226,Ecological Drift,1
CWR.19,CWRTRS6Y_2019,CWRTRS1Y_2019,-3.219114836,-0.954,Environmental filtering,1
CWR.20,CWRTRS2Y_2019,CWRTRS2Y_2018,1.008861617,-1,Homogenizing dispersal,1
CWR.21,CWRTRS3Y_2018,CWRTRS2Y_2018,1.949657715,-0.886,Ecological Drift,1
CWR.22,CWRTRS3Y_2019,CWRTRS2Y_2018,0.894666365,-1,Homogenizing dispersal,1
CWR.23,CWRTRS4Y_2018,CWRTRS2Y_2018,1.970989505,-0.808,Ecological Drift,1
CWR.24,CWRTRS4Y_2019,CWRTRS2Y_2018,1.245883254,-0.994,Homogenizing dispersal,1
CWR.25,CWRTRS5Y_2019,CWRTRS2Y_2018,1.328799007,-0.994,Homogenizing dispersal,1
CWR.26,CWRTRS6Y_2018,CWRTRS2Y_2018,1.399466328,-1,Homogenizing dispersal,1
CWR.27,CWRTRS6Y_2019,CWRTRS2Y_2018,0.825350737,-0.151,Ecological Drift,1
CWR.28,CWRTRS3Y_2018,CWRTRS2Y_2019,-1.278750243,-1,Homogenizing dispersal,1
CWR.29,CWRTRS3Y_2019,CWRTRS2Y_2019,-2.549262701,-1,Environmental filtering,1
CWR.30,CWRTRS4Y_2018,CWRTRS2Y_2019,-1.335586126,-1,Homogenizing dispersal,1
CWR.31,CWRTRS4Y_2019,CWRTRS2Y_2019,-2.236359275,-1,Environmental filtering,1
CWR.32,CWRTRS5Y_2019,CWRTRS2Y_2019,-2.185493157,-0.989,Environmental filtering,1
CWR.33,CWRTRS6Y_2018,CWRTRS2Y_2019,-1.313864488,-1,Homogenizing dispersal,1
CWR.34,CWRTRS6Y_2019,CWRTRS2Y_2019,-2.832752738,-0.578,Environmental filtering,1
CWR.35,CWRTRS3Y_2019,CWRTRS3Y_2018,-1.883852555,-0.716,Ecological Drift,1
CWR.36,CWRTRS4Y_2018,CWRTRS3Y_2018,-0.35381886,-1,Homogenizing dispersal,1
CWR.37,CWRTRS4Y_2019,CWRTRS3Y_2018,-1.482520032,0.401,Ecological Drift,1
CWR.38,CWRTRS5Y_2019,CWRTRS3Y_2018,-1.430693157,0.965,Dispersal limitation,1
CWR.39,CWRTRS6Y_2018,CWRTRS3Y_2018,-0.606268189,-0.996,Homogenizing dispersal,1
CWR.40,CWRTRS6Y_2019,CWRTRS3Y_2018,-2.383443969,1,Environmental filtering,1
CWR.41,CWRTRS4Y_2018,CWRTRS3Y_2019,-2.022847772,-0.232,Environmental filtering,1
CWR.42,CWRTRS4Y_2019,CWRTRS3Y_2019,-3.036258082,-1,Environmental filtering,1
CWR.43,CWRTRS5Y_2019,CWRTRS3Y_2019,-2.892297314,-0.978,Environmental filtering,1
CWR.44,CWRTRS6Y_2018,CWRTRS3Y_2019,-1.796453821,-1,Homogenizing dispersal,1
CWR.45,CWRTRS6Y_2019,CWRTRS3Y_2019,-3.727396733,0.4,Environmental filtering,1
CWR.46,CWRTRS4Y_2019,CWRTRS4Y_2018,-1.579063301,0.542,Ecological Drift,1
CWR.47,CWRTRS5Y_2019,CWRTRS4Y_2018,-1.453501597,0.95,Ecological Drift,1
CWR.48,CWRTRS6Y_2018,CWRTRS4Y_2018,-0.643399214,-0.99,Homogenizing dispersal,1
CWR.49,CWRTRS6Y_2019,CWRTRS4Y_2018,-2.2847906,1,Environmental filtering,1
CWR.50,CWRTRS5Y_2019,CWRTRS4Y_2019,-2.443455928,-1,Environmental filtering,1
CWR.51,CWRTRS6Y_2018,CWRTRS4Y_2019,-1.471420533,-0.841,Ecological Drift,1
CWR.52,CWRTRS6Y_2019,CWRTRS4Y_2019,-3.255843423,-0.51,Environmental filtering,1
CWR.53,CWRTRS6Y_2018,CWRTRS5Y_2019,-1.421348099,-0.325,Ecological Drift,1
CWR.54,CWRTRS6Y_2019,CWRTRS5Y_2019,-3.169750488,-0.942,Environmental filtering,1
CWR.55,CWRTRS6Y_2019,CWRTRS6Y_2018,-2.033843408,0.964,Environmental filtering,1
DMR.1,DMRTRS2Y_2019,DMRTRS1Y_2019,-1.658861436,0.866,Ecological Drift,1
DMR.2,DMRTRS3Y_2019,DMRTRS1Y_2019,-1.320382457,-0.992,Homogenizing dispersal,1
DMR.3,DMRTRS4Y_2019,DMRTRS1Y_2019,-1.70467216,0.015,Ecological Drift,1
DMR.4,DMRTRS5Y_2019,DMRTRS1Y_2019,-2.393674793,0.119,Environmental filtering,1
DMR.5,DMRTRS6Y_2019,DMRTRS1Y_2019,-2.333688882,0.992,Environmental filtering,1
DMR.6,DMRTRS3Y_2019,DMRTRS2Y_2019,-0.075592479,-0.758,Ecological Drift,1
DMR.7,DMRTRS4Y_2019,DMRTRS2Y_2019,-0.875015719,0.589,Ecological Drift,1
DMR.8,DMRTRS5Y_2019,DMRTRS2Y_2019,-1.48285569,-0.755,Ecological Drift,1
DMR.9,DMRTRS6Y_2019,DMRTRS2Y_2019,-1.541830782,0.779,Ecological Drift,1
DMR.10,DMRTRS4Y_2019,DMRTRS3Y_2019,-0.140703428,0.689,Ecological Drift,1
DMR.11,DMRTRS5Y_2019,DMRTRS3Y_2019,-0.948282357,0.031,Ecological Drift,1
DMR.12,DMRTRS6Y_2019,DMRTRS3Y_2019,-0.599493526,0.878,Ecological Drift,1
DMR.13,DMRTRS5Y_2019,DMRTRS4Y_2019,-1.539283811,-0.385,Ecological Drift,1
DMR.14,DMRTRS6Y_2019,DMRTRS4Y_2019,-1.424071335,0.487,Ecological Drift,1
DMR.15,DMRTRS6Y_2019,DMRTRS5Y_2019,-2.129046668,0.396,Environmental filtering,1
HSC.1,HSCTRS1Y_2019,HSCTRS1Y_2018,-1.806873243,-0.871,Ecological Drift,1
HSC.2,HSCTRS2Y_2018,HSCTRS1Y_2018,-1.335587812,-0.971,Homogenizing dispersal,1
HSC.3,HSCTRS2Y_2019,HSCTRS1Y_2018,-0.827314899,-0.921,Ecological Drift,1
HSC.4,HSCTRS3Y_2018,HSCTRS1Y_2018,-1.421551811,-0.776,Ecological Drift,1
HSC.5,HSCTRS3Y_2019,HSCTRS1Y_2018,-2.151325728,-0.634,Environmental filtering,1
HSC.6,HSCTRS4Y_2018,HSCTRS1Y_2018,-0.925335831,-0.996,Homogenizing dispersal,1
HSC.7,HSCTRS4Y_2019,HSCTRS1Y_2018,-0.968469347,-1,Homogenizing dispersal,1
HSC.8,HSCTRS5Y_2019,HSCTRS1Y_2018,-0.152755663,-1,Homogenizing dispersal,1
HSC.9,HSCTRS6Y_2019,HSCTRS1Y_2018,-1.479839382,-1,Homogenizing dispersal,1
HSC.10,HSCTRS2Y_2018,HSCTRS1Y_2019,-3.003686672,-0.561,Environmental filtering,1
HSC.11,HSCTRS2Y_2019,HSCTRS1Y_2019,-2.022022105,-0.955,Environmental filtering,1
HSC.12,HSCTRS3Y_2018,HSCTRS1Y_2019,-3.047875694,-0.723,Environmental filtering,1
HSC.13,HSCTRS3Y_2019,HSCTRS1Y_2019,-3.627762607,-0.91,Environmental filtering,1
HSC.14,HSCTRS4Y_2018,HSCTRS1Y_2019,-2.185889406,0.857,Environmental filtering,1
HSC.15,HSCTRS4Y_2019,HSCTRS1Y_2019,-1.672981546,-0.999,Homogenizing dispersal,1
HSC.16,HSCTRS5Y_2019,HSCTRS1Y_2019,-1.089717871,0.788,Ecological Drift,1
HSC.17,HSCTRS6Y_2019,HSCTRS1Y_2019,-2.742830245,0.342,Environmental filtering,1
HSC.18,HSCTRS2Y_2019,HSCTRS2Y_2018,-1.492510646,-0.703,Ecological Drift,1
HSC.19,HSCTRS3Y_2018,HSCTRS2Y_2018,-2.482753781,-0.173,Environmental filtering,1
HSC.20,HSCTRS3Y_2019,HSCTRS2Y_2018,-3.11308416,-0.982,Environmental filtering,1
HSC.21,HSCTRS4Y_2018,HSCTRS2Y_2018,-1.675026343,0.975,Dispersal limitation,1
HSC.22,HSCTRS4Y_2019,HSCTRS2Y_2018,-1.320685243,-0.993,Homogenizing dispersal,1
HSC.23,HSCTRS5Y_2019,HSCTRS2Y_2018,-0.497918554,-0.02,Ecological Drift,1
HSC.24,HSCTRS6Y_2019,HSCTRS2Y_2018,-2.311185436,0.843,Environmental filtering,1
HSC.25,HSCTRS3Y_2018,HSCTRS2Y_2019,-1.481073183,-0.942,Ecological Drift,1
HSC.26,HSCTRS3Y_2019,HSCTRS2Y_2019,-2.242006099,-0.996,Environmental filtering,1
HSC.27,HSCTRS4Y_2018,HSCTRS2Y_2019,-0.873310037,0.853,Ecological Drift,1
HSC.28,HSCTRS4Y_2019,HSCTRS2Y_2019,-0.972533609,-0.452,Ecological Drift,1
HSC.29,HSCTRS5Y_2019,HSCTRS2Y_2019,0.113599768,-0.764,Ecological Drift,1
HSC.30,HSCTRS6Y_2019,HSCTRS2Y_2019,-1.565816577,-0.784,Ecological Drift,1
HSC.31,HSCTRS3Y_2019,HSCTRS3Y_2018,-3.284039051,-0.697,Environmental filtering,1
HSC.32,HSCTRS4Y_2018,HSCTRS3Y_2018,-1.764790795,1,Dispersal limitation,1
HSC.33,HSCTRS4Y_2019,HSCTRS3Y_2018,-1.391235043,-0.659,Ecological Drift,1
HSC.34,HSCTRS5Y_2019,HSCTRS3Y_2018,-0.492789206,0.642,Ecological Drift,1
HSC.35,HSCTRS6Y_2019,HSCTRS3Y_2018,-2.277456857,-0.128,Environmental filtering,1
HSC.36,HSCTRS4Y_2018,HSCTRS3Y_2019,-2.553815569,-0.624,Environmental filtering,1
HSC.37,HSCTRS4Y_2019,HSCTRS3Y_2019,-1.851862882,-1,Homogenizing dispersal,1
HSC.38,HSCTRS5Y_2019,HSCTRS3Y_2019,-1.392387755,-0.918,Ecological Drift,1
HSC.39,HSCTRS6Y_2019,HSCTRS3Y_2019,-2.901353648,-0.986,Environmental filtering,1
HSC.40,HSCTRS4Y_2019,HSCTRS4Y_2018,-1.009689396,-0.99,Homogenizing dispersal,1
HSC.41,HSCTRS5Y_2019,HSCTRS4Y_2018,-0.010680139,-0.088,Ecological Drift,1
HSC.42,HSCTRS6Y_2019,HSCTRS4Y_2018,-1.74427982,-0.432,Ecological Drift,1
HSC.43,HSCTRS5Y_2019,HSCTRS4Y_2019,-0.452246626,-1,Homogenizing dispersal,1
HSC.44,HSCTRS6Y_2019,HSCTRS4Y_2019,-1.517112406,-0.998,Homogenizing dispersal,1
HSC.45,HSCTRS6Y_2019,HSCTRS5Y_2019,-0.870043293,-0.994,Homogenizing dispersal,1
HTM.1,HTMTRS2Y_2019,HTMTRS1Y_2019,-0.415783531,-0.901,Ecological Drift,1
HTM.2,HTMTRS3Y_2019,HTMTRS1Y_2019,-0.66716617,-0.924,Ecological Drift,1
HTM.3,HTMTRS4Y_2019,HTMTRS1Y_2019,-0.204902589,-0.433,Ecological Drift,1
HTM.4,HTMTRS5Y_2019,HTMTRS1Y_2019,-0.602304517,-0.974,Homogenizing dispersal,1
HTM.5,HTMTRS6Y_2019,HTMTRS1Y_2019,-0.14975102,-0.654,Ecological Drift,1
HTM.6,HTMTRS3Y_2019,HTMTRS2Y_2019,-1.056581274,0.016,Ecological Drift,1
HTM.7,HTMTRS4Y_2019,HTMTRS2Y_2019,-0.411049651,0.708,Ecological Drift,1
HTM.8,HTMTRS5Y_2019,HTMTRS2Y_2019,-0.923666475,-0.446,Ecological Drift,1
HTM.9,HTMTRS6Y_2019,HTMTRS2Y_2019,-0.353416865,0.602,Ecological Drift,1
HTM.10,HTMTRS4Y_2019,HTMTRS3Y_2019,-0.964487388,0.157,Ecological Drift,1
HTM.11,HTMTRS5Y_2019,HTMTRS3Y_2019,-1.498437185,0.306,Ecological Drift,1
HTM.12,HTMTRS6Y_2019,HTMTRS3Y_2019,-1.2901144,0.943,Ecological Drift,1
HTM.13,HTMTRS5Y_2019,HTMTRS4Y_2019,-0.84479471,0.338,Ecological Drift,1
HTM.14,HTMTRS6Y_2019,HTMTRS4Y_2019,-0.552391619,0.976,Dispersal limitation,1
HTM.15,HTMTRS6Y_2019,HTMTRS5Y_2019,-1.119496563,-0.575,Ecological Drift,1
KNZ.1,KNZKNZ1_2Y_2020,KNZKNZ1_1Y_2020,-0.299477887,-1,Homogenizing dispersal,1
KNZ.2,KNZKNZ1_3Y_2020,KNZKNZ1_1Y_2020,-0.333193054,-1,Homogenizing dispersal,1
KNZ.3,KNZKNZ1_4Y_2020,KNZKNZ1_1Y_2020,-1.346763876,-0.922,Ecological Drift,1
KNZ.4,KNZKNZ2_1Y_2020,KNZKNZ1_1Y_2020,-0.908312233,-0.988,Homogenizing dispersal,1
KNZ.5,KNZKNZ2_2Y_2020,KNZKNZ1_1Y_2020,-0.609821941,-0.888,Ecological Drift,1
KNZ.6,KNZKNZ2_3Y_2020,KNZKNZ1_1Y_2020,-0.365824311,-0.998,Homogenizing dispersal,1
KNZ.7,KNZKNZ2_4Y_2020,KNZKNZ1_1Y_2020,-0.990818457,-0.77,Ecological Drift,1
KNZ.8,KNZKNZ3_1Y_2020,KNZKNZ1_1Y_2020,-1.221667643,-0.916,Ecological Drift,1
KNZ.9,KNZKNZ3_2Y_2020,KNZKNZ1_1Y_2020,-0.621274791,-0.87,Ecological Drift,1
KNZ.10,KNZKNZ3_3Y_2020,KNZKNZ1_1Y_2020,-1.051027764,-0.983,Homogenizing dispersal,1
KNZ.11,KNZKNZ3_4Y_2020,KNZKNZ1_1Y_2020,0.552220834,-0.814,Ecological Drift,1
KNZ.12,KNZKNZ1_3Y_2020,KNZKNZ1_2Y_2020,-0.569363245,-1,Homogenizing dispersal,1
KNZ.13,KNZKNZ1_4Y_2020,KNZKNZ1_2Y_2020,-1.62034631,-0.994,Homogenizing dispersal,1
KNZ.14,KNZKNZ2_1Y_2020,KNZKNZ1_2Y_2020,-1.042803261,-1,Homogenizing dispersal,1
KNZ.15,KNZKNZ2_2Y_2020,KNZKNZ1_2Y_2020,-1.019260365,-0.887,Ecological Drift,1
KNZ.16,KNZKNZ2_3Y_2020,KNZKNZ1_2Y_2020,-0.561690648,-0.998,Homogenizing dispersal,1
KNZ.17,KNZKNZ2_4Y_2020,KNZKNZ1_2Y_2020,-1.035516204,-1,Homogenizing dispersal,1
KNZ.18,KNZKNZ3_1Y_2020,KNZKNZ1_2Y_2020,-1.431530452,-0.992,Homogenizing dispersal,1
KNZ.19,KNZKNZ3_2Y_2020,KNZKNZ1_2Y_2020,-0.768131721,-0.981,Homogenizing dispersal,1
KNZ.20,KNZKNZ3_3Y_2020,KNZKNZ1_2Y_2020,-1.375790343,-1,Homogenizing dispersal,1
KNZ.21,KNZKNZ3_4Y_2020,KNZKNZ1_2Y_2020,0.18739124,-0.998,Homogenizing dispersal,1
KNZ.22,KNZKNZ1_4Y_2020,KNZKNZ1_3Y_2020,-1.551151946,-1,Homogenizing dispersal,1
KNZ.23,KNZKNZ2_1Y_2020,KNZKNZ1_3Y_2020,-1.071570034,-1,Homogenizing dispersal,1
KNZ.24,KNZKNZ2_2Y_2020,KNZKNZ1_3Y_2020,-0.898738972,-0.808,Ecological Drift,1
KNZ.25,KNZKNZ2_3Y_2020,KNZKNZ1_3Y_2020,-0.574321831,-0.994,Homogenizing dispersal,1
KNZ.26,KNZKNZ2_4Y_2020,KNZKNZ1_3Y_2020,-1.104606609,-0.96,Homogenizing dispersal,1
KNZ.27,KNZKNZ3_1Y_2020,KNZKNZ1_3Y_2020,-1.377949708,-0.998,Homogenizing dispersal,1
KNZ.28,KNZKNZ3_2Y_2020,KNZKNZ1_3Y_2020,-0.800710689,-0.952,Homogenizing dispersal,1
KNZ.29,KNZKNZ3_3Y_2020,KNZKNZ1_3Y_2020,-1.316821632,-0.954,Homogenizing dispersal,1
KNZ.30,KNZKNZ3_4Y_2020,KNZKNZ1_3Y_2020,0.276876682,-0.992,Homogenizing dispersal,1
KNZ.31,KNZKNZ2_1Y_2020,KNZKNZ1_4Y_2020,-2.067502069,-0.968,Environmental filtering,1
KNZ.32,KNZKNZ2_2Y_2020,KNZKNZ1_4Y_2020,-2.086481232,-0.531,Environmental filtering,1
KNZ.33,KNZKNZ2_3Y_2020,KNZKNZ1_4Y_2020,-1.643343976,-0.91,Ecological Drift,1
KNZ.34,KNZKNZ2_4Y_2020,KNZKNZ1_4Y_2020,-2.315548952,-0.331,Environmental filtering,1
KNZ.35,KNZKNZ3_1Y_2020,KNZKNZ1_4Y_2020,-2.620466054,0.205,Environmental filtering,1
KNZ.36,KNZKNZ3_2Y_2020,KNZKNZ1_4Y_2020,-1.93697149,-0.139,Ecological Drift,1
KNZ.37,KNZKNZ3_3Y_2020,KNZKNZ1_4Y_2020,-2.445988573,-0.952,Environmental filtering,1
KNZ.38,KNZKNZ3_4Y_2020,KNZKNZ1_4Y_2020,-0.70605973,-0.484,Ecological Drift,1
KNZ.39,KNZKNZ2_2Y_2020,KNZKNZ2_1Y_2020,-1.40020761,-0.998,Homogenizing dispersal,1
KNZ.40,KNZKNZ2_3Y_2020,KNZKNZ2_1Y_2020,-1.119355887,-0.999,Homogenizing dispersal,1
KNZ.41,KNZKNZ2_4Y_2020,KNZKNZ2_1Y_2020,-1.757659577,-0.564,Ecological Drift,1
KNZ.42,KNZKNZ3_1Y_2020,KNZKNZ2_1Y_2020,-1.895025824,-0.998,Homogenizing dispersal,1
KNZ.43,KNZKNZ3_2Y_2020,KNZKNZ2_1Y_2020,-1.346752458,-0.992,Homogenizing dispersal,1
KNZ.44,KNZKNZ3_3Y_2020,KNZKNZ2_1Y_2020,-1.768789537,-0.998,Homogenizing dispersal,1
KNZ.45,KNZKNZ3_4Y_2020,KNZKNZ2_1Y_2020,-0.285810764,-0.956,Homogenizing dispersal,1
KNZ.46,KNZKNZ2_3Y_2020,KNZKNZ2_2Y_2020,-0.861326344,-0.998,Homogenizing dispersal,1
KNZ.47,KNZKNZ2_4Y_2020,KNZKNZ2_2Y_2020,-1.510941399,-0.241,Ecological Drift,1
KNZ.48,KNZKNZ3_1Y_2020,KNZKNZ2_2Y_2020,-1.883035614,0.184,Ecological Drift,1
KNZ.49,KNZKNZ3_2Y_2020,KNZKNZ2_2Y_2020,-1.144505954,0.098,Ecological Drift,1
KNZ.50,KNZKNZ3_3Y_2020,KNZKNZ2_2Y_2020,-1.719642457,-0.967,Homogenizing dispersal,1
KNZ.51,KNZKNZ3_4Y_2020,KNZKNZ2_2Y_2020,0.017224089,-0.79,Ecological Drift,1
KNZ.52,KNZKNZ2_4Y_2020,KNZKNZ2_3Y_2020,-1.205558971,-0.994,Homogenizing dispersal,1
KNZ.53,KNZKNZ3_1Y_2020,KNZKNZ2_3Y_2020,-1.47109511,-0.953,Homogenizing dispersal,1
KNZ.54,KNZKNZ3_2Y_2020,KNZKNZ2_3Y_2020,-0.842842503,-0.989,Homogenizing dispersal,1
KNZ.55,KNZKNZ3_3Y_2020,KNZKNZ2_3Y_2020,-1.312854705,-0.998,Homogenizing dispersal,1
KNZ.56,KNZKNZ3_4Y_2020,KNZKNZ2_3Y_2020,0.341028044,-0.752,Ecological Drift,1
KNZ.57,KNZKNZ3_1Y_2020,KNZKNZ2_4Y_2020,-2.077161019,-0.785,Environmental filtering,1
KNZ.58,KNZKNZ3_2Y_2020,KNZKNZ2_4Y_2020,-1.475075878,-0.406,Ecological Drift,1
KNZ.59,KNZKNZ3_3Y_2020,KNZKNZ2_4Y_2020,-1.931061836,-0.833,Ecological Drift,1
KNZ.60,KNZKNZ3_4Y_2020,KNZKNZ2_4Y_2020,-0.194447997,-0.802,Ecological Drift,1
KNZ.61,KNZKNZ3_2Y_2020,KNZKNZ3_1Y_2020,-1.581220527,-1,Homogenizing dispersal,1
KNZ.62,KNZKNZ3_3Y_2020,KNZKNZ3_1Y_2020,-2.116543248,-1,Environmental filtering,1
KNZ.63,KNZKNZ3_4Y_2020,KNZKNZ3_1Y_2020,-0.567740446,-1,Homogenizing dispersal,1
KNZ.64,KNZKNZ3_3Y_2020,KNZKNZ3_2Y_2020,-1.502970257,-1,Homogenizing dispersal,1
KNZ.65,KNZKNZ3_4Y_2020,KNZKNZ3_2Y_2020,0.110779929,-1,Homogenizing dispersal,1
KNZ.66,KNZKNZ3_4Y_2020,KNZKNZ3_3Y_2020,-0.451395138,-1,Homogenizing dispersal,1
KWD.1,KWDTRS1Y_2019,KWDTRS1Y_2018,-2.230120426,-0.415,Environmental filtering,1
KWD.2,KWDTRS2Y_2018,KWDTRS1Y_2018,-1.46123321,-0.059,Ecological Drift,1
KWD.3,KWDTRS2Y_2019,KWDTRS1Y_2018,-1.9560682,-0.515,Ecological Drift,1
KWD.4,KWDTRS3Y_2018,KWDTRS1Y_2018,-1.025872567,-0.278,Ecological Drift,1
KWD.5,KWDTRS3Y_2019,KWDTRS1Y_2018,-1.105039621,-0.404,Ecological Drift,1
KWD.6,KWDTRS4Y_2018,KWDTRS1Y_2018,-1.489797474,0.603,Ecological Drift,1
KWD.7,KWDTRS4Y_2019,KWDTRS1Y_2018,-1.975063203,-0.452,Ecological Drift,1
KWD.8,KWDTRS5Y_2019,KWDTRS1Y_2018,-2.384880729,-0.703,Environmental filtering,1
KWD.9,KWDTRS6Y_2019,KWDTRS1Y_2018,-1.217397676,0.947,Ecological Drift,1
KWD.10,KWDTRS2Y_2018,KWDTRS1Y_2019,-1.638011098,0.209,Ecological Drift,1
KWD.11,KWDTRS2Y_2019,KWDTRS1Y_2019,-2.188838786,-0.209,Environmental filtering,1
KWD.12,KWDTRS3Y_2018,KWDTRS1Y_2019,-1.227834048,1,Dispersal limitation,1
KWD.13,KWDTRS3Y_2019,KWDTRS1Y_2019,-1.192248381,-0.916,Ecological Drift,1
KWD.14,KWDTRS4Y_2018,KWDTRS1Y_2019,-1.742138394,0.984,Dispersal limitation,1
KWD.15,KWDTRS4Y_2019,KWDTRS1Y_2019,-2.293555854,0.585,Environmental filtering,1
KWD.16,KWDTRS5Y_2019,KWDTRS1Y_2019,-2.855574512,-0.998,Environmental filtering,1
KWD.17,KWDTRS6Y_2019,KWDTRS1Y_2019,-1.165126828,0.938,Ecological Drift,1
KWD.18,KWDTRS2Y_2019,KWDTRS2Y_2018,-1.460372256,-0.701,Ecological Drift,1
KWD.19,KWDTRS3Y_2018,KWDTRS2Y_2018,-0.305984822,0.223,Ecological Drift,1
KWD.20,KWDTRS3Y_2019,KWDTRS2Y_2018,-0.50873364,-0.431,Ecological Drift,1
KWD.21,KWDTRS4Y_2018,KWDTRS2Y_2018,-0.901384639,0.227,Ecological Drift,1
KWD.22,KWDTRS4Y_2019,KWDTRS2Y_2018,-1.434126987,0.267,Ecological Drift,1
KWD.23,KWDTRS5Y_2019,KWDTRS2Y_2018,-2.143432522,0.055,Environmental filtering,1
KWD.24,KWDTRS6Y_2019,KWDTRS2Y_2018,-0.420667437,0.98,Dispersal limitation,1
KWD.25,KWDTRS3Y_2018,KWDTRS2Y_2019,-1.321997335,-0.011,Ecological Drift,1
KWD.26,KWDTRS3Y_2019,KWDTRS2Y_2019,-1.368648165,-1,Homogenizing dispersal,1
KWD.27,KWDTRS4Y_2018,KWDTRS2Y_2019,-1.738202243,-0.587,Ecological Drift,1
KWD.28,KWDTRS4Y_2019,KWDTRS2Y_2019,-2.092702437,-0.335,Environmental filtering,1
KWD.29,KWDTRS5Y_2019,KWDTRS2Y_2019,-2.688900534,-1,Environmental filtering,1
KWD.30,KWDTRS6Y_2019,KWDTRS2Y_2019,-1.108262794,0.925,Ecological Drift,1
KWD.31,KWDTRS3Y_2019,KWDTRS3Y_2018,-0.341273684,-0.044,Ecological Drift,1
KWD.32,KWDTRS4Y_2018,KWDTRS3Y_2018,-0.648904516,-0.845,Ecological Drift,1
KWD.33,KWDTRS4Y_2019,KWDTRS3Y_2018,-1.124244739,-0.202,Ecological Drift,1
KWD.34,KWDTRS5Y_2019,KWDTRS3Y_2018,-2.342627244,-0.861,Environmental filtering,1
KWD.35,KWDTRS6Y_2019,KWDTRS3Y_2018,0.249139306,0.923,Ecological Drift,1
KWD.36,KWDTRS4Y_2018,KWDTRS3Y_2019,-0.94365603,-0.111,Ecological Drift,1
KWD.37,KWDTRS4Y_2019,KWDTRS3Y_2019,-1.290132897,0.251,Ecological Drift,1
KWD.38,KWDTRS5Y_2019,KWDTRS3Y_2019,-2.257364734,-1,Environmental filtering,1
KWD.39,KWDTRS6Y_2019,KWDTRS3Y_2019,0.004019608,0.983,Dispersal limitation,1
KWD.40,KWDTRS4Y_2019,KWDTRS4Y_2018,-1.566977319,-0.677,Ecological Drift,1
KWD.41,KWDTRS5Y_2019,KWDTRS4Y_2018,-2.702488306,-0.844,Environmental filtering,1
KWD.42,KWDTRS6Y_2019,KWDTRS4Y_2018,-0.364073054,0.958,Dispersal limitation,1
KWD.43,KWDTRS5Y_2019,KWDTRS4Y_2019,-2.915633904,-0.615,Environmental filtering,1
KWD.44,KWDTRS6Y_2019,KWDTRS4Y_2019,-0.860935929,-1,Homogenizing dispersal,1
KWD.45,KWDTRS6Y_2019,KWDTRS5Y_2019,-1.623708958,0.907,Ecological Drift,1
MP.1,MPTRS2Y_2019,MPTRS1Y_2019,-2.858217139,-0.518,Environmental filtering,1
MP.2,MPTRS3Y_2019,MPTRS1Y_2019,-2.913532783,-0.804,Environmental filtering,1
MP.3,MPTRS4Y_2019,MPTRS1Y_2019,-3.109121546,-0.972,Environmental filtering,1
MP.4,MPTRS5Y_2019,MPTRS1Y_2019,-1.770106192,0.842,Ecological Drift,1
MP.5,MPTRS6Y_2019,MPTRS1Y_2019,-2.367008187,-0.552,Environmental filtering,1
MP.6,MPTRS3Y_2019,MPTRS2Y_2019,-2.39119873,-0.542,Environmental filtering,1
MP.7,MPTRS4Y_2019,MPTRS2Y_2019,-2.661503276,-0.793,Environmental filtering,1
MP.8,MPTRS5Y_2019,MPTRS2Y_2019,-1.310864485,-0.582,Ecological Drift,1
MP.9,MPTRS6Y_2019,MPTRS2Y_2019,-2.080349733,0.469,Environmental filtering,1
MP.10,MPTRS4Y_2019,MPTRS3Y_2019,-2.693388427,-0.954,Environmental filtering,1
MP.11,MPTRS5Y_2019,MPTRS3Y_2019,-1.153691367,0.919,Ecological Drift,1
MP.12,MPTRS6Y_2019,MPTRS3Y_2019,-1.898299852,-0.722,Ecological Drift,1
MP.13,MPTRS5Y_2019,MPTRS4Y_2019,-1.443440295,0.976,Dispersal limitation,1
MP.14,MPTRS6Y_2019,MPTRS4Y_2019,-2.20850146,-0.556,Environmental filtering,1
MP.15,MPTRS6Y_2019,MPTRS5Y_2019,-0.807603197,0.873,Ecological Drift,1
PC.1,PCTRS1Y_2019,PCTRS1Y_2018,-1.736760301,0.988,Dispersal limitation,1
PC.2,PCTRS2Y_2018,PCTRS1Y_2018,-0.414222188,-1,Homogenizing dispersal,1
PC.3,PCTRS2Y_2019,PCTRS1Y_2018,-2.930359086,0.946,Environmental filtering,1
PC.4,PCTRS3Y_2018,PCTRS1Y_2018,0.212392446,-0.931,Ecological Drift,1
PC.5,PCTRS3Y_2019,PCTRS1Y_2018,-2.04758798,0.996,Environmental filtering,1
PC.6,PCTRS4Y_2018,PCTRS1Y_2018,-0.915002721,-1,Homogenizing dispersal,1
PC.7,PCTRS4Y_2019,PCTRS1Y_2018,-1.956994855,0.254,Ecological Drift,1
PC.8,PCTRS5Y_2019,PCTRS1Y_2018,-2.397851865,0.558,Environmental filtering,1
PC.9,PCTRS6Y_2019,PCTRS1Y_2018,-1.842072866,0.998,Dispersal limitation,1
PC.10,PCTRS2Y_2018,PCTRS1Y_2019,-1.502237063,0.98,Dispersal limitation,1
PC.11,PCTRS2Y_2019,PCTRS1Y_2019,-3.706531681,-1,Environmental filtering,1
PC.12,PCTRS3Y_2018,PCTRS1Y_2019,-1.049919804,1,Dispersal limitation,1
PC.13,PCTRS3Y_2019,PCTRS1Y_2019,-2.954616312,-1,Environmental filtering,1
PC.14,PCTRS4Y_2018,PCTRS1Y_2019,-1.722949685,0.982,Dispersal limitation,1
PC.15,PCTRS4Y_2019,PCTRS1Y_2019,-2.437534257,-1,Environmental filtering,1
PC.16,PCTRS5Y_2019,PCTRS1Y_2019,-2.692469119,-1,Environmental filtering,1
PC.17,PCTRS6Y_2019,PCTRS1Y_2019,-3.236754078,-0.99,Environmental filtering,1
PC.18,PCTRS2Y_2019,PCTRS2Y_2018,-2.755785169,1,Environmental filtering,1
PC.19,PCTRS3Y_2018,PCTRS2Y_2018,0.869093435,-0.566,Ecological Drift,1
PC.20,PCTRS3Y_2019,PCTRS2Y_2018,-1.884884834,1,Dispersal limitation,1
PC.21,PCTRS4Y_2018,PCTRS2Y_2018,-0.377011443,-1,Homogenizing dispersal,1
PC.22,PCTRS4Y_2019,PCTRS2Y_2018,-1.475319399,0.823,Ecological Drift,1
PC.23,PCTRS5Y_2019,PCTRS2Y_2018,-1.820607143,0.964,Dispersal limitation,1
PC.24,PCTRS6Y_2019,PCTRS2Y_2018,-1.616150359,1,Dispersal limitation,1
PC.25,PCTRS3Y_2018,PCTRS2Y_2019,-2.258385015,1,Environmental filtering,1
PC.26,PCTRS3Y_2019,PCTRS2Y_2019,-3.799434615,-1,Environmental filtering,1
PC.27,PCTRS4Y_2018,PCTRS2Y_2019,-2.822166761,0.997,Environmental filtering,1
PC.28,PCTRS4Y_2019,PCTRS2Y_2019,-3.405217523,-1,Environmental filtering,1
PC.29,PCTRS5Y_2019,PCTRS2Y_2019,-3.762721858,-1,Environmental filtering,1
PC.30,PCTRS6Y_2019,PCTRS2Y_2019,-4.260609374,-0.777,Environmental filtering,1
PC.31,PCTRS3Y_2019,PCTRS3Y_2018,-1.371867748,1,Dispersal limitation,1
PC.32,PCTRS4Y_2018,PCTRS3Y_2018,0.240819839,-0.533,Ecological Drift,1
PC.33,PCTRS4Y_2019,PCTRS3Y_2018,-0.902392831,1,Dispersal limitation,1
PC.34,PCTRS5Y_2019,PCTRS3Y_2018,-1.132765805,1,Dispersal limitation,1
PC.35,PCTRS6Y_2019,PCTRS3Y_2018,-1.147686514,1,Dispersal limitation,1
PC.36,PCTRS4Y_2018,PCTRS3Y_2019,-2.00493347,0.986,Environmental filtering,1
PC.37,PCTRS4Y_2019,PCTRS3Y_2019,-2.67344147,-0.996,Environmental filtering,1
PC.38,PCTRS5Y_2019,PCTRS3Y_2019,-2.878731247,-1,Environmental filtering,1
PC.39,PCTRS6Y_2019,PCTRS3Y_2019,-3.430896374,-0.964,Environmental filtering,1
PC.40,PCTRS4Y_2019,PCTRS4Y_2018,-1.881573071,0.369,Ecological Drift,1
PC.41,PCTRS5Y_2019,PCTRS4Y_2018,-2.238019202,0.09,Environmental filtering,1
PC.42,PCTRS6Y_2019,PCTRS4Y_2018,-1.803031567,0.998,Dispersal limitation,1
PC.43,PCTRS5Y_2019,PCTRS4Y_2019,-2.816074427,-1,Environmental filtering,1
PC.44,PCTRS6Y_2019,PCTRS4Y_2019,-2.633757817,-0.931,Environmental filtering,1
PC.45,PCTRS6Y_2019,PCTRS5Y_2019,-2.822493636,-1,Environmental filtering,1
RR.1,RRTRS2Y_2019,RRTRS1Y_2019,0.043690304,-0.118,Ecological Drift,1
RR.2,RRTRS3Y_2019,RRTRS1Y_2019,-1.268466805,0.843,Ecological Drift,1
RR.3,RRTRS4Y_2019,RRTRS1Y_2019,-0.257106014,0.865,Ecological Drift,1
RR.4,RRTRS5Y_2019,RRTRS1Y_2019,-1.184267566,-0.976,Homogenizing dispersal,1
RR.5,RRTRS6Y_2019,RRTRS1Y_2019,-1.57291946,0.79,Ecological Drift,1
RR.6,RRTRS3Y_2019,RRTRS2Y_2019,-0.327554396,0.751,Ecological Drift,1
RR.7,RRTRS4Y_2019,RRTRS2Y_2019,0.672219603,0.809,Ecological Drift,1
RR.8,RRTRS5Y_2019,RRTRS2Y_2019,-0.446066403,-0.803,Ecological Drift,1
RR.9,RRTRS6Y_2019,RRTRS2Y_2019,-0.618444651,0.708,Ecological Drift,1
RR.10,RRTRS4Y_2019,RRTRS3Y_2019,-0.715925055,0.221,Ecological Drift,1
RR.11,RRTRS5Y_2019,RRTRS3Y_2019,-1.490848061,0.04,Ecological Drift,1
RR.12,RRTRS6Y_2019,RRTRS3Y_2019,-1.947638456,-0.559,Ecological Drift,1
RR.13,RRTRS5Y_2019,RRTRS4Y_2019,-0.555478982,-0.618,Ecological Drift,1
RR.14,RRTRS6Y_2019,RRTRS4Y_2019,-0.924373783,-0.624,Ecological Drift,1
RR.15,RRTRS6Y_2019,RRTRS5Y_2019,-1.723518885,-0.782,Ecological Drift,1
SP.1,SPTRS1Y_2019,SPTRS1Y_2018,-2.741590373,0.979,Environmental filtering,1
SP.2,SPTRS2Y_2018,SPTRS1Y_2018,-0.335199065,0.093,Ecological Drift,1
SP.3,SPTRS2Y_2019,SPTRS1Y_2018,-3.160581344,0.859,Environmental filtering,1
SP.4,SPTRS3Y_2018,SPTRS1Y_2018,-2.620758068,1,Environmental filtering,1
SP.5,SPTRS3Y_2019,SPTRS1Y_2018,-2.322994311,0.308,Environmental filtering,1
SP.6,SPTRS4Y_2018,SPTRS1Y_2018,-1.267935692,0.931,Ecological Drift,1
SP.7,SPTRS4Y_2019,SPTRS1Y_2018,-2.001242999,-0.285,Environmental filtering,1
SP.8,SPTRS5Y_2019,SPTRS1Y_2018,-2.687973227,1,Environmental filtering,1
SP.9,SPTRS6Y_2019,SPTRS1Y_2018,-2.78989516,-0.161,Environmental filtering,1
SP.10,SPTRS2Y_2018,SPTRS1Y_2019,-0.821235569,-0.168,Ecological Drift,1
SP.11,SPTRS2Y_2019,SPTRS1Y_2019,-3.281451305,-0.999,Environmental filtering,1
SP.12,SPTRS3Y_2018,SPTRS1Y_2019,-2.533562746,0.421,Environmental filtering,1
SP.13,SPTRS3Y_2019,SPTRS1Y_2019,-2.477859764,-0.994,Environmental filtering,1
SP.14,SPTRS4Y_2018,SPTRS1Y_2019,-1.560832459,-0.99,Homogenizing dispersal,1
SP.15,SPTRS4Y_2019,SPTRS1Y_2019,-2.288271587,-0.976,Environmental filtering,1
SP.16,SPTRS5Y_2019,SPTRS1Y_2019,-2.741314255,-0.95,Environmental filtering,1
SP.17,SPTRS6Y_2019,SPTRS1Y_2019,-2.822159981,-0.994,Environmental filtering,1
SP.18,SPTRS2Y_2019,SPTRS2Y_2018,-1.277703192,0.445,Ecological Drift,1
SP.19,SPTRS3Y_2018,SPTRS2Y_2018,-0.260901358,0.306,Ecological Drift,1
SP.20,SPTRS3Y_2019,SPTRS2Y_2018,-0.540056151,-0.992,Homogenizing dispersal,1
SP.21,SPTRS4Y_2018,SPTRS2Y_2018,0.68110243,-0.025,Ecological Drift,1
SP.22,SPTRS4Y_2019,SPTRS2Y_2018,-0.236313654,-0.886,Ecological Drift,1
SP.23,SPTRS5Y_2019,SPTRS2Y_2018,-0.699194906,0.994,Dispersal limitation,1
SP.24,SPTRS6Y_2019,SPTRS2Y_2018,-1.004582782,-0.683,Ecological Drift,1
SP.25,SPTRS3Y_2018,SPTRS2Y_2019,-2.835514235,0.082,Environmental filtering,1
SP.26,SPTRS3Y_2019,SPTRS2Y_2019,-3.051245474,-0.645,Environmental filtering,1
SP.27,SPTRS4Y_2018,SPTRS2Y_2019,-2.032305273,-0.956,Environmental filtering,1
SP.28,SPTRS4Y_2019,SPTRS2Y_2019,-2.687334755,-1,Environmental filtering,1
SP.29,SPTRS5Y_2019,SPTRS2Y_2019,-3.086668459,-1,Environmental filtering,1
SP.30,SPTRS6Y_2019,SPTRS2Y_2019,-3.144891543,-1,Environmental filtering,1
SP.31,SPTRS3Y_2019,SPTRS3Y_2018,-2.113891489,-0.915,Environmental filtering,1
SP.32,SPTRS4Y_2018,SPTRS3Y_2018,-1.157788573,-0.655,Ecological Drift,1
SP.33,SPTRS4Y_2019,SPTRS3Y_2018,-1.82134571,-0.585,Ecological Drift,1
SP.34,SPTRS5Y_2019,SPTRS3Y_2018,-2.399280626,0.497,Environmental filtering,1
SP.35,SPTRS6Y_2019,SPTRS3Y_2018,-2.617161974,-0.922,Environmental filtering,1
SP.36,SPTRS4Y_2018,SPTRS3Y_2019,-1.252784055,-0.948,Ecological Drift,1
SP.37,SPTRS4Y_2019,SPTRS3Y_2019,-1.920646515,-1,Homogenizing dispersal,1
SP.38,SPTRS5Y_2019,SPTRS3Y_2019,-2.477189179,-0.022,Environmental filtering,1
SP.39,SPTRS6Y_2019,SPTRS3Y_2019,-2.456802544,-1,Environmental filtering,1
SP.40,SPTRS4Y_2019,SPTRS4Y_2018,-0.914482364,-0.991,Homogenizing dispersal,1
SP.41,SPTRS5Y_2019,SPTRS4Y_2018,-1.401631933,-0.466,Ecological Drift,1
SP.42,SPTRS6Y_2019,SPTRS4Y_2018,-1.677514635,-1,Homogenizing dispersal,1
SP.43,SPTRS5Y_2019,SPTRS4Y_2019,-2.125624417,-0.998,Environmental filtering,1
SP.44,SPTRS6Y_2019,SPTRS4Y_2019,-2.262046476,-1,Environmental filtering,1
SP.45,SPTRS6Y_2019,SPTRS5Y_2019,-2.725734782,-0.955,Environmental filtering,1