Sample,RemoveExtra,RemoveExtra_KNZ,Order,X2Year,SCCSCorn,Year,YearMAP1,YearMAP2,Tissue,Host,Code,Location,Region,Rainfall,Latitude,Longitude,Ecoregion,Type,Additional,Description,pH,Clay,Sand,Silt,Organic_perc,CaCO3,Water_cap,Water_storage,Order.1,MAP.station.clim,MAP1.clim,MAP2.clim,RegionMAP,Region_MAP2,Region_MAP_Interval,Region_MAP_Interval2,Region_MAP_Interval3,Categorical_MAP
OTU_ID,,,,,,,,,,,,,,,,,,,,,,,,,,,,,,,,,,,,,,
HPC1401,Yes,Yes,104,No,No,Y_2019,NA,1052.2,Root,SCSC,HTM,Hole-in-the Mountain Prairie,West,629,44.14408,-96.17912,Northern Tallgrass Prairie,Dry Hill Prairie ,"Mesic Prairie (Southern)

Prairie Meadow/Carr

Wet Prairie (Southern)","Vienna-Brookings complex, 1 to 6 percent slopes",6.5,25.8,7,67.2,2.79,0,0.22,5.31,103,Pipestone,618.7,581.4,636.7,636.7,612.6,612.6,612.6,Low MAP
HPC1403,Yes,Yes,105,No,No,Y_2019,NA,1052.2,Root,SCSC,HTM,Hole-in-the Mountain Prairie,West,629,44.14408,-96.17912,Northern Tallgrass Prairie,Dry Hill Prairie ,"Mesic Prairie (Southern)

Prairie Meadow/Carr

Wet Prairie (Southern)","Vienna-Brookings complex, 1 to 6 percent slopes",6.5,25.8,7,67.2,2.79,0,0.22,5.31,104,Pipestone,618.7,581.4,636.7,636.7,612.6,612.6,612.6,Low MAP
HPC1406,Yes,Yes,106,No,No,Y_2019,NA,1052.2,Root,SCSC,HTM,Hole-in-the Mountain Prairie,West,629,44.144083,-96.179124,Northern Tallgrass Prairie,Dry Hill Prairie ,"Mesic Prairie (Southern)

Prairie Meadow/Carr

Wet Prairie (Southern)","Vienna-Brookings complex, 1 to 6 percent slopes",6.5,25.8,7,67.2,2.79,0,0.22,5.31,105,Pipestone,618.7,581.4,636.7,636.7,612.6,612.6,612.6,Low MAP
HPC1408,Yes,Yes,107,No,No,Y_2019,NA,1052.2,Root,SCSC,HTM,Hole-in-the Mountain Prairie,West,629,44.1440832,-96.1791221,Northern Tallgrass Prairie,Dry Hill Prairie ,"Mesic Prairie (Southern)

Prairie Meadow/Carr

Wet Prairie (Southern)","Vienna-Brookings complex, 1 to 6 percent slopes",6.5,25.8,7,67.2,2.79,0,0.22,5.31,106,Pipestone,618.7,581.4,636.7,636.7,612.6,612.6,612.6,Low MAP
HPC1409,Yes,Yes,108,No,No,Y_2019,NA,1052.2,Root,SCSC,HTM,Hole-in-the Mountain Prairie,West,629,44.1440822,-96.1791224,Northern Tallgrass Prairie,Dry Hill Prairie ,"Mesic Prairie (Southern)

Prairie Meadow/Carr

Wet Prairie (Southern)","Vienna-Brookings complex, 1 to 6 percent slopes",6.5,25.8,7,67.2,2.79,0,0.22,5.31,107,Pipestone,618.7,581.4,636.7,636.7,612.6,612.6,612.6,Low MAP
HPC1410,Yes,Yes,109,No,No,Y_2019,NA,1052.2,Root,SCSC,HTM,Hole-in-the Mountain Prairie,West,629,44.1440825,-96.179123,Northern Tallgrass Prairie,Dry Hill Prairie ,"Mesic Prairie (Southern)

Prairie Meadow/Carr

Wet Prairie (Southern)","Vienna-Brookings complex, 1 to 6 percent slopes",6.5,25.8,7,67.2,2.79,0,0.22,5.31,108,Pipestone,618.7,581.4,636.7,636.7,612.6,612.6,612.6,Low MAP
HPC1412,Yes,Yes,110,No,No,Y_2019,NA,1052.2,Root,SCSC,HTM,Hole-in-the Mountain Prairie,West,629,44.144028,-96.179126,Northern Tallgrass Prairie,Dry Hill Prairie ,"Mesic Prairie (Southern)

Prairie Meadow/Carr

Wet Prairie (Southern)","Vienna-Brookings complex, 1 to 6 percent slopes",6.5,25.8,7,67.2,2.79,0,0.22,5.31,109,Pipestone,618.7,581.4,636.7,636.7,612.6,612.6,612.6,Low MAP
HPC1413,Yes,Yes,111,No,No,Y_2019,NA,1052.2,Root,SCSC,HTM,Hole-in-the Mountain Prairie,West,629,44.144084,-96.179124,Northern Tallgrass Prairie,Dry Hill Prairie ,"Mesic Prairie (Southern)

Prairie Meadow/Carr

Wet Prairie (Southern)","Vienna-Brookings complex, 1 to 6 percent slopes",6.5,25.8,7,67.2,2.79,0,0.22,5.31,110,Pipestone,618.7,581.4,636.7,636.7,612.6,612.6,612.6,Low MAP
HPC1414,Yes,Yes,112,No,No,Y_2019,NA,1052.2,Root,SCSC,HTM,Hole-in-the Mountain Prairie,West,629,44.144084,-96.179124,Northern Tallgrass Prairie,Dry Hill Prairie ,"Mesic Prairie (Southern)

Prairie Meadow/Carr

Wet Prairie (Southern)","Vienna-Brookings complex, 1 to 6 percent slopes",6.5,25.8,7,67.2,2.79,0,0.22,5.31,111,Pipestone,618.7,581.4,636.7,636.7,612.6,612.6,612.6,Low MAP
HPC1415,Yes,Yes,113,No,No,Y_2019,NA,1052.2,Root,SCSC,HTM,Hole-in-the Mountain Prairie,West,629,44.144082,-96.17912,Northern Tallgrass Prairie,Dry Hill Prairie ,"Mesic Prairie (Southern)

Prairie Meadow/Carr

Wet Prairie (Southern)","Vienna-Brookings complex, 1 to 6 percent slopes",6.5,25.8,7,67.2,2.79,0,0.22,5.31,112,Pipestone,618.7,581.4,636.7,636.7,612.6,612.6,612.6,Low MAP
HPC1416,Yes,Yes,114,No,No,Y_2019,NA,1052.2,Root,SCSC,HTM,Hole-in-the Mountain Prairie,West,629,44.144082,-96.1791234,Northern Tallgrass Prairie,Dry Hill Prairie ,"Mesic Prairie (Southern)

Prairie Meadow/Carr

Wet Prairie (Southern)","Vienna-Brookings complex, 1 to 6 percent slopes",6.5,25.8,7,67.2,2.79,0,0.22,5.31,113,Pipestone,618.7,581.4,636.7,636.7,612.6,612.6,612.6,Low MAP
HPC1417,Yes,Yes,115,No,No,Y_2019,NA,1052.2,Root,SCSC,HTM,Hole-in-the Mountain Prairie,West,629,44.14408,-96.17912,Northern Tallgrass Prairie,Dry Hill Prairie ,"Mesic Prairie (Southern)

Prairie Meadow/Carr

Wet Prairie (Southern)","Vienna-Brookings complex, 1 to 6 percent slopes",6.5,25.8,7,67.2,2.79,0,0.22,5.31,114,Pipestone,618.7,581.4,636.7,636.7,612.6,612.6,612.6,Low MAP
HPC1418,Yes,Yes,116,No,No,Y_2019,NA,1052.2,Root,SCSC,HTM,Hole-in-the Mountain Prairie,West,629,44.14408,-96.17912,Northern Tallgrass Prairie,Dry Hill Prairie ,"Mesic Prairie (Southern)

Prairie Meadow/Carr

Wet Prairie (Southern)","Vienna-Brookings complex, 1 to 6 percent slopes",6.5,25.8,7,67.2,2.79,0,0.22,5.31,115,Pipestone,618.7,581.4,636.7,636.7,612.6,612.6,612.6,Low MAP
HPC1419,Yes,Yes,117,No,No,Y_2019,NA,1052.2,Root,SCSC,HTM,Hole-in-the Mountain Prairie,West,629,44.144086,-96.17912,Northern Tallgrass Prairie,Dry Hill Prairie ,"Mesic Prairie (Southern)

Prairie Meadow/Carr

Wet Prairie (Southern)","Vienna-Brookings complex, 1 to 6 percent slopes",6.5,25.8,7,67.2,2.79,0,0.22,5.31,116,Pipestone,618.7,581.4,636.7,636.7,612.6,612.6,612.6,Low MAP
HPC1420,Yes,Yes,118,No,No,Y_2019,NA,1052.2,Root,SCSC,HTM,Hole-in-the Mountain Prairie,West,629,44.144086,-96.1791256,Northern Tallgrass Prairie,Dry Hill Prairie ,"Mesic Prairie (Southern)

Prairie Meadow/Carr

Wet Prairie (Southern)","Vienna-Brookings complex, 1 to 6 percent slopes",6.5,25.8,7,67.2,2.79,0,0.22,5.31,117,Pipestone,618.7,581.4,636.7,636.7,612.6,612.6,612.6,Low MAP
HPC1421,Yes,Yes,119,No,No,Y_2019,NA,1052.2,Root,SCSC,HTM,Hole-in-the Mountain Prairie,West,629,44.14408,-96.1791269,Northern Tallgrass Prairie,Dry Hill Prairie ,"Mesic Prairie (Southern)

Prairie Meadow/Carr

Wet Prairie (Southern)","Vienna-Brookings complex, 1 to 6 percent slopes",6.5,25.8,7,67.2,2.79,0,0.22,5.31,118,Pipestone,618.7,581.4,636.7,636.7,612.6,612.6,612.6,Low MAP
HPC1422,Yes,Yes,120,No,No,Y_2019,NA,1052.2,Root,SCSC,HTM,Hole-in-the Mountain Prairie,West,629,44.14408,-96.1791227,Northern Tallgrass Prairie,Dry Hill Prairie ,"Mesic Prairie (Southern)

Prairie Meadow/Carr

Wet Prairie (Southern)","Vienna-Brookings complex, 1 to 6 percent slopes",6.5,25.8,7,67.2,2.79,0,0.22,5.31,119,Pipestone,618.7,581.4,636.7,636.7,612.6,612.6,612.6,Low MAP
HPC1423,Yes,Yes,121,No,No,Y_2019,NA,1052.2,Root,SCSC,HTM,Hole-in-the Mountain Prairie,West,629,44.1440836,-96.17912,Northern Tallgrass Prairie,Dry Hill Prairie ,"Mesic Prairie (Southern)

Prairie Meadow/Carr

Wet Prairie (Southern)","Vienna-Brookings complex, 1 to 6 percent slopes",6.5,25.8,7,67.2,2.79,0,0.22,5.31,120,Pipestone,618.7,581.4,636.7,636.7,612.6,612.6,612.6,Low MAP
HPC1425,Yes,Yes,122,No,No,Y_2019,NA,1052.2,Root,SCSC,HTM,Hole-in-the Mountain Prairie,West,629,44.1440825,-96.1791234,Northern Tallgrass Prairie,Dry Hill Prairie ,"Mesic Prairie (Southern)

Prairie Meadow/Carr

Wet Prairie (Southern)","Vienna-Brookings complex, 1 to 6 percent slopes",6.5,25.8,7,67.2,2.79,0,0.22,5.31,121,Pipestone,618.7,581.4,636.7,636.7,612.6,612.6,612.6,Low MAP
HPC1426,Yes,Yes,123,No,No,Y_2019,NA,1052.2,Root,SCSC,HTM,Hole-in-the Mountain Prairie,West,629,44.144082,-96.17912,Northern Tallgrass Prairie,Dry Hill Prairie ,"Mesic Prairie (Southern)

Prairie Meadow/Carr

Wet Prairie (Southern)","Vienna-Brookings complex, 1 to 6 percent slopes",6.5,25.8,7,67.2,2.79,0,0.22,5.31,122,Pipestone,618.7,581.4,636.7,636.7,612.6,612.6,612.6,Low MAP
HPC1428,Yes,Yes,124,No,No,Y_2019,NA,1052.2,Root,SCSC,HTM,Hole-in-the Mountain Prairie,West,629,44.14408,-96.17912,Northern Tallgrass Prairie,Dry Hill Prairie ,"Mesic Prairie (Southern)

Prairie Meadow/Carr

Wet Prairie (Southern)","Vienna-Brookings complex, 1 to 6 percent slopes",6.5,25.8,7,67.2,2.79,0,0.22,5.31,123,Pipestone,618.7,581.4,636.7,636.7,612.6,612.6,612.6,Low MAP
HPC1429,Yes,Yes,125,No,No,Y_2019,NA,1052.2,Root,SCSC,HTM,Hole-in-the Mountain Prairie,West,629,44.1440836,-96.17912,Northern Tallgrass Prairie,Dry Hill Prairie ,"Mesic Prairie (Southern)

Prairie Meadow/Carr

Wet Prairie (Southern)","Vienna-Brookings complex, 1 to 6 percent slopes",6.5,25.8,7,67.2,2.79,0,0.22,5.31,124,Pipestone,618.7,581.4,636.7,636.7,612.6,612.6,612.6,Low MAP
HPC1430,Yes,Yes,126,No,No,Y_2019,NA,1052.2,Root,SCSC,HTM,Hole-in-the Mountain Prairie,West,629,44.1440825,-96.1791256,Northern Tallgrass Prairie,Dry Hill Prairie ,"Mesic Prairie (Southern)

Prairie Meadow/Carr

Wet Prairie (Southern)","Vienna-Brookings complex, 1 to 6 percent slopes",6.5,25.8,7,67.2,2.79,0,0.22,5.31,125,Pipestone,618.7,581.4,636.7,636.7,612.6,612.6,612.6,Low MAP
HPC1433,Yes,Yes,127,No,No,Y_2019,NA,1075,Root,SCSC,DMR,Des Moines River Prairie,Central,704,43.47572,-95.4505,Northern Tallgrass Prairie,Dry Hill Prairie ,Dry Hill Prairie ,"Terril loam, 2 to 6 percent slopes",6.2,21,46,33,3.42,0,0.21,4.87,126,Windom,683.8,710.1,679.2,679.2,679.2,679.2,679.2,Mid MAP
HPC1434,Yes,Yes,128,No,No,Y_2019,NA,1075,Root,SCSC,DMR,Des Moines River Prairie,Central,704,43.47572,-95.4505,Northern Tallgrass Prairie,Dry Hill Prairie ,Dry Hill Prairie ,"Terril loam, 2 to 6 percent slopes",6.2,21,46,33,3.42,0,0.21,4.87,127,Windom,683.8,710.1,679.2,679.2,679.2,679.2,679.2,Mid MAP
HPC1436,Yes,Yes,129,No,No,Y_2019,NA,1075,Root,SCSC,DMR,Des Moines River Prairie,Central,704,43.47572,-95.4505,Northern Tallgrass Prairie,Dry Hill Prairie ,Dry Hill Prairie ,"Terril loam, 2 to 6 percent slopes",6.2,21,46,33,3.42,0,0.21,4.87,128,Windom,683.8,710.1,679.2,679.2,679.2,679.2,679.2,Mid MAP
HPC1437,Yes,Yes,130,No,No,Y_2019,NA,1075,Root,SCSC,DMR,Des Moines River Prairie,Central,704,43.47572,-95.4505,Northern Tallgrass Prairie,Dry Hill Prairie ,Dry Hill Prairie ,"Terril loam, 2 to 6 percent slopes",6.2,21,46,33,3.42,0,0.21,4.87,129,Windom,683.8,710.1,679.2,679.2,679.2,679.2,679.2,Mid MAP
HPC1438,Yes,Yes,131,No,No,Y_2019,NA,1075,Root,SCSC,DMR,Des Moines River Prairie,Central,704,43.47572,-95.450545,Northern Tallgrass Prairie,Dry Hill Prairie ,Dry Hill Prairie ,"Terril loam, 2 to 6 percent slopes",6.2,21,46,33,3.42,0,0.21,4.87,130,Windom,683.8,710.1,679.2,679.2,679.2,679.2,679.2,Mid MAP
HPC1440,Yes,Yes,132,No,No,Y_2019,NA,1075,Root,SCSC,DMR,Des Moines River Prairie,Central,704,43.47572,-95.450542,Northern Tallgrass Prairie,Dry Hill Prairie ,Dry Hill Prairie ,"Terril loam, 2 to 6 percent slopes",6.2,21,46,33,3.42,0,0.21,4.87,131,Windom,683.8,710.1,679.2,679.2,679.2,679.2,679.2,Mid MAP
HPC1441,Yes,Yes,133,No,No,Y_2019,NA,1075,Root,SCSC,DMR,Des Moines River Prairie,Central,704,43.47572,-95.450545,Northern Tallgrass Prairie,Dry Hill Prairie ,Dry Hill Prairie ,"Terril loam, 2 to 6 percent slopes",6.2,21,46,33,3.42,0,0.21,4.87,132,Windom,683.8,710.1,679.2,679.2,679.2,679.2,679.2,Mid MAP
HPC1442,Yes,Yes,134,No,No,Y_2019,NA,1075,Root,SCSC,DMR,Des Moines River Prairie,Central,704,43.475742,-95.4505,Northern Tallgrass Prairie,Dry Hill Prairie ,Dry Hill Prairie ,"Terril loam, 2 to 6 percent slopes",6.2,21,46,33,3.42,0,0.21,4.87,133,Windom,683.8,710.1,679.2,679.2,679.2,679.2,679.2,Mid MAP
HPC1443,Yes,Yes,135,No,No,Y_2019,NA,1075,Root,SCSC,DMR,Des Moines River Prairie,Central,704,43.47572,-95.4505,Northern Tallgrass Prairie,Dry Hill Prairie ,Dry Hill Prairie ,"Terril loam, 2 to 6 percent slopes",6.2,21,46,33,3.42,0,0.21,4.87,134,Windom,683.8,710.1,679.2,679.2,679.2,679.2,679.2,Mid MAP
HPC1444,Yes,Yes,136,No,No,Y_2019,NA,1075,Root,SCSC,DMR,Des Moines River Prairie,Central,704,43.47572,-95.4505,Northern Tallgrass Prairie,Dry Hill Prairie ,Dry Hill Prairie ,"Terril loam, 2 to 6 percent slopes",6.2,21,46,33,3.42,0,0.21,4.87,135,Windom,683.8,710.1,679.2,679.2,679.2,679.2,679.2,Mid MAP
HPC1446,Yes,Yes,137,No,No,Y_2019,NA,1075,Root,SCSC,DMR,Des Moines River Prairie,Central,704,43.475742,-95.4505,Northern Tallgrass Prairie,Dry Hill Prairie ,Dry Hill Prairie ,"Terril loam, 2 to 6 percent slopes",6.2,21,46,33,3.42,0,0.21,4.87,136,Windom,683.8,710.1,679.2,679.2,679.2,679.2,679.2,Mid MAP
HPC1447,Yes,Yes,138,No,No,Y_2019,NA,1075,Root,SCSC,DMR,Des Moines River Prairie,Central,704,43.47572,-95.4505,Northern Tallgrass Prairie,Dry Hill Prairie ,Dry Hill Prairie ,"Terril loam, 2 to 6 percent slopes",6.2,21,46,33,3.42,0,0.21,4.87,137,Windom,683.8,710.1,679.2,679.2,679.2,679.2,679.2,Mid MAP
HPC1448,Yes,Yes,139,No,No,Y_2019,NA,1075,Root,SCSC,DMR,Des Moines River Prairie,Central,704,43.47572,-95.4505,Northern Tallgrass Prairie,Dry Hill Prairie ,Dry Hill Prairie ,"Terril loam, 2 to 6 percent slopes",6.2,21,46,33,3.42,0,0.21,4.87,138,Windom,683.8,710.1,679.2,679.2,679.2,679.2,679.2,Mid MAP
HPC1449,Yes,Yes,140,No,No,Y_2019,NA,1075,Root,SCSC,DMR,Des Moines River Prairie,Central,704,43.475742,-95.4505,Northern Tallgrass Prairie,Dry Hill Prairie ,Dry Hill Prairie ,"Terril loam, 2 to 6 percent slopes",6.2,21,46,33,3.42,0,0.21,4.87,139,Windom,683.8,710.1,679.2,679.2,679.2,679.2,679.2,Mid MAP
HPC1452,Yes,Yes,141,No,No,Y_2019,NA,1075,Root,SCSC,DMR,Des Moines River Prairie,Central,704,43.47572,-95.4505,Northern Tallgrass Prairie,Dry Hill Prairie ,Dry Hill Prairie ,"Terril loam, 2 to 6 percent slopes",6.2,21,46,33,3.42,0,0.21,4.87,140,Windom,683.8,710.1,679.2,679.2,679.2,679.2,679.2,Mid MAP
HPC1453,Yes,Yes,142,No,No,Y_2019,NA,1075,Root,SCSC,DMR,Des Moines River Prairie,Central,704,43.47572,-95.4505,Northern Tallgrass Prairie,Dry Hill Prairie ,Dry Hill Prairie ,"Terril loam, 2 to 6 percent slopes",6.2,21,46,33,3.42,0,0.21,4.87,141,Windom,683.8,710.1,679.2,679.2,679.2,679.2,679.2,Mid MAP
HPC1454,Yes,Yes,143,No,No,Y_2019,NA,1075,Root,SCSC,DMR,Des Moines River Prairie,Central,704,43.47572,-95.4505,Northern Tallgrass Prairie,Dry Hill Prairie ,Dry Hill Prairie ,"Terril loam, 2 to 6 percent slopes",6.2,21,46,33,3.42,0,0.21,4.87,142,Windom,683.8,710.1,679.2,679.2,679.2,679.2,679.2,Mid MAP
HPC1455,Yes,Yes,144,No,No,Y_2019,NA,1075,Root,SCSC,DMR,Des Moines River Prairie,Central,704,43.47572,-95.4505,Northern Tallgrass Prairie,Dry Hill Prairie ,Dry Hill Prairie ,"Terril loam, 2 to 6 percent slopes",6.2,21,46,33,3.42,0,0.21,4.87,143,Windom,683.8,710.1,679.2,679.2,679.2,679.2,679.2,Mid MAP
HPC1456,Yes,Yes,145,No,No,Y_2019,NA,1075,Root,SCSC,DMR,Des Moines River Prairie,Central,704,43.47572,-95.4505,Northern Tallgrass Prairie,Dry Hill Prairie ,Dry Hill Prairie ,"Terril loam, 2 to 6 percent slopes",6.2,21,46,33,3.42,0,0.21,4.87,144,Windom,683.8,710.1,679.2,679.2,679.2,679.2,679.2,Mid MAP
HPC1457,Yes,Yes,146,No,No,Y_2019,NA,1075,Root,SCSC,DMR,Des Moines River Prairie,Central,704,43.47572,-95.4505,Northern Tallgrass Prairie,Dry Hill Prairie ,Dry Hill Prairie ,"Terril loam, 2 to 6 percent slopes",6.2,21,46,33,3.42,0,0.21,4.87,145,Windom,683.8,710.1,679.2,679.2,679.2,679.2,679.2,Mid MAP
HPC1458,Yes,Yes,147,No,No,Y_2019,NA,1075,Root,SCSC,DMR,Des Moines River Prairie,Central,704,43.47572,-95.4505,Northern Tallgrass Prairie,Dry Hill Prairie ,Dry Hill Prairie ,"Terril loam, 2 to 6 percent slopes",6.2,21,46,33,3.42,0,0.21,4.87,146,Windom,683.8,710.1,679.2,679.2,679.2,679.2,679.2,Mid MAP
HPC1459,Yes,Yes,148,No,No,Y_2019,NA,1075,Root,SCSC,DMR,Des Moines River Prairie,Central,704,43.47572,-95.4505,Northern Tallgrass Prairie,Dry Hill Prairie ,Dry Hill Prairie ,"Terril loam, 2 to 6 percent slopes",6.2,21,46,33,3.42,0,0.21,4.87,147,Windom,683.8,710.1,679.2,679.2,679.2,679.2,679.2,Mid MAP
HPC1460,Yes,Yes,149,No,No,Y_2019,NA,1075,Root,SCSC,DMR,Des Moines River Prairie,Central,704,43.47572,-95.4505,Northern Tallgrass Prairie,Dry Hill Prairie ,Dry Hill Prairie ,"Terril loam, 2 to 6 percent slopes",6.2,21,46,33,3.42,0,0.21,4.87,148,Windom,683.8,710.1,679.2,679.2,679.2,679.2,679.2,Mid MAP
HPC1463,Yes,Yes,150,No,No,Y_2019,NA,1135.8,Root,SCSC,MP,Mound Prairie SNA,East,939,43.45996,-91.25462,Prairie-Forest Border,Bedrock bluff prairie,Dry Bedrock Bluff Prairie,"Brodale-Bellechester complex, 30 to 60 percent slopes, rocky",7.4,13,51.4,35.6,9.71,13,0.1,2.15,149,Lacrosse,876.5,875.7,876.5,876.5,876.5,840.4,840.4,High MAP
HPC1464,Yes,Yes,151,No,No,Y_2019,NA,1135.8,Root,SCSC,MP,Mound Prairie SNA,East,939,43.45996,-91.25462,Prairie-Forest Border,Bedrock bluff prairie,Dry Bedrock Bluff Prairie,"Brodale-Bellechester complex, 30 to 60 percent slopes, rocky",7.4,13,51.4,35.6,9.71,13,0.1,2.15,150,Lacrosse,876.5,875.7,876.5,876.5,876.5,840.4,840.4,High MAP
HPC1465,Yes,Yes,152,No,No,Y_2019,NA,1135.8,Root,SCSC,MP,Mound Prairie SNA,East,939,43.45996,-91.25462,Prairie-Forest Border,Bedrock bluff prairie,Dry Bedrock Bluff Prairie,"Brodale-Bellechester complex, 30 to 60 percent slopes, rocky",7.4,13,51.4,35.6,9.71,13,0.1,2.15,151,Lacrosse,876.5,875.7,876.5,876.5,876.5,840.4,840.4,High MAP
HPC1466,Yes,Yes,153,No,No,Y_2019,NA,1135.8,Root,SCSC,MP,Mound Prairie SNA,East,939,43.45996,-91.25462,Prairie-Forest Border,Bedrock bluff prairie,Dry Bedrock Bluff Prairie,"Brodale-Bellechester complex, 30 to 60 percent slopes, rocky",7.4,13,51.4,35.6,9.71,13,0.1,2.15,152,Lacrosse,876.5,875.7,876.5,876.5,876.5,840.4,840.4,High MAP
HPC1467,Yes,Yes,154,No,No,Y_2019,NA,1135.8,Root,SCSC,MP,Mound Prairie SNA,East,939,43.45996,-91.25462,Prairie-Forest Border,Bedrock bluff prairie,Dry Bedrock Bluff Prairie,"Brodale-Bellechester complex, 30 to 60 percent slopes, rocky",7.4,13,51.4,35.6,9.71,13,0.1,2.15,153,Lacrosse,876.5,875.7,876.5,876.5,876.5,840.4,840.4,High MAP
HPC1468,Yes,Yes,155,No,No,Y_2019,NA,1135.8,Root,SCSC,MP,Mound Prairie SNA,East,939,43.45996,-91.25462,Prairie-Forest Border,Bedrock bluff prairie,Dry Bedrock Bluff Prairie,"Brodale-Bellechester complex, 30 to 60 percent slopes, rocky",7.4,13,51.4,35.6,9.71,13,0.1,2.15,154,Lacrosse,876.5,875.7,876.5,876.5,876.5,840.4,840.4,High MAP
HPC1471,Yes,Yes,156,No,No,Y_2019,NA,1135.8,Root,SCSC,MP,Mound Prairie SNA,East,939,43.45996,-91.25462,Prairie-Forest Border,Bedrock bluff prairie,Dry Bedrock Bluff Prairie,"Brodale-Bellechester complex, 30 to 60 percent slopes, rocky",7.4,13,51.4,35.6,9.71,13,0.1,2.15,155,Lacrosse,876.5,875.7,876.5,876.5,876.5,840.4,840.4,High MAP
HPC1472,Yes,Yes,157,No,No,Y_2019,NA,1135.8,Root,SCSC,MP,Mound Prairie SNA,East,939,43.45996,-91.25462,Prairie-Forest Border,Bedrock bluff prairie,Dry Bedrock Bluff Prairie,"Brodale-Bellechester complex, 30 to 60 percent slopes, rocky",7.4,13,51.4,35.6,9.71,13,0.1,2.15,156,Lacrosse,876.5,875.7,876.5,876.5,876.5,840.4,840.4,High MAP
HPC1473,Yes,Yes,158,No,No,Y_2019,NA,1135.8,Root,SCSC,MP,Mound Prairie SNA,East,939,43.45996,-91.25462,Prairie-Forest Border,Bedrock bluff prairie,Dry Bedrock Bluff Prairie,"Brodale-Bellechester complex, 30 to 60 percent slopes, rocky",7.4,13,51.4,35.6,9.71,13,0.1,2.15,157,Lacrosse,876.5,875.7,876.5,876.5,876.5,840.4,840.4,High MAP
HPC1474,Yes,Yes,159,No,No,Y_2019,NA,1135.8,Root,SCSC,MP,Mound Prairie SNA,East,939,43.45996,-91.25462,Prairie-Forest Border,Bedrock bluff prairie,Dry Bedrock Bluff Prairie,"Brodale-Bellechester complex, 30 to 60 percent slopes, rocky",7.4,13,51.4,35.6,9.71,13,0.1,2.15,158,Lacrosse,876.5,875.7,876.5,876.5,876.5,840.4,840.4,High MAP
HPC1475,Yes,Yes,160,No,No,Y_2019,NA,1135.8,Root,SCSC,MP,Mound Prairie SNA,East,939,43.45996,-91.25462,Prairie-Forest Border,Bedrock bluff prairie,Dry Bedrock Bluff Prairie,"Brodale-Bellechester complex, 30 to 60 percent slopes, rocky",7.4,13,51.4,35.6,9.71,13,0.1,2.15,159,Lacrosse,876.5,875.7,876.5,876.5,876.5,840.4,840.4,High MAP
HPC1476,Yes,Yes,161,No,No,Y_2019,NA,1135.8,Root,SCSC,MP,Mound Prairie SNA,East,939,43.45996,-91.25462,Prairie-Forest Border,Bedrock bluff prairie,Dry Bedrock Bluff Prairie,"Brodale-Bellechester complex, 30 to 60 percent slopes, rocky",7.4,13,51.4,35.6,9.71,13,0.1,2.15,160,Lacrosse,876.5,875.7,876.5,876.5,876.5,840.4,840.4,High MAP
HPC1477,Yes,Yes,162,No,No,Y_2019,NA,1135.8,Root,SCSC,MP,Mound Prairie SNA,East,939,43.45996,-91.25462,Prairie-Forest Border,Bedrock bluff prairie,Dry Bedrock Bluff Prairie,"Brodale-Bellechester complex, 30 to 60 percent slopes, rocky",7.4,13,51.4,35.6,9.71,13,0.1,2.15,161,Lacrosse,876.5,875.7,876.5,876.5,876.5,840.4,840.4,High MAP
HPC1478,Yes,Yes,163,No,No,Y_2019,NA,1135.8,Root,SCSC,MP,Mound Prairie SNA,East,939,43.45996,-91.25462,Prairie-Forest Border,Bedrock bluff prairie,Dry Bedrock Bluff Prairie,"Brodale-Bellechester complex, 30 to 60 percent slopes, rocky",7.4,13,51.4,35.6,9.71,13,0.1,2.15,162,Lacrosse,876.5,875.7,876.5,876.5,876.5,840.4,840.4,High MAP
HPC1479,Yes,Yes,164,No,No,Y_2019,NA,1135.8,Root,SCSC,MP,Mound Prairie SNA,East,939,43.45996,-91.25462,Prairie-Forest Border,Bedrock bluff prairie,Dry Bedrock Bluff Prairie,"Brodale-Bellechester complex, 30 to 60 percent slopes, rocky",7.4,13,51.4,35.6,9.71,13,0.1,2.15,163,Lacrosse,876.5,875.7,876.5,876.5,876.5,840.4,840.4,High MAP
HPC1480,Yes,Yes,165,No,No,Y_2019,NA,1135.8,Root,SCSC,MP,Mound Prairie SNA,East,939,43.45996,-91.25462,Prairie-Forest Border,Bedrock bluff prairie,Dry Bedrock Bluff Prairie,"Brodale-Bellechester complex, 30 to 60 percent slopes, rocky",7.4,13,51.4,35.6,9.71,13,0.1,2.15,164,Lacrosse,876.5,875.7,876.5,876.5,876.5,840.4,840.4,High MAP
HPC1483,Yes,Yes,166,No,No,Y_2019,NA,1135.8,Root,SCSC,MP,Mound Prairie SNA,East,939,43.45996,-91.25462,Prairie-Forest Border,Bedrock bluff prairie,Dry Bedrock Bluff Prairie,"Brodale-Bellechester complex, 30 to 60 percent slopes, rocky",7.4,13,51.4,35.6,9.71,13,0.1,2.15,165,Lacrosse,876.5,875.7,876.5,876.5,876.5,840.4,840.4,High MAP
HPC1486,Yes,Yes,167,No,No,Y_2019,NA,1135.8,Root,SCSC,MP,Mound Prairie SNA,East,939,43.45996,-91.25462,Prairie-Forest Border,Bedrock bluff prairie,Dry Bedrock Bluff Prairie,"Brodale-Bellechester complex, 30 to 60 percent slopes, rocky",7.4,13,51.4,35.6,9.71,13,0.1,2.15,166,Lacrosse,876.5,875.7,876.5,876.5,876.5,840.4,840.4,High MAP
HPC1487,Yes,Yes,168,No,No,Y_2019,NA,1135.8,Root,SCSC,MP,Mound Prairie SNA,East,939,43.45996,-91.25462,Prairie-Forest Border,Bedrock bluff prairie,Dry Bedrock Bluff Prairie,"Brodale-Bellechester complex, 30 to 60 percent slopes, rocky",7.4,13,51.4,35.6,9.71,13,0.1,2.15,167,Lacrosse,876.5,875.7,876.5,876.5,876.5,840.4,840.4,High MAP
HPC1490,Yes,Yes,169,No,No,Y_2019,NA,1135.8,Root,SCSC,MP,Mound Prairie SNA,East,939,43.45996,-91.25462,Prairie-Forest Border,Bedrock bluff prairie,Dry Bedrock Bluff Prairie,"Brodale-Bellechester complex, 30 to 60 percent slopes, rocky",7.4,13,51.4,35.6,9.71,13,0.1,2.15,168,Lacrosse,876.5,875.7,876.5,876.5,876.5,840.4,840.4,High MAP
HPC1491,Yes,Yes,170,Yes,No,Y_2019,41.43,1052.2,Root,SCSC,PC,Prairie Coteau,West,686,44.746,-96.9263,Northern Tallgrass Prairie,Dry Hill Prairie ,Dry Hill Prairie ,"Barnes-Buse complex, 3 to 6 percent slopes",7.9,23,39.8,37.7,4.5,15,0.21,4.99,169,Pipestone,636.7,651.2,636.7,636.7,679.2,679.2,679.2,Low MAP
HPC1492,Yes,Yes,171,Yes,No,Y_2019,41.43,1052.2,Root,SCSC,PC,Prairie Coteau,West,686,44.746,-96.9263,Northern Tallgrass Prairie,Dry Hill Prairie ,Dry Hill Prairie ,"Barnes-Buse complex, 3 to 6 percent slopes",7.9,23,39.8,37.7,4.5,15,0.21,4.99,170,Pipestone,636.7,651.2,636.7,636.7,679.2,679.2,679.2,Low MAP
HPC1493,Yes,Yes,172,Yes,No,Y_2019,41.43,1052.2,Root,SCSC,PC,Prairie Coteau,West,686,44.746,-96.9263,Northern Tallgrass Prairie,Dry Hill Prairie ,Dry Hill Prairie ,"Barnes-Buse complex, 3 to 6 percent slopes",7.9,23,39.8,37.7,4.5,15,0.21,4.99,171,Pipestone,636.7,651.2,636.7,636.7,679.2,679.2,679.2,Low MAP
HPC1494,Yes,Yes,173,Yes,No,Y_2019,41.43,1052.2,Root,SCSC,PC,Prairie Coteau,West,686,44.746,-96.9263,Northern Tallgrass Prairie,Dry Hill Prairie ,Dry Hill Prairie ,"Barnes-Buse complex, 3 to 6 percent slopes",7.9,23,39.8,37.7,4.5,15,0.21,4.99,172,Pipestone,636.7,651.2,636.7,636.7,679.2,679.2,679.2,Low MAP
HPC1495,Yes,Yes,174,Yes,No,Y_2019,41.43,1052.2,Root,SCSC,PC,Prairie Coteau,West,686,44.746,-96.9263,Northern Tallgrass Prairie,Dry Hill Prairie ,Dry Hill Prairie ,"Barnes-Buse complex, 3 to 6 percent slopes",7.9,23,39.8,37.7,4.5,15,0.21,4.99,173,Pipestone,636.7,651.2,636.7,636.7,679.2,679.2,679.2,Low MAP
HPC1496,Yes,Yes,175,Yes,No,Y_2019,41.43,1052.2,Root,SCSC,PC,Prairie Coteau,West,686,44.746,-96.9263,Northern Tallgrass Prairie,Dry Hill Prairie ,Dry Hill Prairie ,"Barnes-Buse complex, 3 to 6 percent slopes",7.9,23,39.8,37.7,4.5,15,0.21,4.99,174,Pipestone,636.7,651.2,636.7,636.7,679.2,679.2,679.2,Low MAP
HPC1497,Yes,Yes,176,Yes,No,Y_2019,41.43,1052.2,Root,SCSC,PC,Prairie Coteau,West,686,44.746,-96.9263,Northern Tallgrass Prairie,Dry Hill Prairie ,Dry Hill Prairie ,"Barnes-Buse complex, 3 to 6 percent slopes",7.9,23,39.8,37.7,4.5,15,0.21,4.99,175,Pipestone,636.7,651.2,636.7,636.7,679.2,679.2,679.2,Low MAP
HPC1498,Yes,Yes,177,Yes,No,Y_2019,41.43,1052.2,Root,SCSC,PC,Prairie Coteau,West,686,44.746,-96.9263,Northern Tallgrass Prairie,Dry Hill Prairie ,Dry Hill Prairie ,"Barnes-Buse complex, 3 to 6 percent slopes",7.9,23,39.8,37.7,4.5,15,0.21,4.99,176,Pipestone,636.7,651.2,636.7,636.7,679.2,679.2,679.2,Low MAP
HPC1500,Yes,Yes,178,Yes,No,Y_2019,41.43,1052.2,Root,SCSC,PC,Prairie Coteau,West,686,44.746,-96.9263,Northern Tallgrass Prairie,Dry Hill Prairie ,Dry Hill Prairie ,"Barnes-Buse complex, 3 to 6 percent slopes",7.9,23,39.8,37.7,4.5,15,0.21,4.99,177,Pipestone,636.7,651.2,636.7,636.7,679.2,679.2,679.2,Low MAP
HPC1501,Yes,Yes,179,Yes,No,Y_2019,41.43,1052.2,Root,SCSC,PC,Prairie Coteau,West,686,44.746,-96.9263,Northern Tallgrass Prairie,Dry Hill Prairie ,Dry Hill Prairie ,"Barnes-Buse complex, 3 to 6 percent slopes",7.9,23,39.8,37.7,4.5,15,0.21,4.99,178,Pipestone,636.7,651.2,636.7,636.7,679.2,679.2,679.2,Low MAP
HPC1502,Yes,Yes,180,Yes,No,Y_2019,41.43,1052.2,Root,SCSC,PC,Prairie Coteau,West,686,44.746,-96.9263,Northern Tallgrass Prairie,Dry Hill Prairie ,Dry Hill Prairie ,"Barnes-Buse complex, 3 to 6 percent slopes",7.9,23,39.8,37.7,4.5,15,0.21,4.99,179,Pipestone,636.7,651.2,636.7,636.7,679.2,679.2,679.2,Low MAP
HPC1503,Yes,Yes,181,Yes,No,Y_2019,41.43,1052.2,Root,SCSC,PC,Prairie Coteau,West,686,44.746,-96.9263,Northern Tallgrass Prairie,Dry Hill Prairie ,Dry Hill Prairie ,"Barnes-Buse complex, 3 to 6 percent slopes",7.9,23,39.8,37.7,4.5,15,0.21,4.99,180,Pipestone,636.7,651.2,636.7,636.7,679.2,679.2,679.2,Low MAP
HPC1504,Yes,Yes,182,Yes,No,Y_2019,41.43,1052.2,Root,SCSC,PC,Prairie Coteau,West,686,44.746,-96.9263,Northern Tallgrass Prairie,Dry Hill Prairie ,Dry Hill Prairie ,"Barnes-Buse complex, 3 to 6 percent slopes",7.9,23,39.8,37.7,4.5,15,0.21,4.99,181,Pipestone,636.7,651.2,636.7,636.7,679.2,679.2,679.2,Low MAP
HPC1506,Yes,Yes,183,Yes,No,Y_2019,41.43,1052.2,Root,SCSC,PC,Prairie Coteau,West,686,44.746,-96.9263,Northern Tallgrass Prairie,Dry Hill Prairie ,Dry Hill Prairie ,"Barnes-Buse complex, 3 to 6 percent slopes",7.9,23,39.8,37.7,4.5,15,0.21,4.99,182,Pipestone,636.7,651.2,636.7,636.7,679.2,679.2,679.2,Low MAP
HPC1507,Yes,Yes,184,Yes,No,Y_2019,41.43,1052.2,Root,SCSC,PC,Prairie Coteau,West,686,44.746,-96.9263,Northern Tallgrass Prairie,Dry Hill Prairie ,Dry Hill Prairie ,"Barnes-Buse complex, 3 to 6 percent slopes",7.9,23,39.8,37.7,4.5,15,0.21,4.99,183,Pipestone,636.7,651.2,636.7,636.7,679.2,679.2,679.2,Low MAP
HPC1512,Yes,Yes,185,Yes,No,Y_2019,41.43,1052.2,Root,SCSC,PC,Prairie Coteau,West,686,44.746,-96.9263,Northern Tallgrass Prairie,Dry Hill Prairie ,Dry Hill Prairie ,"Barnes-Buse complex, 3 to 6 percent slopes",7.9,23,39.8,37.7,4.5,15,0.21,4.99,184,Pipestone,636.7,651.2,636.7,636.7,679.2,679.2,679.2,Low MAP
HPC1515,Yes,Yes,186,Yes,No,Y_2019,41.43,1052.2,Root,SCSC,PC,Prairie Coteau,West,686,44.746,-96.9263,Northern Tallgrass Prairie,Dry Hill Prairie ,Dry Hill Prairie ,"Barnes-Buse complex, 3 to 6 percent slopes",7.9,23,39.8,37.7,4.5,15,0.21,4.99,185,Pipestone,636.7,651.2,636.7,636.7,679.2,679.2,679.2,Low MAP
HPC1517,Yes,Yes,187,Yes,No,Y_2019,41.43,1052.2,Root,SCSC,PC,Prairie Coteau,West,686,44.746,-96.9263,Northern Tallgrass Prairie,Dry Hill Prairie ,Dry Hill Prairie ,"Barnes-Buse complex, 3 to 6 percent slopes",7.9,23,39.8,37.7,4.5,15,0.21,4.99,186,Pipestone,636.7,651.2,636.7,636.7,679.2,679.2,679.2,Low MAP
HPC1518,Yes,Yes,188,Yes,No,Y_2019,41.43,1052.2,Root,SCSC,PC,Prairie Coteau,West,686,44.746,-96.9263,Northern Tallgrass Prairie,Dry Hill Prairie ,Dry Hill Prairie ,"Barnes-Buse complex, 3 to 6 percent slopes",7.9,23,39.8,37.7,4.5,15,0.21,4.99,187,Pipestone,636.7,651.2,636.7,636.7,679.2,679.2,679.2,Low MAP
HPC1519,Yes,Yes,189,Yes,No,Y_2019,41.43,1052.2,Root,SCSC,PC,Prairie Coteau,West,686,44.746,-96.9263,Northern Tallgrass Prairie,Dry Hill Prairie ,Dry Hill Prairie ,"Barnes-Buse complex, 3 to 6 percent slopes",7.9,23,39.8,37.7,4.5,15,0.21,4.99,188,Pipestone,636.7,651.2,636.7,636.7,679.2,679.2,679.2,Low MAP
HPC1520,Yes,Yes,190,Yes,No,Y_2019,41.43,1052.2,Root,SCSC,PC,Prairie Coteau,West,686,44.746,-96.9263,Northern Tallgrass Prairie,Dry Hill Prairie ,Dry Hill Prairie ,"Barnes-Buse complex, 3 to 6 percent slopes",7.9,23,39.8,37.7,4.5,15,0.21,4.99,189,Pipestone,636.7,651.2,636.7,636.7,679.2,679.2,679.2,Low MAP
HPC1521,Yes,Yes,191,No,No,Y_2019,NA,1075,Root,SCSC,RR,Red Rock Prairie,Central,726,44.5151,-95.10196,Northern Tallgrass Prairie,Bedrock bluff prairie,"Crystalline Bedrock Outcrop (Prairie): Sioux Quartzite Subtype
Dry Hill Prairie (Southern)
Mesic Prairie (Southern)","Bechyn-Germantown-Rock outcrop complex, 2 to 6 percent slopes",6.1,31,35.4,33.6,4,0,0.2,4.8,190,Windom,679.2,721.6,679.2,679.2,679.2,679.2,679.2,Mid MAP
HPC1522,Yes,Yes,192,No,No,Y_2019,NA,1075,Root,SCSC,RR,Red Rock Prairie,Central,726,44.5151,-95.10196,Northern Tallgrass Prairie,Bedrock bluff prairie,"Crystalline Bedrock Outcrop (Prairie): Sioux Quartzite Subtype
Dry Hill Prairie (Southern)
Mesic Prairie (Southern)","Bechyn-Germantown-Rock outcrop complex, 2 to 6 percent slopes",6.1,31,35.4,33.6,4,0,0.2,4.8,191,Windom,679.2,721.6,679.2,679.2,679.2,679.2,679.2,Mid MAP
HPC1524,Yes,Yes,193,No,No,Y_2019,NA,1075,Root,SCSC,RR,Red Rock Prairie,Central,726,44.5151,-95.10196,Northern Tallgrass Prairie,Bedrock bluff prairie,"Crystalline Bedrock Outcrop (Prairie): Sioux Quartzite Subtype
Dry Hill Prairie (Southern)
Mesic Prairie (Southern)","Bechyn-Germantown-Rock outcrop complex, 2 to 6 percent slopes",6.1,31,35.4,33.6,4,0,0.2,4.8,192,Windom,679.2,721.6,679.2,679.2,679.2,679.2,679.2,Mid MAP
HPC1525,Yes,Yes,194,No,No,Y_2019,NA,1075,Root,SCSC,RR,Red Rock Prairie,Central,726,44.5151,-95.10196,Northern Tallgrass Prairie,Bedrock bluff prairie,"Crystalline Bedrock Outcrop (Prairie): Sioux Quartzite Subtype
Dry Hill Prairie (Southern)
Mesic Prairie (Southern)","Bechyn-Germantown-Rock outcrop complex, 2 to 6 percent slopes",6.1,31,35.4,33.6,4,0,0.2,4.8,193,Windom,679.2,721.6,679.2,679.2,679.2,679.2,679.2,Mid MAP
HPC1526,Yes,Yes,195,No,No,Y_2019,NA,1075,Root,SCSC,RR,Red Rock Prairie,Central,726,44.5151,-95.10196,Northern Tallgrass Prairie,Bedrock bluff prairie,"Crystalline Bedrock Outcrop (Prairie): Sioux Quartzite Subtype
Dry Hill Prairie (Southern)
Mesic Prairie (Southern)","Bechyn-Germantown-Rock outcrop complex, 2 to 6 percent slopes",6.1,31,35.4,33.6,4,0,0.2,4.8,194,Windom,679.2,721.6,679.2,679.2,679.2,679.2,679.2,Mid MAP
HPC1527,Yes,Yes,196,No,No,Y_2019,NA,1075,Root,SCSC,RR,Red Rock Prairie,Central,726,44.5151,-95.10196,Northern Tallgrass Prairie,Bedrock bluff prairie,"Crystalline Bedrock Outcrop (Prairie): Sioux Quartzite Subtype
Dry Hill Prairie (Southern)
Mesic Prairie (Southern)","Bechyn-Germantown-Rock outcrop complex, 2 to 6 percent slopes",6.1,31,35.4,33.6,4,0,0.2,4.8,195,Windom,679.2,721.6,679.2,679.2,679.2,679.2,679.2,Mid MAP
HPC1528,Yes,Yes,197,No,No,Y_2019,NA,1075,Root,SCSC,RR,Red Rock Prairie,Central,726,44.5151,-95.10196,Northern Tallgrass Prairie,Bedrock bluff prairie,"Crystalline Bedrock Outcrop (Prairie): Sioux Quartzite Subtype
Dry Hill Prairie (Southern)
Mesic Prairie (Southern)","Bechyn-Germantown-Rock outcrop complex, 2 to 6 percent slopes",6.1,31,35.4,33.6,4,0,0.2,4.8,196,Windom,679.2,721.6,679.2,679.2,679.2,679.2,679.2,Mid MAP
HPC1529,Yes,Yes,198,No,No,Y_2019,NA,1075,Root,SCSC,RR,Red Rock Prairie,Central,726,44.5151,-95.10196,Northern Tallgrass Prairie,Bedrock bluff prairie,"Crystalline Bedrock Outcrop (Prairie): Sioux Quartzite Subtype
Dry Hill Prairie (Southern)
Mesic Prairie (Southern)","Bechyn-Germantown-Rock outcrop complex, 2 to 6 percent slopes",6.1,31,35.4,33.6,4,0,0.2,4.8,197,Windom,679.2,721.6,679.2,679.2,679.2,679.2,679.2,Mid MAP
HPC1531,Yes,Yes,199,No,No,Y_2019,NA,1075,Root,SCSC,RR,Red Rock Prairie,Central,726,44.5151,-95.10196,Northern Tallgrass Prairie,Bedrock bluff prairie,"Crystalline Bedrock Outcrop (Prairie): Sioux Quartzite Subtype
Dry Hill Prairie (Southern)
Mesic Prairie (Southern)","Bechyn-Germantown-Rock outcrop complex, 2 to 6 percent slopes",6.1,31,35.4,33.6,4,0,0.2,4.8,198,Windom,679.2,721.6,679.2,679.2,679.2,679.2,679.2,Mid MAP
HPC1532,Yes,Yes,200,No,No,Y_2019,NA,1075,Root,SCSC,RR,Red Rock Prairie,Central,726,44.5151,-95.10196,Northern Tallgrass Prairie,Bedrock bluff prairie,"Crystalline Bedrock Outcrop (Prairie): Sioux Quartzite Subtype
Dry Hill Prairie (Southern)
Mesic Prairie (Southern)","Bechyn-Germantown-Rock outcrop complex, 2 to 6 percent slopes",6.1,31,35.4,33.6,4,0,0.2,4.8,199,Windom,679.2,721.6,679.2,679.2,679.2,679.2,679.2,Mid MAP
HPC1533,Yes,Yes,201,No,No,Y_2019,NA,1075,Root,SCSC,RR,Red Rock Prairie,Central,726,44.5151,-95.10196,Northern Tallgrass Prairie,Bedrock bluff prairie,"Crystalline Bedrock Outcrop (Prairie): Sioux Quartzite Subtype
Dry Hill Prairie (Southern)
Mesic Prairie (Southern)","Bechyn-Germantown-Rock outcrop complex, 2 to 6 percent slopes",6.1,31,35.4,33.6,4,0,0.2,4.8,200,Windom,679.2,721.6,679.2,679.2,679.2,679.2,679.2,Mid MAP
HPC1534,Yes,Yes,202,No,No,Y_2019,NA,1075,Root,SCSC,RR,Red Rock Prairie,Central,726,44.5151,-95.10196,Northern Tallgrass Prairie,Bedrock bluff prairie,"Crystalline Bedrock Outcrop (Prairie): Sioux Quartzite Subtype
Dry Hill Prairie (Southern)
Mesic Prairie (Southern)","Bechyn-Germantown-Rock outcrop complex, 2 to 6 percent slopes",6.1,31,35.4,33.6,4,0,0.2,4.8,201,Windom,679.2,721.6,679.2,679.2,679.2,679.2,679.2,Mid MAP
HPC1536,Yes,Yes,203,No,No,Y_2019,NA,1075,Root,SCSC,RR,Red Rock Prairie,Central,726,44.5151,-95.10196,Northern Tallgrass Prairie,Bedrock bluff prairie,"Crystalline Bedrock Outcrop (Prairie): Sioux Quartzite Subtype
Dry Hill Prairie (Southern)
Mesic Prairie (Southern)","Bechyn-Germantown-Rock outcrop complex, 2 to 6 percent slopes",6.1,31,35.4,33.6,4,0,0.2,4.8,202,Windom,679.2,721.6,679.2,679.2,679.2,679.2,679.2,Mid MAP
HPC1539,Yes,Yes,204,No,No,Y_2019,NA,1075,Root,SCSC,RR,Red Rock Prairie,Central,726,44.5151,-95.10196,Northern Tallgrass Prairie,Bedrock bluff prairie,"Crystalline Bedrock Outcrop (Prairie): Sioux Quartzite Subtype
Dry Hill Prairie (Southern)
Mesic Prairie (Southern)","Bechyn-Germantown-Rock outcrop complex, 2 to 6 percent slopes",6.1,31,35.4,33.6,4,0,0.2,4.8,203,Windom,679.2,721.6,679.2,679.2,679.2,679.2,679.2,Mid MAP
HPC1540,Yes,Yes,205,No,No,Y_2019,NA,1075,Root,SCSC,RR,Red Rock Prairie,Central,726,44.5151,-95.10196,Northern Tallgrass Prairie,Bedrock bluff prairie,"Crystalline Bedrock Outcrop (Prairie): Sioux Quartzite Subtype
Dry Hill Prairie (Southern)
Mesic Prairie (Southern)","Bechyn-Germantown-Rock outcrop complex, 2 to 6 percent slopes",6.1,31,35.4,33.6,4,0,0.2,4.8,204,Windom,679.2,721.6,679.2,679.2,679.2,679.2,679.2,Mid MAP
HPC1541,Yes,Yes,206,No,No,Y_2019,NA,1075,Root,SCSC,RR,Red Rock Prairie,Central,726,44.5151,-95.10196,Northern Tallgrass Prairie,Bedrock bluff prairie,"Crystalline Bedrock Outcrop (Prairie): Sioux Quartzite Subtype
Dry Hill Prairie (Southern)
Mesic Prairie (Southern)","Bechyn-Germantown-Rock outcrop complex, 2 to 6 percent slopes",6.1,31,35.4,33.6,4,0,0.2,4.8,205,Windom,679.2,721.6,679.2,679.2,679.2,679.2,679.2,Mid MAP
HPC1542,Yes,Yes,207,No,No,Y_2019,NA,1075,Root,SCSC,RR,Red Rock Prairie,Central,726,44.5151,-95.10196,Northern Tallgrass Prairie,Bedrock bluff prairie,"Crystalline Bedrock Outcrop (Prairie): Sioux Quartzite Subtype
Dry Hill Prairie (Southern)
Mesic Prairie (Southern)","Bechyn-Germantown-Rock outcrop complex, 2 to 6 percent slopes",6.1,31,35.4,33.6,4,0,0.2,4.8,206,Windom,679.2,721.6,679.2,679.2,679.2,679.2,679.2,Mid MAP
HPC1544,Yes,Yes,208,No,No,Y_2019,NA,1075,Root,SCSC,RR,Red Rock Prairie,Central,726,44.5151,-95.10196,Northern Tallgrass Prairie,Bedrock bluff prairie,"Crystalline Bedrock Outcrop (Prairie): Sioux Quartzite Subtype
Dry Hill Prairie (Southern)
Mesic Prairie (Southern)","Bechyn-Germantown-Rock outcrop complex, 2 to 6 percent slopes",6.1,31,35.4,33.6,4,0,0.2,4.8,207,Windom,679.2,721.6,679.2,679.2,679.2,679.2,679.2,Mid MAP
HPC1546,Yes,Yes,209,No,No,Y_2019,NA,1075,Root,SCSC,RR,Red Rock Prairie,Central,726,44.5151,-95.10196,Northern Tallgrass Prairie,Bedrock bluff prairie,"Crystalline Bedrock Outcrop (Prairie): Sioux Quartzite Subtype
Dry Hill Prairie (Southern)
Mesic Prairie (Southern)","Bechyn-Germantown-Rock outcrop complex, 2 to 6 percent slopes",6.1,31,35.4,33.6,4,0,0.2,4.8,208,Windom,679.2,721.6,679.2,679.2,679.2,679.2,679.2,Mid MAP
HPC1547,Yes,Yes,210,No,No,Y_2019,NA,1075,Root,SCSC,RR,Red Rock Prairie,Central,726,44.5151,-95.10196,Northern Tallgrass Prairie,Bedrock bluff prairie,"Crystalline Bedrock Outcrop (Prairie): Sioux Quartzite Subtype
Dry Hill Prairie (Southern)
Mesic Prairie (Southern)","Bechyn-Germantown-Rock outcrop complex, 2 to 6 percent slopes",6.1,31,35.4,33.6,4,0,0.2,4.8,209,Windom,679.2,721.6,679.2,679.2,679.2,679.2,679.2,Mid MAP
HPC1549,Yes,Yes,211,No,No,Y_2019,NA,1075,Root,SCSC,RR,Red Rock Prairie,Central,726,44.5151,-95.10196,Northern Tallgrass Prairie,Bedrock bluff prairie,"Crystalline Bedrock Outcrop (Prairie): Sioux Quartzite Subtype
Dry Hill Prairie (Southern)
Mesic Prairie (Southern)","Bechyn-Germantown-Rock outcrop complex, 2 to 6 percent slopes",6.1,31,35.4,33.6,4,0,0.2,4.8,210,Windom,679.2,721.6,679.2,679.2,679.2,679.2,679.2,Mid MAP
HPC1550,Yes,Yes,212,No,No,Y_2019,NA,1075,Root,SCSC,RR,Red Rock Prairie,Central,726,44.5151,-95.10196,Northern Tallgrass Prairie,Bedrock bluff prairie,"Crystalline Bedrock Outcrop (Prairie): Sioux Quartzite Subtype
Dry Hill Prairie (Southern)
Mesic Prairie (Southern)","Bechyn-Germantown-Rock outcrop complex, 2 to 6 percent slopes",6.1,31,35.4,33.6,4,0,0.2,4.8,211,Windom,679.2,721.6,679.2,679.2,679.2,679.2,679.2,Mid MAP
HPC1552,Yes,Yes,213,Yes,No,Y_2019,46.8,1213.8,Root,SCSC,KWD,Kellogg Weaver Dunes,East,892,44.15486,-91.55963,Prairie-Forest Border,Dry Sand - Gravel Prairie ,Dry Sand - Gravel Prairie ,"Plainfield fine sand, 0 to 2 percent slopes",6,3.6,95.5,0.8,0.97,0,0.07,1.61,212,Kellogg,821,832,821,837.9,840.4,840.4,840.4,High MAP
HPC1553,Yes,Yes,214,Yes,No,Y_2019,46.8,1213.8,Root,SCSC,KWD,Kellogg Weaver Dunes,East,892,44.15486,-91.55963,Prairie-Forest Border,Dry Sand - Gravel Prairie ,Dry Sand - Gravel Prairie ,"Plainfield fine sand, 0 to 2 percent slopes",6,3.6,95.5,0.8,0.97,0,0.07,1.61,213,Kellogg,821,832,821,837.9,840.4,840.4,840.4,High MAP
HPC1555,Yes,Yes,215,Yes,No,Y_2019,46.8,1213.8,Root,SCSC,KWD,Kellogg Weaver Dunes,East,892,44.15486,-91.55963,Prairie-Forest Border,Dry Sand - Gravel Prairie ,Dry Sand - Gravel Prairie ,"Plainfield fine sand, 0 to 2 percent slopes",6,3.6,95.5,0.8,0.97,0,0.07,1.61,214,Kellogg,821,832,821,837.9,840.4,840.4,840.4,High MAP
HPC1556,Yes,Yes,216,Yes,No,Y_2019,46.8,1213.8,Root,SCSC,KWD,Kellogg Weaver Dunes,East,892,44.15486,-91.55963,Prairie-Forest Border,Dry Sand - Gravel Prairie ,Dry Sand - Gravel Prairie ,"Plainfield fine sand, 0 to 2 percent slopes",6,3.6,95.5,0.8,0.97,0,0.07,1.61,215,Kellogg,821,832,821,837.9,840.4,840.4,840.4,High MAP
HPC1560,Yes,Yes,217,Yes,No,Y_2019,46.8,1213.8,Root,SCSC,KWD,Kellogg Weaver Dunes,East,892,44.15486,-91.55963,Prairie-Forest Border,Dry Sand - Gravel Prairie ,Dry Sand - Gravel Prairie ,"Plainfield fine sand, 0 to 2 percent slopes",6,3.6,95.5,0.8,0.97,0,0.07,1.61,216,Kellogg,821,832,821,837.9,840.4,840.4,840.4,High MAP
HPC1561,Yes,Yes,218,Yes,No,Y_2019,46.8,1213.8,Root,SCSC,KWD,Kellogg Weaver Dunes,East,892,44.15486,-91.55963,Prairie-Forest Border,Dry Sand - Gravel Prairie ,Dry Sand - Gravel Prairie ,"Plainfield fine sand, 0 to 2 percent slopes",6,3.6,95.5,0.8,0.97,0,0.07,1.61,217,Kellogg,821,832,821,837.9,840.4,840.4,840.4,High MAP
HPC1563,Yes,Yes,219,Yes,No,Y_2019,46.8,1213.8,Root,SCSC,KWD,Kellogg Weaver Dunes,East,892,44.15486,-91.55963,Prairie-Forest Border,Dry Sand - Gravel Prairie ,Dry Sand - Gravel Prairie ,"Plainfield fine sand, 0 to 2 percent slopes",6,3.6,95.5,0.8,0.97,0,0.07,1.61,218,Kellogg,821,832,821,837.9,840.4,840.4,840.4,High MAP
HPC1564,Yes,Yes,220,Yes,No,Y_2019,46.8,1213.8,Root,SCSC,KWD,Kellogg Weaver Dunes,East,892,44.15486,-91.55963,Prairie-Forest Border,Dry Sand - Gravel Prairie ,Dry Sand - Gravel Prairie ,"Plainfield fine sand, 0 to 2 percent slopes",6,3.6,95.5,0.8,0.97,0,0.07,1.61,219,Kellogg,821,832,821,837.9,840.4,840.4,840.4,High MAP
HPC1565,Yes,Yes,221,Yes,No,Y_2019,46.8,1213.8,Root,SCSC,KWD,Kellogg Weaver Dunes,East,892,44.15486,-91.55963,Prairie-Forest Border,Dry Sand - Gravel Prairie ,Dry Sand - Gravel Prairie ,"Plainfield fine sand, 0 to 2 percent slopes",6,3.6,95.5,0.8,0.97,0,0.07,1.61,220,Kellogg,821,832,821,837.9,840.4,840.4,840.4,High MAP
HPC1567,Yes,Yes,222,Yes,No,Y_2019,46.8,1213.8,Root,SCSC,KWD,Kellogg Weaver Dunes,East,892,44.15486,-91.55963,Prairie-Forest Border,Dry Sand - Gravel Prairie ,Dry Sand - Gravel Prairie ,"Plainfield fine sand, 0 to 2 percent slopes",6,3.6,95.5,0.8,0.97,0,0.07,1.61,221,Kellogg,821,832,821,837.9,840.4,840.4,840.4,High MAP
HPC1568,Yes,Yes,223,Yes,No,Y_2019,46.8,1213.8,Root,SCSC,KWD,Kellogg Weaver Dunes,East,892,44.15486,-91.55963,Prairie-Forest Border,Dry Sand - Gravel Prairie ,Dry Sand - Gravel Prairie ,"Plainfield fine sand, 0 to 2 percent slopes",6,3.6,95.5,0.8,0.97,0,0.07,1.61,222,Kellogg,821,832,821,837.9,840.4,840.4,840.4,High MAP
HPC1569,Yes,Yes,224,Yes,No,Y_2019,46.8,1213.8,Root,SCSC,KWD,Kellogg Weaver Dunes,East,892,44.15486,-91.55963,Prairie-Forest Border,Dry Sand - Gravel Prairie ,Dry Sand - Gravel Prairie ,"Plainfield fine sand, 0 to 2 percent slopes",6,3.6,95.5,0.8,0.97,0,0.07,1.61,223,Kellogg,821,832,821,837.9,840.4,840.4,840.4,High MAP
HPC1570,Yes,Yes,225,Yes,No,Y_2019,46.8,1213.8,Root,SCSC,KWD,Kellogg Weaver Dunes,East,892,44.15486,-91.55963,Prairie-Forest Border,Dry Sand - Gravel Prairie ,Dry Sand - Gravel Prairie ,"Plainfield fine sand, 0 to 2 percent slopes",6,3.6,95.5,0.8,0.97,0,0.07,1.61,224,Kellogg,821,832,821,837.9,840.4,840.4,840.4,High MAP
HPC1571,Yes,Yes,226,Yes,No,Y_2019,46.8,1213.8,Root,SCSC,KWD,Kellogg Weaver Dunes,East,892,44.15486,-91.55963,Prairie-Forest Border,Dry Sand - Gravel Prairie ,Dry Sand - Gravel Prairie ,"Plainfield fine sand, 0 to 2 percent slopes",6,3.6,95.5,0.8,0.97,0,0.07,1.61,225,Kellogg,821,832,821,837.9,840.4,840.4,840.4,High MAP
HPC1572,Yes,Yes,227,Yes,No,Y_2019,46.8,1213.8,Root,SCSC,KWD,Kellogg Weaver Dunes,East,892,44.15486,-91.55963,Prairie-Forest Border,Dry Sand - Gravel Prairie ,Dry Sand - Gravel Prairie ,"Plainfield fine sand, 0 to 2 percent slopes",6,3.6,95.5,0.8,0.97,0,0.07,1.61,226,Kellogg,821,832,821,837.9,840.4,840.4,840.4,High MAP
HPC1573,Yes,Yes,228,Yes,No,Y_2019,46.8,1213.8,Root,SCSC,KWD,Kellogg Weaver Dunes,East,892,44.15486,-91.55963,Prairie-Forest Border,Dry Sand - Gravel Prairie ,Dry Sand - Gravel Prairie ,"Plainfield fine sand, 0 to 2 percent slopes",6,3.6,95.5,0.8,0.97,0,0.07,1.61,227,Kellogg,821,832,821,837.9,840.4,840.4,840.4,High MAP
HPC1574,Yes,Yes,229,Yes,No,Y_2019,46.8,1213.8,Root,SCSC,KWD,Kellogg Weaver Dunes,East,892,44.15486,-91.55963,Prairie-Forest Border,Dry Sand - Gravel Prairie ,Dry Sand - Gravel Prairie ,"Plainfield fine sand, 0 to 2 percent slopes",6,3.6,95.5,0.8,0.97,0,0.07,1.61,228,Kellogg,821,832,821,837.9,840.4,840.4,840.4,High MAP
HPC1576,Yes,Yes,230,Yes,No,Y_2019,46.8,1213.8,Root,SCSC,KWD,Kellogg Weaver Dunes,East,892,44.15486,-91.55963,Prairie-Forest Border,Dry Sand - Gravel Prairie ,Dry Sand - Gravel Prairie ,"Plainfield fine sand, 0 to 2 percent slopes",6,3.6,95.5,0.8,0.97,0,0.07,1.61,229,Kellogg,821,832,821,837.9,840.4,840.4,840.4,High MAP
HPC1577,Yes,Yes,231,Yes,No,Y_2019,46.8,1213.8,Root,SCSC,KWD,Kellogg Weaver Dunes,East,892,44.15486,-91.55963,Prairie-Forest Border,Dry Sand - Gravel Prairie ,Dry Sand - Gravel Prairie ,"Plainfield fine sand, 0 to 2 percent slopes",6,3.6,95.5,0.8,0.97,0,0.07,1.61,230,Kellogg,821,832,821,837.9,840.4,840.4,840.4,High MAP
HPC1578,Yes,Yes,232,Yes,No,Y_2019,46.8,1213.8,Root,SCSC,KWD,Kellogg Weaver Dunes,East,892,44.15486,-91.55963,Prairie-Forest Border,Dry Sand - Gravel Prairie ,Dry Sand - Gravel Prairie ,"Plainfield fine sand, 0 to 2 percent slopes",6,3.6,95.5,0.8,0.97,0,0.07,1.61,231,Kellogg,821,832,821,837.9,840.4,840.4,840.4,High MAP
HPC1579,Yes,Yes,233,Yes,No,Y_2019,46.8,1213.8,Root,SCSC,KWD,Kellogg Weaver Dunes,East,892,44.15486,-91.55963,Prairie-Forest Border,Dry Sand - Gravel Prairie ,Dry Sand - Gravel Prairie ,"Plainfield fine sand, 0 to 2 percent slopes",6,3.6,95.5,0.8,0.97,0,0.07,1.61,232,Kellogg,821,832,821,837.9,840.4,840.4,840.4,High MAP
HPC1580,Yes,Yes,234,Yes,No,Y_2019,46.8,1213.8,Root,SCSC,KWD,Kellogg Weaver Dunes,East,892,44.15486,-91.55963,Prairie-Forest Border,Dry Sand - Gravel Prairie ,Dry Sand - Gravel Prairie ,"Plainfield fine sand, 0 to 2 percent slopes",6,3.6,95.5,0.8,0.97,0,0.07,1.61,233,Kellogg,821,832,821,837.9,840.4,840.4,840.4,High MAP
HPC1581,Yes,Yes,235,Yes,No,Y_2019,38.47,1132.5,Root,SCSC,SP,Sioux Prairie,West,564,44.032214,-96.78054,Northern Tallgrass Prairie,Dry Sand - Gravel Prairie ,Dry Sand - Gravel Prairie ,"Egan-Wentworth complex, 2 to 6 percent slopes",6.2,31.5,6.5,62,4,0,0.2,4.68,234,Madison,612.6,617.3,612.6,612.6,612.6,612.6,612.6,Low MAP
HPC1583,Yes,Yes,236,Yes,No,Y_2019,38.47,1132.5,Root,SCSC,SP,Sioux Prairie,West,564,44.032214,-96.78054,Northern Tallgrass Prairie,Dry Sand - Gravel Prairie ,Dry Sand - Gravel Prairie ,"Egan-Wentworth complex, 2 to 6 percent slopes",6.2,31.5,6.5,62,4,0,0.2,4.68,235,Madison,612.6,617.3,612.6,612.6,612.6,612.6,612.6,Low MAP
HPC1584,Yes,Yes,237,Yes,No,Y_2019,38.47,1132.5,Root,SCSC,SP,Sioux Prairie,West,564,44.032214,-96.78054,Northern Tallgrass Prairie,Dry Sand - Gravel Prairie ,Dry Sand - Gravel Prairie ,"Egan-Wentworth complex, 2 to 6 percent slopes",6.2,31.5,6.5,62,4,0,0.2,4.68,236,Madison,612.6,617.3,612.6,612.6,612.6,612.6,612.6,Low MAP
HPC1585,Yes,Yes,238,Yes,No,Y_2019,38.47,1132.5,Root,SCSC,SP,Sioux Prairie,West,564,44.032214,-96.78054,Northern Tallgrass Prairie,Dry Sand - Gravel Prairie ,Dry Sand - Gravel Prairie ,"Egan-Wentworth complex, 2 to 6 percent slopes",6.2,31.5,6.5,62,4,0,0.2,4.68,237,Madison,612.6,617.3,612.6,612.6,612.6,612.6,612.6,Low MAP
HPC1586,Yes,Yes,239,Yes,No,Y_2019,38.47,1132.5,Root,SCSC,SP,Sioux Prairie,West,564,44.032214,-96.78054,Northern Tallgrass Prairie,Dry Sand - Gravel Prairie ,Dry Sand - Gravel Prairie ,"Egan-Wentworth complex, 2 to 6 percent slopes",6.2,31.5,6.5,62,4,0,0.2,4.68,238,Madison,612.6,617.3,612.6,612.6,612.6,612.6,612.6,Low MAP
HPC1587,Yes,Yes,240,Yes,No,Y_2019,38.47,1132.5,Root,SCSC,SP,Sioux Prairie,West,564,44.032214,-96.78054,Northern Tallgrass Prairie,Dry Sand - Gravel Prairie ,Dry Sand - Gravel Prairie ,"Egan-Wentworth complex, 2 to 6 percent slopes",6.2,31.5,6.5,62,4,0,0.2,4.68,239,Madison,612.6,617.3,612.6,612.6,612.6,612.6,612.6,Low MAP
HPC1589,Yes,Yes,241,Yes,No,Y_2019,38.47,1132.5,Root,SCSC,SP,Sioux Prairie,West,564,44.032214,-96.78054,Northern Tallgrass Prairie,Dry Sand - Gravel Prairie ,Dry Sand - Gravel Prairie ,"Egan-Wentworth complex, 2 to 6 percent slopes",6.2,31.5,6.5,62,4,0,0.2,4.68,240,Madison,612.6,617.3,612.6,612.6,612.6,612.6,612.6,Low MAP
HPC1591,Yes,Yes,242,Yes,No,Y_2019,38.47,1132.5,Root,SCSC,SP,Sioux Prairie,West,564,44.032214,-96.78054,Northern Tallgrass Prairie,Dry Sand - Gravel Prairie ,Dry Sand - Gravel Prairie ,"Egan-Wentworth complex, 2 to 6 percent slopes",6.2,31.5,6.5,62,4,0,0.2,4.68,241,Madison,612.6,617.3,612.6,612.6,612.6,612.6,612.6,Low MAP
HPC1592,Yes,Yes,243,Yes,No,Y_2019,38.47,1132.5,Root,SCSC,SP,Sioux Prairie,West,564,44.032214,-96.78054,Northern Tallgrass Prairie,Dry Sand - Gravel Prairie ,Dry Sand - Gravel Prairie ,"Egan-Wentworth complex, 2 to 6 percent slopes",6.2,31.5,6.5,62,4,0,0.2,4.68,242,Madison,612.6,617.3,612.6,612.6,612.6,612.6,612.6,Low MAP
HPC1594,Yes,Yes,244,Yes,No,Y_2019,38.47,1132.5,Root,SCSC,SP,Sioux Prairie,West,564,44.032214,-96.78054,Northern Tallgrass Prairie,Dry Sand - Gravel Prairie ,Dry Sand - Gravel Prairie ,"Egan-Wentworth complex, 2 to 6 percent slopes",6.2,31.5,6.5,62,4,0,0.2,4.68,243,Madison,612.6,617.3,612.6,612.6,612.6,612.6,612.6,Low MAP
HPC1596,Yes,Yes,245,Yes,No,Y_2019,38.47,1132.5,Root,SCSC,SP,Sioux Prairie,West,564,44.032214,-96.78054,Northern Tallgrass Prairie,Dry Sand - Gravel Prairie ,Dry Sand - Gravel Prairie ,"Egan-Wentworth complex, 2 to 6 percent slopes",6.2,31.5,6.5,62,4,0,0.2,4.68,244,Madison,612.6,617.3,612.6,612.6,612.6,612.6,612.6,Low MAP
HPC1597,Yes,Yes,246,Yes,No,Y_2019,38.47,1132.5,Root,SCSC,SP,Sioux Prairie,West,564,44.032214,-96.78054,Northern Tallgrass Prairie,Dry Sand - Gravel Prairie ,Dry Sand - Gravel Prairie ,"Egan-Wentworth complex, 2 to 6 percent slopes",6.2,31.5,6.5,62,4,0,0.2,4.68,245,Madison,612.6,617.3,612.6,612.6,612.6,612.6,612.6,Low MAP
HPC1599,Yes,Yes,247,Yes,No,Y_2019,38.47,1132.5,Root,SCSC,SP,Sioux Prairie,West,564,44.032214,-96.78054,Northern Tallgrass Prairie,Dry Sand - Gravel Prairie ,Dry Sand - Gravel Prairie ,"Egan-Wentworth complex, 2 to 6 percent slopes",6.2,31.5,6.5,62,4,0,0.2,4.68,246,Madison,612.6,617.3,612.6,612.6,612.6,612.6,612.6,Low MAP
HPC1600,Yes,Yes,248,Yes,No,Y_2019,38.47,1132.5,Root,SCSC,SP,Sioux Prairie,West,564,44.032214,-96.78054,Northern Tallgrass Prairie,Dry Sand - Gravel Prairie ,Dry Sand - Gravel Prairie ,"Egan-Wentworth complex, 2 to 6 percent slopes",6.2,31.5,6.5,62,4,0,0.2,4.68,247,Madison,612.6,617.3,612.6,612.6,612.6,612.6,612.6,Low MAP
HPC1601,Yes,Yes,249,Yes,No,Y_2019,38.47,1132.5,Root,SCSC,SP,Sioux Prairie,West,564,44.032214,-96.78054,Northern Tallgrass Prairie,Dry Sand - Gravel Prairie ,Dry Sand - Gravel Prairie ,"Egan-Wentworth complex, 2 to 6 percent slopes",6.2,31.5,6.5,62,4,0,0.2,4.68,248,Madison,612.6,617.3,612.6,612.6,612.6,612.6,612.6,Low MAP
HPC1602,Yes,Yes,250,Yes,No,Y_2019,38.47,1132.5,Root,SCSC,SP,Sioux Prairie,West,564,44.032214,-96.78054,Northern Tallgrass Prairie,Dry Sand - Gravel Prairie ,Dry Sand - Gravel Prairie ,"Egan-Wentworth complex, 2 to 6 percent slopes",6.2,31.5,6.5,62,4,0,0.2,4.68,249,Madison,612.6,617.3,612.6,612.6,612.6,612.6,612.6,Low MAP
HPC1603,Yes,Yes,251,Yes,No,Y_2019,38.47,1132.5,Root,SCSC,SP,Sioux Prairie,West,564,44.032214,-96.78054,Northern Tallgrass Prairie,Dry Sand - Gravel Prairie ,Dry Sand - Gravel Prairie ,"Egan-Wentworth complex, 2 to 6 percent slopes",6.2,31.5,6.5,62,4,0,0.2,4.68,250,Madison,612.6,617.3,612.6,612.6,612.6,612.6,612.6,Low MAP
HPC1605,Yes,Yes,252,Yes,No,Y_2019,38.47,1132.5,Root,SCSC,SP,Sioux Prairie,West,564,44.032214,-96.78054,Northern Tallgrass Prairie,Dry Sand - Gravel Prairie ,Dry Sand - Gravel Prairie ,"Egan-Wentworth complex, 2 to 6 percent slopes",6.2,31.5,6.5,62,4,0,0.2,4.68,251,Madison,612.6,617.3,612.6,612.6,612.6,612.6,612.6,Low MAP
HPC1607,Yes,Yes,253,Yes,No,Y_2019,38.47,1132.5,Root,SCSC,SP,Sioux Prairie,West,564,44.032214,-96.78054,Northern Tallgrass Prairie,Dry Sand - Gravel Prairie ,Dry Sand - Gravel Prairie ,"Egan-Wentworth complex, 2 to 6 percent slopes",6.2,31.5,6.5,62,4,0,0.2,4.68,252,Madison,612.6,617.3,612.6,612.6,612.6,612.6,612.6,Low MAP
HPC1608,Yes,Yes,254,Yes,No,Y_2019,38.47,1132.5,Root,SCSC,SP,Sioux Prairie,West,564,44.032214,-96.78054,Northern Tallgrass Prairie,Dry Sand - Gravel Prairie ,Dry Sand - Gravel Prairie ,"Egan-Wentworth complex, 2 to 6 percent slopes",6.2,31.5,6.5,62,4,0,0.2,4.68,253,Madison,612.6,617.3,612.6,612.6,612.6,612.6,612.6,Low MAP
HPC1609,Yes,Yes,255,Yes,No,Y_2019,38.47,1132.5,Root,SCSC,SP,Sioux Prairie,West,564,44.032214,-96.78054,Northern Tallgrass Prairie,Dry Sand - Gravel Prairie ,Dry Sand - Gravel Prairie ,"Egan-Wentworth complex, 2 to 6 percent slopes",6.2,31.5,6.5,62,4,0,0.2,4.68,254,Madison,612.6,617.3,612.6,612.6,612.6,612.6,612.6,Low MAP
HPC1610,Yes,Yes,256,Yes,No,Y_2019,38.47,1132.5,Root,SCSC,SP,Sioux Prairie,West,564,44.032214,-96.78054,Northern Tallgrass Prairie,Dry Sand - Gravel Prairie ,Dry Sand - Gravel Prairie ,"Egan-Wentworth complex, 2 to 6 percent slopes",6.2,31.5,6.5,62,4,0,0.2,4.68,255,Madison,612.6,617.3,612.6,612.6,612.6,612.6,612.6,Low MAP
HPC1611,Yes,Yes,257,Yes,No,Y_2019,45.1,1075,Root,SCSC,CWR,Cottonwood River SNA,Central,699,44.12141,-95.06171,Northern Tallgrass Prairie,Dry Sand - Gravel Prairie ,Dry Sand - Gravel Prairie ,"Webster clay loam, 0 to 2 percent slopes",6.5,33,25,42,7,0,0.18,4.37,256,Windom,679.2,679.2,679.2,679.2,679.2,679.2,679.2,Mid MAP
HPC1612,Yes,Yes,258,Yes,No,Y_2019,45.1,1075,Root,SCSC,CWR,Cottonwood River SNA,Central,699,44.12141,-95.06171,Northern Tallgrass Prairie,Dry Sand - Gravel Prairie ,Dry Sand - Gravel Prairie ,"Webster clay loam, 0 to 2 percent slopes",6.5,33,25,42,7,0,0.18,4.37,257,Windom,679.2,679.2,679.2,679.2,679.2,679.2,679.2,Mid MAP
HPC1615,Yes,Yes,259,Yes,No,Y_2019,45.1,1075,Root,SCSC,CWR,Cottonwood River SNA,Central,699,44.12141,-95.06171,Northern Tallgrass Prairie,Dry Sand - Gravel Prairie ,Dry Sand - Gravel Prairie ,"Webster clay loam, 0 to 2 percent slopes",6.5,33,25,42,7,0,0.18,4.37,258,Windom,679.2,679.2,679.2,679.2,679.2,679.2,679.2,Mid MAP
HPC1618,Yes,Yes,260,Yes,No,Y_2019,45.1,1075,Root,SCSC,CWR,Cottonwood River SNA,Central,699,44.12141,-95.06171,Northern Tallgrass Prairie,Dry Sand - Gravel Prairie ,Dry Sand - Gravel Prairie ,"Webster clay loam, 0 to 2 percent slopes",6.5,33,25,42,7,0,0.18,4.37,259,Windom,679.2,679.2,679.2,679.2,679.2,679.2,679.2,Mid MAP
HPC1619,Yes,Yes,261,Yes,No,Y_2019,45.1,1075,Root,SCSC,CWR,Cottonwood River SNA,Central,699,44.12141,-95.06171,Northern Tallgrass Prairie,Dry Sand - Gravel Prairie ,Dry Sand - Gravel Prairie ,"Webster clay loam, 0 to 2 percent slopes",6.5,33,25,42,7,0,0.18,4.37,260,Windom,679.2,679.2,679.2,679.2,679.2,679.2,679.2,Mid MAP
HPC1621,Yes,Yes,262,Yes,No,Y_2019,45.1,1075,Root,SCSC,CWR,Cottonwood River SNA,Central,699,44.12141,-95.06171,Northern Tallgrass Prairie,Dry Sand - Gravel Prairie ,Dry Sand - Gravel Prairie ,"Webster clay loam, 0 to 2 percent slopes",6.5,33,25,42,7,0,0.18,4.37,261,Windom,679.2,679.2,679.2,679.2,679.2,679.2,679.2,Mid MAP
HPC1622,Yes,Yes,263,Yes,No,Y_2019,45.1,1075,Root,SCSC,CWR,Cottonwood River SNA,Central,699,44.12141,-95.06171,Northern Tallgrass Prairie,Dry Sand - Gravel Prairie ,Dry Sand - Gravel Prairie ,"Webster clay loam, 0 to 2 percent slopes",6.5,33,25,42,7,0,0.18,4.37,262,Windom,679.2,679.2,679.2,679.2,679.2,679.2,679.2,Mid MAP
HPC1623,Yes,Yes,264,Yes,No,Y_2019,45.1,1075,Root,SCSC,CWR,Cottonwood River SNA,Central,699,44.12141,-95.06171,Northern Tallgrass Prairie,Dry Sand - Gravel Prairie ,Dry Sand - Gravel Prairie ,"Webster clay loam, 0 to 2 percent slopes",6.5,33,25,42,7,0,0.18,4.37,263,Windom,679.2,679.2,679.2,679.2,679.2,679.2,679.2,Mid MAP
HPC1625,Yes,Yes,265,Yes,No,Y_2019,45.1,1075,Root,SCSC,CWR,Cottonwood River SNA,Central,699,44.12141,-95.06171,Northern Tallgrass Prairie,Dry Sand - Gravel Prairie ,Dry Sand - Gravel Prairie ,"Webster clay loam, 0 to 2 percent slopes",6.5,33,25,42,7,0,0.18,4.37,264,Windom,679.2,679.2,679.2,679.2,679.2,679.2,679.2,Mid MAP
HPC1626,Yes,Yes,266,Yes,No,Y_2019,45.1,1075,Root,SCSC,CWR,Cottonwood River SNA,Central,699,44.12141,-95.06171,Northern Tallgrass Prairie,Dry Sand - Gravel Prairie ,Dry Sand - Gravel Prairie ,"Webster clay loam, 0 to 2 percent slopes",6.5,33,25,42,7,0,0.18,4.37,265,Windom,679.2,679.2,679.2,679.2,679.2,679.2,679.2,Mid MAP
HPC1627,Yes,Yes,267,Yes,No,Y_2019,45.1,1075,Root,SCSC,CWR,Cottonwood River SNA,Central,699,44.12141,-95.06171,Northern Tallgrass Prairie,Dry Sand - Gravel Prairie ,Dry Sand - Gravel Prairie ,"Webster clay loam, 0 to 2 percent slopes",6.5,33,25,42,7,0,0.18,4.37,266,Windom,679.2,679.2,679.2,679.2,679.2,679.2,679.2,Mid MAP
HPC1628,Yes,Yes,268,Yes,No,Y_2019,45.1,1075,Root,SCSC,CWR,Cottonwood River SNA,Central,699,44.12141,-95.06171,Northern Tallgrass Prairie,Dry Sand - Gravel Prairie ,Dry Sand - Gravel Prairie ,"Webster clay loam, 0 to 2 percent slopes",6.5,33,25,42,7,0,0.18,4.37,267,Windom,679.2,679.2,679.2,679.2,679.2,679.2,679.2,Mid MAP
HPC1629,Yes,Yes,269,Yes,No,Y_2019,45.1,1075,Root,SCSC,CWR,Cottonwood River SNA,Central,699,44.12141,-95.06171,Northern Tallgrass Prairie,Dry Sand - Gravel Prairie ,Dry Sand - Gravel Prairie ,"Webster clay loam, 0 to 2 percent slopes",6.5,33,25,42,7,0,0.18,4.37,268,Windom,679.2,679.2,679.2,679.2,679.2,679.2,679.2,Mid MAP
HPC1630,Yes,Yes,270,Yes,No,Y_2019,45.1,1075,Root,SCSC,CWR,Cottonwood River SNA,Central,699,44.12141,-95.06171,Northern Tallgrass Prairie,Dry Sand - Gravel Prairie ,Dry Sand - Gravel Prairie ,"Webster clay loam, 0 to 2 percent slopes",6.5,33,25,42,7,0,0.18,4.37,269,Windom,679.2,679.2,679.2,679.2,679.2,679.2,679.2,Mid MAP
HPC1631,Yes,Yes,271,Yes,No,Y_2019,45.1,1075,Root,SCSC,CWR,Cottonwood River SNA,Central,699,44.12141,-95.06171,Northern Tallgrass Prairie,Dry Sand - Gravel Prairie ,Dry Sand - Gravel Prairie ,"Webster clay loam, 0 to 2 percent slopes",6.5,33,25,42,7,0,0.18,4.37,270,Windom,679.2,679.2,679.2,679.2,679.2,679.2,679.2,Mid MAP
HPC1632,Yes,Yes,272,Yes,No,Y_2019,45.1,1075,Root,SCSC,CWR,Cottonwood River SNA,Central,699,44.12141,-95.06171,Northern Tallgrass Prairie,Dry Sand - Gravel Prairie ,Dry Sand - Gravel Prairie ,"Webster clay loam, 0 to 2 percent slopes",6.5,33,25,42,7,0,0.18,4.37,271,Windom,679.2,679.2,679.2,679.2,679.2,679.2,679.2,Mid MAP
HPC1633,Yes,Yes,273,Yes,No,Y_2019,45.1,1075,Root,SCSC,CWR,Cottonwood River SNA,Central,699,44.12141,-95.06171,Northern Tallgrass Prairie,Dry Sand - Gravel Prairie ,Dry Sand - Gravel Prairie ,"Webster clay loam, 0 to 2 percent slopes",6.5,33,25,42,7,0,0.18,4.37,272,Windom,679.2,679.2,679.2,679.2,679.2,679.2,679.2,Mid MAP
HPC1634,Yes,Yes,274,Yes,No,Y_2019,45.1,1075,Root,SCSC,CWR,Cottonwood River SNA,Central,699,44.12141,-95.06171,Northern Tallgrass Prairie,Dry Sand - Gravel Prairie ,Dry Sand - Gravel Prairie ,"Webster clay loam, 0 to 2 percent slopes",6.5,33,25,42,7,0,0.18,4.37,273,Windom,679.2,679.2,679.2,679.2,679.2,679.2,679.2,Mid MAP
HPC1635,Yes,Yes,275,Yes,No,Y_2019,45.1,1075,Root,SCSC,CWR,Cottonwood River SNA,Central,699,44.12141,-95.06171,Northern Tallgrass Prairie,Dry Sand - Gravel Prairie ,Dry Sand - Gravel Prairie ,"Webster clay loam, 0 to 2 percent slopes",6.5,33,25,42,7,0,0.18,4.37,274,Windom,679.2,679.2,679.2,679.2,679.2,679.2,679.2,Mid MAP
HPC1637,Yes,Yes,276,Yes,No,Y_2019,45.1,1075,Root,SCSC,CWR,Cottonwood River SNA,Central,699,44.12141,-95.06171,Northern Tallgrass Prairie,Dry Sand - Gravel Prairie ,Dry Sand - Gravel Prairie ,"Webster clay loam, 0 to 2 percent slopes",6.5,33,25,42,7,0,0.18,4.37,275,Windom,679.2,679.2,679.2,679.2,679.2,679.2,679.2,Mid MAP
HPC1638,Yes,Yes,277,Yes,No,Y_2019,45.1,1075,Root,SCSC,CWR,Cottonwood River SNA,Central,699,44.12141,-95.06171,Northern Tallgrass Prairie,Dry Sand - Gravel Prairie ,Dry Sand - Gravel Prairie ,"Webster clay loam, 0 to 2 percent slopes",6.5,33,25,42,7,0,0.18,4.37,276,Windom,679.2,679.2,679.2,679.2,679.2,679.2,679.2,Mid MAP
HPC1639,Yes,Yes,278,Yes,No,Y_2019,45.1,1075,Root,SCSC,CWR,Cottonwood River SNA,Central,699,44.12141,-95.06171,Northern Tallgrass Prairie,Dry Sand - Gravel Prairie ,Dry Sand - Gravel Prairie ,"Webster clay loam, 0 to 2 percent slopes",6.5,33,25,42,7,0,0.18,4.37,277,Windom,679.2,679.2,679.2,679.2,679.2,679.2,679.2,Mid MAP
HPC1640,Yes,Yes,279,Yes,No,Y_2019,45.1,1075,Root,SCSC,CWR,Cottonwood River SNA,Central,699,44.12141,-95.06171,Northern Tallgrass Prairie,Dry Sand - Gravel Prairie ,Dry Sand - Gravel Prairie ,"Webster clay loam, 0 to 2 percent slopes",6.5,33,25,42,7,0,0.18,4.37,278,Windom,679.2,679.2,679.2,679.2,679.2,679.2,679.2,Mid MAP
HPC1642,Yes,Yes,280,Yes,No,Y_2019,40.3,1109.5,Root,SCSC,HSC,Hasting Sand Coulee ,East,850,44.42428,-92.49619,Prairie-Forest Border,Dry Sand - Gravel Prairie ,Dry Sand - Gravel Prairie ,"Hubbard loamy sand, 6 to 12 percent slopes",6.2,7,83.9,9.2,3.5,0,0.1,2.4,279,Hastings,840.4,845.6,840.4,837.9,840.4,840.4,840.4,High MAP
HPC1643,Yes,Yes,281,Yes,No,Y_2019,40.3,1109.5,Root,SCSC,HSC,Hasting Sand Coulee ,East,850,44.42428,-92.49619,Prairie-Forest Border,Dry Sand - Gravel Prairie ,Dry Sand - Gravel Prairie ,"Hubbard loamy sand, 6 to 12 percent slopes",6.2,7,83.9,9.2,3.5,0,0.1,2.4,280,Hastings,840.4,845.6,840.4,837.9,840.4,840.4,840.4,High MAP
HPC1645,Yes,Yes,282,Yes,No,Y_2019,40.3,1109.5,Root,SCSC,HSC,Hasting Sand Coulee ,East,850,44.42428,-92.49619,Prairie-Forest Border,Dry Sand - Gravel Prairie ,Dry Sand - Gravel Prairie ,"Hubbard loamy sand, 6 to 12 percent slopes",6.2,7,83.9,9.2,3.5,0,0.1,2.4,281,Hastings,840.4,845.6,840.4,837.9,840.4,840.4,840.4,High MAP
HPC1648,Yes,Yes,283,Yes,No,Y_2019,40.3,1109.5,Root,SCSC,HSC,Hasting Sand Coulee ,East,850,44.42428,-92.49619,Prairie-Forest Border,Dry Sand - Gravel Prairie ,Dry Sand - Gravel Prairie ,"Hubbard loamy sand, 6 to 12 percent slopes",6.2,7,83.9,9.2,3.5,0,0.1,2.4,282,Hastings,840.4,845.6,840.4,837.9,840.4,840.4,840.4,High MAP
HPC1649,Yes,Yes,284,Yes,No,Y_2019,40.3,1109.5,Root,SCSC,HSC,Hasting Sand Coulee ,East,850,44.42428,-92.49619,Prairie-Forest Border,Dry Sand - Gravel Prairie ,Dry Sand - Gravel Prairie ,"Hubbard loamy sand, 6 to 12 percent slopes",6.2,7,83.9,9.2,3.5,0,0.1,2.4,283,Hastings,840.4,845.6,840.4,837.9,840.4,840.4,840.4,High MAP
HPC1650,Yes,Yes,285,Yes,No,Y_2019,40.3,1109.5,Root,SCSC,HSC,Hasting Sand Coulee ,East,850,44.42428,-92.49619,Prairie-Forest Border,Dry Sand - Gravel Prairie ,Dry Sand - Gravel Prairie ,"Hubbard loamy sand, 6 to 12 percent slopes",6.2,7,83.9,9.2,3.5,0,0.1,2.4,284,Hastings,840.4,845.6,840.4,837.9,840.4,840.4,840.4,High MAP
HPC1651,Yes,Yes,286,Yes,No,Y_2019,40.3,1109.5,Root,SCSC,HSC,Hasting Sand Coulee ,East,850,44.42428,-92.49619,Prairie-Forest Border,Dry Sand - Gravel Prairie ,Dry Sand - Gravel Prairie ,"Hubbard loamy sand, 6 to 12 percent slopes",6.2,7,83.9,9.2,3.5,0,0.1,2.4,285,Hastings,840.4,845.6,840.4,837.9,840.4,840.4,840.4,High MAP
HPC1652,Yes,Yes,287,Yes,No,Y_2019,40.3,1109.5,Root,SCSC,HSC,Hasting Sand Coulee ,East,850,44.42428,-92.49619,Prairie-Forest Border,Dry Sand - Gravel Prairie ,Dry Sand - Gravel Prairie ,"Hubbard loamy sand, 6 to 12 percent slopes",6.2,7,83.9,9.2,3.5,0,0.1,2.4,286,Hastings,840.4,845.6,840.4,837.9,840.4,840.4,840.4,High MAP
HPC1654,Yes,Yes,288,Yes,No,Y_2019,40.3,1109.5,Root,SCSC,HSC,Hasting Sand Coulee ,East,850,44.42428,-92.49619,Prairie-Forest Border,Dry Sand - Gravel Prairie ,Dry Sand - Gravel Prairie ,"Hubbard loamy sand, 6 to 12 percent slopes",6.2,7,83.9,9.2,3.5,0,0.1,2.4,287,Hastings,840.4,845.6,840.4,837.9,840.4,840.4,840.4,High MAP
HPC1655,Yes,Yes,289,Yes,No,Y_2019,40.3,1109.5,Root,SCSC,HSC,Hasting Sand Coulee ,East,850,44.42428,-92.49619,Prairie-Forest Border,Dry Sand - Gravel Prairie ,Dry Sand - Gravel Prairie ,"Hubbard loamy sand, 6 to 12 percent slopes",6.2,7,83.9,9.2,3.5,0,0.1,2.4,288,Hastings,840.4,845.6,840.4,837.9,840.4,840.4,840.4,High MAP
HPC1657,Yes,Yes,290,Yes,No,Y_2019,40.3,1109.5,Root,SCSC,HSC,Hasting Sand Coulee ,East,850,44.42428,-92.49619,Prairie-Forest Border,Dry Sand - Gravel Prairie ,Dry Sand - Gravel Prairie ,"Hubbard loamy sand, 6 to 12 percent slopes",6.2,7,83.9,9.2,3.5,0,0.1,2.4,289,Hastings,840.4,845.6,840.4,837.9,840.4,840.4,840.4,High MAP
HPC1661,Yes,Yes,291,Yes,No,Y_2019,40.3,1109.5,Root,SCSC,HSC,Hasting Sand Coulee ,East,850,44.42428,-92.49619,Prairie-Forest Border,Dry Sand - Gravel Prairie ,Dry Sand - Gravel Prairie ,"Hubbard loamy sand, 6 to 12 percent slopes",6.2,7,83.9,9.2,3.5,0,0.1,2.4,290,Hastings,840.4,845.6,840.4,837.9,840.4,840.4,840.4,High MAP
HPC1662,Yes,Yes,292,Yes,No,Y_2019,40.3,1109.5,Root,SCSC,HSC,Hasting Sand Coulee ,East,850,44.42428,-92.49619,Prairie-Forest Border,Dry Sand - Gravel Prairie ,Dry Sand - Gravel Prairie ,"Hubbard loamy sand, 6 to 12 percent slopes",6.2,7,83.9,9.2,3.5,0,0.1,2.4,291,Hastings,840.4,845.6,840.4,837.9,840.4,840.4,840.4,High MAP
HPC1663,Yes,Yes,293,Yes,No,Y_2019,40.3,1109.5,Root,SCSC,HSC,Hasting Sand Coulee ,East,850,44.42428,-92.49619,Prairie-Forest Border,Dry Sand - Gravel Prairie ,Dry Sand - Gravel Prairie ,"Hubbard loamy sand, 6 to 12 percent slopes",6.2,7,83.9,9.2,3.5,0,0.1,2.4,292,Hastings,840.4,845.6,840.4,837.9,840.4,840.4,840.4,High MAP
HPC1664,Yes,Yes,294,Yes,No,Y_2019,40.3,1109.5,Root,SCSC,HSC,Hasting Sand Coulee ,East,850,44.42428,-92.49619,Prairie-Forest Border,Dry Sand - Gravel Prairie ,Dry Sand - Gravel Prairie ,"Hubbard loamy sand, 6 to 12 percent slopes",6.2,7,83.9,9.2,3.5,0,0.1,2.4,293,Hastings,840.4,845.6,840.4,837.9,840.4,840.4,840.4,High MAP
HPC1665,Yes,Yes,295,Yes,No,Y_2019,40.3,1109.5,Root,SCSC,HSC,Hasting Sand Coulee ,East,850,44.42428,-92.49619,Prairie-Forest Border,Dry Sand - Gravel Prairie ,Dry Sand - Gravel Prairie ,"Hubbard loamy sand, 6 to 12 percent slopes",6.2,7,83.9,9.2,3.5,0,0.1,2.4,294,Hastings,840.4,845.6,840.4,837.9,840.4,840.4,840.4,High MAP
HPC1667,Yes,Yes,296,Yes,No,Y_2019,40.3,1109.5,Root,SCSC,HSC,Hasting Sand Coulee ,East,850,44.42428,-92.49619,Prairie-Forest Border,Dry Sand - Gravel Prairie ,Dry Sand - Gravel Prairie ,"Hubbard loamy sand, 6 to 12 percent slopes",6.2,7,83.9,9.2,3.5,0,0.1,2.4,295,Hastings,840.4,845.6,840.4,837.9,840.4,840.4,840.4,High MAP
HPC1668,Yes,Yes,297,Yes,No,Y_2019,40.3,1109.5,Root,SCSC,HSC,Hasting Sand Coulee ,East,850,44.42428,-92.49619,Prairie-Forest Border,Dry Sand - Gravel Prairie ,Dry Sand - Gravel Prairie ,"Hubbard loamy sand, 6 to 12 percent slopes",6.2,7,83.9,9.2,3.5,0,0.1,2.4,296,Hastings,840.4,845.6,840.4,837.9,840.4,840.4,840.4,High MAP
HPC1669,Yes,Yes,298,Yes,No,Y_2019,40.3,1109.5,Root,SCSC,HSC,Hasting Sand Coulee ,East,850,44.42428,-92.49619,Prairie-Forest Border,Dry Sand - Gravel Prairie ,Dry Sand - Gravel Prairie ,"Hubbard loamy sand, 6 to 12 percent slopes",6.2,7,83.9,9.2,3.5,0,0.1,2.4,297,Hastings,840.4,845.6,840.4,837.9,840.4,840.4,840.4,High MAP
HPC1417KNZ,Yes,Yes,302,No,No,Y_2019,NA,NA,Root,SCSC,HTM,Hole-in-the Mountain Prairie,West,629,44.14408,-96.17912,Northern Tallgrass Prairie,Dry Hill Prairie ,"Mesic Prairie (Southern)

Prairie Meadow/Carr

Wet Prairie (Southern)","Vienna-Brookings complex, 1 to 6 percent slopes",6.5,25.8,7,67.2,2.79,0,0.22,NA,301,Pipestone,618.7,581.4,636.7,636.7,612.6,612.6,612.6,Low MAP
HPC1483KNZ,Yes,Yes,303,No,No,Y_2019,NA,1135.8,Root,SCSC,MP,Mound Prairie SNA,East,939,43.45996,-91.25462,Prairie-Forest Border,Bedrock bluff prairie,Dry Bedrock Bluff Prairie,"Brodale-Bellechester complex, 30 to 60 percent slopes, rocky",7.4,13,51.4,35.6,9.71,13,0.1,2.15,302,Lacrosse,876.5,875.7,876.5,876.5,876.5,840.4,840.4,High MAP
HPC1518KNZ,Yes,Yes,304,Yes,No,Y_2019,NA,1052.2,Root,SCSC,PC,Prairie Coteau,West,686,44.7464,-96.9263,Northern Tallgrass Prairie,Dry Hill Prairie ,Dry Hill Prairie ,"Barnes-Buse complex, 3 to 6 percent slopes",7.9,23,39.8,37.7,4.5,15,0.21,4.99,303,Pipestone,636.7,651.2,636.7,636.7,679.2,679.2,679.2,Low MAP
HPC1662KNZ,Yes,Yes,305,Yes,No,Y_2019,NA,1109.5,Root,SCSC,HSC,Hasting Sand Coulee ,East,850,44.42428,-92.49619,Prairie-Forest Border,Dry Sand - Gravel Prairie ,Dry Sand - Gravel Prairie ,"Hubbard loamy sand, 6 to 12 percent slopes",6.2,7,83.9,9.2,3.5,0,0.1,2.4,304,Hastings,840.4,845.6,840.4,837.9,840.4,840.4,840.4,High MAP
HPC1671,Yes,Yes,306,No,No,Y_2020,828,828,Root,SCSC,KNZ,Konza Prairie,West,835,39.076272,-96.592229,Northern Tallgrass Prairie,Mesic grassland,,,8.4,4,47,49,1.35,NA,NA,NA,305,Manhattan,837.9,859,837.9,837.9,840.4,840.4,840.4,High MAP
HPC1672,Yes,No,307,No,No,Y_2020,828,828,Root,SCSC,KNZ,Konza Prairie,West,835,39.076272,-96.592229,Northern Tallgrass Prairie,Mesic grassland,,,8.4,4,47,49,1.35,NA,NA,NA,306,Manhattan,837.9,859,837.9,837.9,840.4,840.4,840.4,High MAP
HPC1674,Yes,No,309,No,No,Y_2020,828,828,Root,SCSC,KNZ,Konza Prairie,West,835,39.076272,-96.592229,Northern Tallgrass Prairie,Mesic grassland,,,8.4,4,47,49,1.35,NA,NA,NA,308,Manhattan,837.9,859,837.9,837.9,840.4,840.4,840.4,High MAP
HPC1675,Yes,Yes,310,No,No,Y_2020,828,828,Root,SCSC,KNZ,Konza Prairie,West,835,39.076272,-96.592229,Northern Tallgrass Prairie,Mesic grassland,,,8.4,4,47,49,1.35,NA,NA,NA,309,Manhattan,837.9,859,837.9,837.9,840.4,840.4,840.4,High MAP
HPC1676,Yes,No,311,No,No,Y_2020,828,828,Root,SCSC,KNZ,Konza Prairie,West,835,39.076272,-96.592229,Northern Tallgrass Prairie,Mesic grassland,,,8.4,4,47,49,1.35,NA,NA,NA,310,Manhattan,837.9,859,837.9,837.9,840.4,840.4,840.4,High MAP
HPC1677,Yes,No,312,No,No,Y_2020,828,828,Root,SCSC,KNZ,Konza Prairie,West,835,39.076272,-96.592229,Northern Tallgrass Prairie,Mesic grassland,,,8.4,4,47,49,1.35,NA,NA,NA,311,Manhattan,837.9,859,837.9,837.9,840.4,840.4,840.4,High MAP
HPC1679,Yes,Yes,314,No,No,Y_2020,828,828,Root,SCSC,KNZ,Konza Prairie,West,835,39.076272,-96.592229,Northern Tallgrass Prairie,Mesic grassland,,,8.4,4,47,49,1.35,NA,NA,NA,313,Manhattan,837.9,859,837.9,837.9,840.4,840.4,840.4,High MAP
HPC1680,Yes,No,315,No,No,Y_2020,828,828,Root,SCSC,KNZ,Konza Prairie,West,835,39.076272,-96.592229,Northern Tallgrass Prairie,Mesic grassland,,,8.4,4,47,49,1.35,NA,NA,NA,314,Manhattan,837.9,859,837.9,837.9,840.4,840.4,840.4,High MAP
HPC1681,Yes,Yes,316,No,No,Y_2020,828,828,Root,SCSC,KNZ,Konza Prairie,West,835,39.076272,-96.592229,Northern Tallgrass Prairie,Mesic grassland,,,8.4,4,47,49,1.35,NA,NA,NA,315,Manhattan,837.9,859,837.9,837.9,840.4,840.4,840.4,High MAP
HPC1682,Yes,Yes,317,No,No,Y_2020,828,828,Root,SCSC,KNZ,Konza Prairie,West,835,39.076272,-96.592229,Northern Tallgrass Prairie,Mesic grassland,,,8.4,4,47,49,1.35,NA,NA,NA,316,Manhattan,837.9,859,837.9,837.9,840.4,840.4,840.4,High MAP
HPC1684,Yes,Yes,319,No,No,Y_2020,828,828,Root,SCSC,KNZ,Konza Prairie,West,835,39.076272,-96.592229,Northern Tallgrass Prairie,Mesic grassland,,,8.4,4,47,49,1.35,NA,NA,NA,318,Manhattan,837.9,859,837.9,837.9,840.4,840.4,840.4,High MAP
HPC1686,Yes,Yes,321,No,No,Y_2020,828,828,Root,SCSC,KNZ,Konza Prairie,West,835,39.076272,-96.592229,Northern Tallgrass Prairie,Mesic grassland,,,8.4,4,47,49,1.35,NA,NA,NA,320,Manhattan,837.9,859,837.9,837.9,840.4,840.4,840.4,High MAP
HPC1688,Yes,Yes,323,No,No,Y_2020,828,828,Root,SCSC,KNZ,Konza Prairie,West,835,39.076272,-96.592229,Northern Tallgrass Prairie,Mesic grassland,,,8.4,4,47,49,1.35,NA,NA,NA,322,Manhattan,837.9,859,837.9,837.9,840.4,840.4,840.4,High MAP
HPC1689,Yes,Yes,324,No,No,Y_2020,828,828,Root,SCSC,KNZ,Konza Prairie,West,835,39.076272,-96.592229,Northern Tallgrass Prairie,Mesic grassland,,,8.4,4,47,49,1.35,NA,NA,NA,323,Manhattan,837.9,859,837.9,837.9,840.4,840.4,840.4,High MAP
HPC1691,Yes,Yes,326,No,No,Y_2020,828,828,Root,SCSC,KNZ,Konza Prairie,West,835,39.076272,-96.592229,Northern Tallgrass Prairie,Mesic grassland,,,8.4,4,47,49,1.35,NA,NA,NA,325,Manhattan,837.9,859,837.9,837.9,840.4,840.4,840.4,High MAP
HPC1693,Yes,Yes,327,No,No,Y_2020,828,828,Root,SCSC,KNZ,Konza Prairie,West,835,39.076272,-96.592229,Northern Tallgrass Prairie,Mesic grassland,,,8.4,4,47,49,1.35,NA,NA,NA,326,Manhattan,837.9,859,837.9,837.9,840.4,840.4,840.4,High MAP
HPC1695,Yes,No,329,No,No,Y_2020,828,828,Root,SCSC,KNZ,Konza Prairie,West,835,39.076272,-96.592229,Northern Tallgrass Prairie,Mesic grassland,,,8.4,4,47,49,1.35,NA,NA,NA,328,Manhattan,837.9,859,837.9,837.9,840.4,840.4,840.4,High MAP
HPC1697,Yes,Yes,331,No,No,Y_2020,828,828,Root,SCSC,KNZ,Konza Prairie,West,835,39.076272,-96.592229,Northern Tallgrass Prairie,Mesic grassland,,,8.4,4,47,49,1.35,NA,NA,NA,330,Manhattan,837.9,859,837.9,837.9,840.4,840.4,840.4,High MAP
HPC16971,Yes,No,332,No,No,Y_2020,828,828,Root,SCSC,KNZ,Konza Prairie,West,835,39.076272,-96.592229,Northern Tallgrass Prairie,Mesic grassland,,,8.4,4,47,49,1.35,NA,NA,NA,331,Manhattan,837.9,859,837.9,837.9,840.4,840.4,840.4,High MAP
HPC1699,Yes,Yes,334,No,No,Y_2020,828,828,Root,SCSC,KNZ,Konza Prairie,West,835,39.076272,-96.592229,Northern Tallgrass Prairie,Mesic grassland,,,8.4,4,47,49,1.35,NA,NA,NA,333,Manhattan,837.9,859,837.9,837.9,840.4,840.4,840.4,High MAP
HPC1700,Yes,Yes,335,No,No,Y_2020,828,828,Root,SCSC,KNZ,Konza Prairie,West,835,39.076272,-96.592229,Northern Tallgrass Prairie,Mesic grassland,,,8.4,4,47,49,1.35,NA,NA,NA,334,Manhattan,837.9,859,837.9,837.9,840.4,840.4,840.4,High MAP
HPC1701,Yes,No,336,No,No,Y_2020,828,828,Root,SCSC,KNZ,Konza Prairie,West,835,39.076272,-96.592229,Northern Tallgrass Prairie,Mesic grassland,,,8.4,4,47,49,1.35,NA,NA,NA,335,Manhattan,837.9,859,837.9,837.9,840.4,840.4,840.4,High MAP
HPC1704,Yes,Yes,339,No,No,Y_2020,828,828,Root,SCSC,KNZ,Konza Prairie,West,835,39.076272,-96.592229,Northern Tallgrass Prairie,Mesic grassland,,,8.4,4,47,49,1.35,NA,NA,NA,338,Manhattan,837.9,859,837.9,837.9,840.4,840.4,840.4,High MAP
HPC1705,Yes,No,340,No,No,Y_2020,828,828,Root,SCSC,KNZ,Konza Prairie,West,835,39.076272,-96.592229,Northern Tallgrass Prairie,Mesic grassland,,,8.4,4,47,49,1.35,NA,NA,NA,339,Manhattan,837.9,859,837.9,837.9,840.4,840.4,840.4,High MAP
HPC1707,Yes,No,342,No,No,Y_2020,828,828,Root,SCSC,KNZ,Konza Prairie,West,835,39.076272,-96.592229,Northern Tallgrass Prairie,Mesic grassland,,,8.4,4,47,49,1.35,NA,NA,NA,341,Manhattan,837.9,859,837.9,837.9,840.4,840.4,840.4,High MAP
HPC1708,Yes,Yes,343,No,No,Y_2020,828,828,Root,SCSC,KNZ,Konza Prairie,West,835,39.076272,-96.592229,Northern Tallgrass Prairie,Mesic grassland,,,8.4,4,47,49,1.35,NA,NA,NA,342,Manhattan,837.9,859,837.9,837.9,840.4,840.4,840.4,High MAP
HPC1709,Yes,No,344,No,No,Y_2020,828,828,Root,SCSC,KNZ,Konza Prairie,West,835,39.076272,-96.592229,Northern Tallgrass Prairie,Mesic grassland,,,8.4,4,47,49,1.35,NA,NA,NA,343,Manhattan,837.9,859,837.9,837.9,840.4,840.4,840.4,High MAP
HPC1710,Yes,Yes,345,No,No,Y_2020,828,828,Root,SCSC,KNZ,Konza Prairie,West,835,39.076272,-96.592229,Northern Tallgrass Prairie,Mesic grassland,,,8.4,4,47,49,1.35,NA,NA,NA,344,Manhattan,837.9,859,837.9,837.9,840.4,840.4,840.4,High MAP
HPC1714,Yes,Yes,349,No,No,Y_2020,828,828,Root,SCSC,KNZ,Konza Prairie,West,835,39.076272,-96.592229,Northern Tallgrass Prairie,Mesic grassland,,,8.4,4,47,49,1.35,NA,NA,NA,348,Manhattan,837.9,859,837.9,837.9,840.4,840.4,840.4,High MAP
HPC1715,Yes,No,350,No,No,Y_2020,828,828,Root,SCSC,KNZ,Konza Prairie,West,835,39.076272,-96.592229,Northern Tallgrass Prairie,Mesic grassland,,,8.4,4,47,49,1.35,NA,NA,NA,349,Manhattan,837.9,859,837.9,837.9,840.4,840.4,840.4,High MAP
HPC1716,Yes,Yes,351,No,No,Y_2020,828,828,Root,SCSC,KNZ,Konza Prairie,West,835,39.076272,-96.592229,Northern Tallgrass Prairie,Mesic grassland,,,8.4,4,47,49,1.35,NA,NA,NA,350,Manhattan,837.9,859,837.9,837.9,840.4,840.4,840.4,High MAP
HPC1718,Yes,Yes,353,No,No,Y_2020,828,828,Root,SCSC,KNZ,Konza Prairie,West,835,39.076272,-96.592229,Northern Tallgrass Prairie,Mesic grassland,,,8.4,4,47,49,1.35,NA,NA,NA,352,Manhattan,837.9,859,837.9,837.9,840.4,840.4,840.4,High MAP
HPC1719,Yes,No,354,No,No,Y_2020,828,828,Root,SCSC,KNZ,Konza Prairie,West,835,39.076272,-96.592229,Northern Tallgrass Prairie,Mesic grassland,,,8.4,4,47,49,1.35,NA,NA,NA,353,Manhattan,837.9,859,837.9,837.9,840.4,840.4,840.4,High MAP
HPC17201,Yes,Yes,356,No,No,Y_2020,828,828,Root,SCSC,KNZ,Konza Prairie,West,835,39.076272,-96.592229,Northern Tallgrass Prairie,Mesic grassland,,,8.4,4,47,49,1.35,NA,NA,NA,355,Manhattan,837.9,859,837.9,837.9,840.4,840.4,840.4,High MAP
HPC1721,Yes,No,357,No,No,Y_2020,828,828,Root,SCSC,KNZ,Konza Prairie,West,835,39.076272,-96.592229,Northern Tallgrass Prairie,Mesic grassland,,,8.4,4,47,49,1.35,NA,NA,NA,356,Manhattan,837.9,859,837.9,837.9,840.4,840.4,840.4,High MAP
HPC1723,Yes,Yes,359,No,No,Y_2020,828,828,Root,SCSC,KNZ,Konza Prairie,West,835,39.076272,-96.592229,Northern Tallgrass Prairie,Mesic grassland,,,8.4,4,47,49,1.35,NA,NA,NA,358,Manhattan,837.9,859,837.9,837.9,840.4,840.4,840.4,High MAP
HPC1724,Yes,No,360,No,No,Y_2020,828,828,Root,SCSC,KNZ,Konza Prairie,West,835,39.076272,-96.592229,Northern Tallgrass Prairie,Mesic grassland,,,8.4,4,47,49,1.35,NA,NA,NA,359,Manhattan,837.9,859,837.9,837.9,840.4,840.4,840.4,High MAP
HPC1725,Yes,No,361,No,No,Y_2020,828,828,Root,SCSC,KNZ,Konza Prairie,West,835,39.076272,-96.592229,Northern Tallgrass Prairie,Mesic grassland,,,8.4,4,47,49,1.35,NA,NA,NA,360,Manhattan,837.9,859,837.9,837.9,840.4,840.4,840.4,High MAP
HPC1728,Yes,Yes,364,No,No,Y_2020,828,828,Root,SCSC,KNZ,Konza Prairie,West,835,39.076272,-96.592229,Northern Tallgrass Prairie,Mesic grassland,,,8.4,4,47,49,1.35,NA,NA,NA,363,Manhattan,837.9,859,837.9,837.9,840.4,840.4,840.4,High MAP
HPC1729,Yes,Yes,365,No,No,Y_2020,828,828,Root,SCSC,KNZ,Konza Prairie,West,835,39.076272,-96.592229,Northern Tallgrass Prairie,Mesic grassland,,,8.4,4,47,49,1.35,NA,NA,NA,364,Manhattan,837.9,859,837.9,837.9,840.4,840.4,840.4,High MAP
HPC1730,Yes,No,366,No,No,Y_2020,828,828,Root,SCSC,KNZ,Konza Prairie,West,835,39.076272,-96.592229,Northern Tallgrass Prairie,Mesic grassland,,,8.4,4,47,49,1.35,NA,NA,NA,365,Manhattan,837.9,859,837.9,837.9,840.4,840.4,840.4,High MAP