Sample,RemoveExtra,In2YearAnalysis,Order,X2Year,SCCSCorn,Year,Year2,Year3,Code_Year,YearMAP1,YearMAP2,Tissue,Host,Code,Location,Region,Rainfall,Latitude,Longitude,Ecoregion,Type,Additional,Description,pH,Clay,Sand,Silt,Organic_perc,CaCO3,Water_cap,Water_storage,Order.1,MAP.station.clim,MAP1.clim,MAP2.clim,RegionMAP,Region_MAP2,Region_MAP_Interval,Region_MAP_Interval2,Region_MAP_Interval3,Categorical_MAP
OTU_ID,,,,,,,,,,,,,,,,,,,,,,,,,,,,,,,,,,,,,,,,,
HPC1024,Yes,Yes,2,Yes,Yes,Y_2018,_2018,2018,PC_2018,36.6,931.5,Root,SCSC,PC,Prairie Coteau,West,686,44.7463,-96.9263,Northern Tallgrass Prairie,Dry Hill Prairie ,Dry Hill Prairie ,"Barnes-Buse complex, 3 to 6 percent slopes",7.9,23,39.8,37.7,4.5,15,0.21,4.99,1,Pipestone,636.7,651.2,636.7,636.7,679.2,679.2,679.2,Low MAP
HPC1025,Yes,Yes,3,Yes,Yes,Y_2018,_2018,2018,PC_2018,36.6,931.5,Root,SCSC,PC,Prairie Coteau,West,686,44.7462,-96.9263,Northern Tallgrass Prairie,Dry Hill Prairie ,Dry Hill Prairie ,"Barnes-Buse complex, 3 to 6 percent slopes",7.9,23,39.8,37.7,4.5,15,0.21,4.99,2,Pipestone,636.7,651.2,636.7,636.7,679.2,679.2,679.2,Low MAP
HPC1026,Yes,Yes,4,Yes,Yes,Y_2018,_2018,2018,PC_2018,36.6,931.5,Root,SCSC,PC,Prairie Coteau,West,686,44.7464,-96.9263,Northern Tallgrass Prairie,Dry Hill Prairie ,Dry Hill Prairie ,"Barnes-Buse complex, 3 to 6 percent slopes",7.9,23,39.8,37.7,4.5,15,0.21,4.99,3,Pipestone,636.7,651.2,636.7,636.7,679.2,679.2,679.2,Low MAP
HPC1027,Yes,Yes,5,Yes,Yes,Y_2018,_2018,2018,PC_2018,36.6,931.5,Root,SCSC,PC,Prairie Coteau,West,686,44.7465,-96.926365,Northern Tallgrass Prairie,Dry Hill Prairie ,Dry Hill Prairie ,"Barnes-Buse complex, 3 to 6 percent slopes",7.9,23,39.8,37.7,4.5,15,0.21,4.99,4,Pipestone,636.7,651.2,636.7,636.7,679.2,679.2,679.2,Low MAP
HPC1028,Yes,Yes,6,Yes,Yes,Y_2018,_2018,2018,PC_2018,36.6,931.5,Root,SCSC,PC,Prairie Coteau,West,686,44.7466,-96.9263,Northern Tallgrass Prairie,Dry Hill Prairie ,Dry Hill Prairie ,"Barnes-Buse complex, 3 to 6 percent slopes",7.9,23,39.8,37.7,4.5,15,0.21,4.99,5,Pipestone,636.7,651.2,636.7,636.7,679.2,679.2,679.2,Low MAP
HPC1029,Yes,Yes,7,Yes,Yes,Y_2018,_2018,2018,PC_2018,36.6,931.5,Root,SCSC,PC,Prairie Coteau,West,686,44.7467,-96.9263,Northern Tallgrass Prairie,Dry Hill Prairie ,Dry Hill Prairie ,"Barnes-Buse complex, 3 to 6 percent slopes",7.9,23,39.8,37.7,4.5,15,0.21,4.99,6,Pipestone,636.7,651.2,636.7,636.7,679.2,679.2,679.2,Low MAP
HPC1030,Yes,Yes,8,Yes,Yes,Y_2018,_2018,2018,PC_2018,36.6,931.5,Root,SCSC,PC,Prairie Coteau,West,686,44.7468,-96.9263,Northern Tallgrass Prairie,Dry Hill Prairie ,Dry Hill Prairie ,"Barnes-Buse complex, 3 to 6 percent slopes",7.9,23,39.8,37.7,4.5,15,0.21,4.99,7,Pipestone,636.7,651.2,636.7,636.7,679.2,679.2,679.2,Low MAP
HPC1031,Yes,Yes,9,Yes,Yes,Y_2018,_2018,2018,PC_2018,36.6,931.5,Root,SCSC,PC,Prairie Coteau,West,686,44.7465,-96.9263,Northern Tallgrass Prairie,Dry Hill Prairie ,Dry Hill Prairie ,"Barnes-Buse complex, 3 to 6 percent slopes",7.9,23,39.8,37.7,4.5,15,0.21,4.99,8,Pipestone,636.7,651.2,636.7,636.7,679.2,679.2,679.2,Low MAP
HPC1032,Yes,Yes,10,Yes,Yes,Y_2018,_2018,2018,PC_2018,36.6,931.5,Root,SCSC,PC,Prairie Coteau,West,686,44.7463,-96.9263,Northern Tallgrass Prairie,Dry Hill Prairie ,Dry Hill Prairie ,"Barnes-Buse complex, 3 to 6 percent slopes",7.9,23,39.8,37.7,4.5,15,0.21,4.99,9,Pipestone,636.7,651.2,636.7,636.7,679.2,679.2,679.2,Low MAP
HPC1033,Yes,Yes,11,Yes,Yes,Y_2018,_2018,2018,PC_2018,36.6,931.5,Root,SCSC,PC,Prairie Coteau,West,686,44.7469,-96.926354,Northern Tallgrass Prairie,Dry Hill Prairie ,Dry Hill Prairie ,"Barnes-Buse complex, 3 to 6 percent slopes",7.9,23,39.8,37.7,4.5,15,0.21,4.99,10,Pipestone,636.7,651.2,636.7,636.7,679.2,679.2,679.2,Low MAP
HPC1034,Yes,Yes,12,Yes,Yes,Y_2018,_2018,2018,PC_2018,36.6,931.5,Root,SCSC,PC,Prairie Coteau,West,686,44.74647,-96.9263,Northern Tallgrass Prairie,Dry Hill Prairie ,Dry Hill Prairie ,"Barnes-Buse complex, 3 to 6 percent slopes",7.9,23,39.8,37.7,4.5,15,0.21,4.99,11,Pipestone,636.7,651.2,636.7,636.7,679.2,679.2,679.2,Low MAP
HPC1035,Yes,Yes,13,Yes,Yes,Y_2018,_2018,2018,PC_2018,36.6,931.5,Root,SCSC,PC,Prairie Coteau,West,686,44.74641,-96.9263,Northern Tallgrass Prairie,Dry Hill Prairie ,Dry Hill Prairie ,"Barnes-Buse complex, 3 to 6 percent slopes",7.9,23,39.8,37.7,4.5,15,0.21,4.99,12,Pipestone,636.7,651.2,636.7,636.7,679.2,679.2,679.2,Low MAP
HPC1036,Yes,Yes,14,Yes,Yes,Y_2018,_2018,2018,PC_2018,36.6,931.5,Root,SCSC,PC,Prairie Coteau,West,686,44.74659,-96.9263,Northern Tallgrass Prairie,Dry Hill Prairie ,Dry Hill Prairie ,"Barnes-Buse complex, 3 to 6 percent slopes",7.9,23,39.8,37.7,4.5,15,0.21,4.99,13,Pipestone,636.7,651.2,636.7,636.7,679.2,679.2,679.2,Low MAP
HPC1038,Yes,Yes,15,Yes,Yes,Y_2018,_2018,2018,PC_2018,36.6,931.5,Root,SCSC,PC,Prairie Coteau,West,686,44.74674,-96.9263,Northern Tallgrass Prairie,Dry Hill Prairie ,Dry Hill Prairie ,"Barnes-Buse complex, 3 to 6 percent slopes",7.9,23,39.8,37.7,4.5,15,0.21,4.99,14,Pipestone,636.7,651.2,636.7,636.7,679.2,679.2,679.2,Low MAP
HPC1039,Yes,Yes,16,Yes,Yes,Y_2018,_2018,2018,PC_2018,36.6,931.5,Root,SCSC,PC,Prairie Coteau,West,686,44.74683,-96.9263,Northern Tallgrass Prairie,Dry Hill Prairie ,Dry Hill Prairie ,"Barnes-Buse complex, 3 to 6 percent slopes",7.9,23,39.8,37.7,4.5,15,0.21,4.99,15,Pipestone,636.7,651.2,636.7,636.7,679.2,679.2,679.2,Low MAP
HPC1105,Yes,Yes,24,Yes,Yes,Y_2018,_2018,2018,KWD_2018,40.95,1074.1,Root,SCSC,KWD,Kellogg Weaver Dunes,East,892,44.1548645,-91.55963,Prairie-Forest Border,Dry Sand - Gravel Prairie ,Dry Sand - Gravel Prairie ,"Plainfield fine sand, 0 to 2 percent slopes",6,3.6,95.5,0.8,0.97,0,0.07,1.61,23,Kellogg,821,832,821,837.9,840.4,840.4,840.4,High MAP
HPC1108,Yes,Yes,25,Yes,Yes,Y_2018,_2018,2018,KWD_2018,40.95,1074.1,Root,SCSC,KWD,Kellogg Weaver Dunes,East,892,44.1548665,-91.55963,Prairie-Forest Border,Dry Sand - Gravel Prairie ,Dry Sand - Gravel Prairie ,"Plainfield fine sand, 0 to 2 percent slopes",6,3.6,95.5,0.8,0.97,0,0.07,1.61,24,Kellogg,821,832,821,837.9,840.4,840.4,840.4,High MAP
HPC1109,Yes,Yes,26,Yes,Yes,Y_2018,_2018,2018,KWD_2018,40.95,1074.1,Root,SCSC,KWD,Kellogg Weaver Dunes,East,892,44.154865,-91.55963,Prairie-Forest Border,Dry Sand - Gravel Prairie ,Dry Sand - Gravel Prairie ,"Plainfield fine sand, 0 to 2 percent slopes",6,3.6,95.5,0.8,0.97,0,0.07,1.61,25,Kellogg,821,832,821,837.9,840.4,840.4,840.4,High MAP
HPC1110,Yes,Yes,27,Yes,Yes,Y_2018,_2018,2018,KWD_2018,40.95,1074.1,Root,SCSC,KWD,Kellogg Weaver Dunes,East,892,44.1548673,-91.55963,Prairie-Forest Border,Dry Sand - Gravel Prairie ,Dry Sand - Gravel Prairie ,"Plainfield fine sand, 0 to 2 percent slopes",6,3.6,95.5,0.8,0.97,0,0.07,1.61,26,Kellogg,821,832,821,837.9,840.4,840.4,840.4,High MAP
HPC1111,Yes,Yes,28,Yes,Yes,Y_2018,_2018,2018,KWD_2018,40.95,1074.1,Root,SCSC,KWD,Kellogg Weaver Dunes,East,892,44.1548679,-91.55963,Prairie-Forest Border,Dry Sand - Gravel Prairie ,Dry Sand - Gravel Prairie ,"Plainfield fine sand, 0 to 2 percent slopes",6,3.6,95.5,0.8,0.97,0,0.07,1.61,27,Kellogg,821,832,821,837.9,840.4,840.4,840.4,High MAP
HPC1112,Yes,Yes,29,Yes,Yes,Y_2018,_2018,2018,KWD_2018,40.95,1074.1,Root,SCSC,KWD,Kellogg Weaver Dunes,East,892,44.1548656,-91.55963,Prairie-Forest Border,Dry Sand - Gravel Prairie ,Dry Sand - Gravel Prairie ,"Plainfield fine sand, 0 to 2 percent slopes",6,3.6,95.5,0.8,0.97,0,0.07,1.61,28,Kellogg,821,832,821,837.9,840.4,840.4,840.4,High MAP
HPC1113,Yes,Yes,30,Yes,Yes,Y_2018,_2018,2018,KWD_2018,40.95,1074.1,Root,SCSC,KWD,Kellogg Weaver Dunes,East,892,44.15486,-91.55963,Prairie-Forest Border,Dry Sand - Gravel Prairie ,Dry Sand - Gravel Prairie ,"Plainfield fine sand, 0 to 2 percent slopes",6,3.6,95.5,0.8,0.97,0,0.07,1.61,29,Kellogg,821,832,821,837.9,840.4,840.4,840.4,High MAP
HPC1114,Yes,Yes,31,Yes,Yes,Y_2018,_2018,2018,KWD_2018,40.95,1074.1,Root,SCSC,KWD,Kellogg Weaver Dunes,East,892,44.1548632,-91.55963,Prairie-Forest Border,Dry Sand - Gravel Prairie ,Dry Sand - Gravel Prairie ,"Plainfield fine sand, 0 to 2 percent slopes",6,3.6,95.5,0.8,0.97,0,0.07,1.61,30,Kellogg,821,832,821,837.9,840.4,840.4,840.4,High MAP
HPC1115,Yes,Yes,32,Yes,Yes,Y_2018,_2018,2018,KWD_2018,40.95,1074.1,Root,SCSC,KWD,Kellogg Weaver Dunes,East,892,44.1548642,-91.55963,Prairie-Forest Border,Dry Sand - Gravel Prairie ,Dry Sand - Gravel Prairie ,"Plainfield fine sand, 0 to 2 percent slopes",6,3.6,95.5,0.8,0.97,0,0.07,1.61,31,Kellogg,821,832,821,837.9,840.4,840.4,840.4,High MAP
HPC1116,Yes,Yes,33,Yes,Yes,Y_2018,_2018,2018,KWD_2018,40.95,1074.1,Root,SCSC,KWD,Kellogg Weaver Dunes,East,892,44.1548645,-91.55963,Prairie-Forest Border,Dry Sand - Gravel Prairie ,Dry Sand - Gravel Prairie ,"Plainfield fine sand, 0 to 2 percent slopes",6,3.6,95.5,0.8,0.97,0,0.07,1.61,32,Kellogg,821,832,821,837.9,840.4,840.4,840.4,High MAP
HPC1117,Yes,Yes,34,Yes,Yes,Y_2018,_2018,2018,KWD_2018,40.95,1074.1,Root,SCSC,KWD,Kellogg Weaver Dunes,East,892,44.1548653,-91.55963,Prairie-Forest Border,Dry Sand - Gravel Prairie ,Dry Sand - Gravel Prairie ,"Plainfield fine sand, 0 to 2 percent slopes",6,3.6,95.5,0.8,0.97,0,0.07,1.61,33,Kellogg,821,832,821,837.9,840.4,840.4,840.4,High MAP
HPC1118,Yes,Yes,35,Yes,Yes,Y_2018,_2018,2018,KWD_2018,40.95,1074.1,Root,SCSC,KWD,Kellogg Weaver Dunes,East,892,44.1548642,-91.55963,Prairie-Forest Border,Dry Sand - Gravel Prairie ,Dry Sand - Gravel Prairie ,"Plainfield fine sand, 0 to 2 percent slopes",6,3.6,95.5,0.8,0.97,0,0.07,1.61,34,Kellogg,821,832,821,837.9,840.4,840.4,840.4,High MAP
HPC1119,Yes,Yes,36,Yes,Yes,Y_2018,_2018,2018,KWD_2018,40.95,1074.1,Root,SCSC,KWD,Kellogg Weaver Dunes,East,892,44.1548624,-91.55963,Prairie-Forest Border,Dry Sand - Gravel Prairie ,Dry Sand - Gravel Prairie ,"Plainfield fine sand, 0 to 2 percent slopes",6,3.6,95.5,0.8,0.97,0,0.07,1.61,35,Kellogg,821,832,821,837.9,840.4,840.4,840.4,High MAP
HPC1120,Yes,Yes,37,Yes,Yes,Y_2018,_2018,2018,KWD_2018,40.95,1074.1,Root,SCSC,KWD,Kellogg Weaver Dunes,East,892,44.15486,-91.5596359,Prairie-Forest Border,Dry Sand - Gravel Prairie ,Dry Sand - Gravel Prairie ,"Plainfield fine sand, 0 to 2 percent slopes",6,3.6,95.5,0.8,0.97,0,0.07,1.61,36,Kellogg,821,832,821,837.9,840.4,840.4,840.4,High MAP
HPC1181,Yes,Yes,50,Yes,Yes,Y_2018,_2018,2018,HSC_2018,33.52,851.9,Root,SCSC,HSC,Hasting Sand Coulee ,East,850,44.424283,-92.49619,Prairie-Forest Border,Dry Sand - Gravel Prairie ,Dry Sand - Gravel Prairie ,"Hubbard loamy sand, 6 to 12 percent slopes",6.2,7,83.9,9.2,3.5,0,0.1,2.4,49,Hastings,840.4,845.6,840.4,837.9,840.4,840.4,840.4,High MAP
HPC1183,Yes,Yes,51,Yes,Yes,Y_2018,_2018,2018,HSC_2018,33.52,851.9,Root,SCSC,HSC,Hasting Sand Coulee ,East,850,44.4242847,-92.496194,Prairie-Forest Border,Dry Sand - Gravel Prairie ,Dry Sand - Gravel Prairie ,"Hubbard loamy sand, 6 to 12 percent slopes",6.2,7,83.9,9.2,3.5,0,0.1,2.4,50,Hastings,840.4,845.6,840.4,837.9,840.4,840.4,840.4,High MAP
HPC1185,Yes,Yes,52,Yes,Yes,Y_2018,_2018,2018,HSC_2018,33.52,851.9,Root,SCSC,HSC,Hasting Sand Coulee ,East,850,44.4242859,-92.49619,Prairie-Forest Border,Dry Sand - Gravel Prairie ,Dry Sand - Gravel Prairie ,"Hubbard loamy sand, 6 to 12 percent slopes",6.2,7,83.9,9.2,3.5,0,0.1,2.4,51,Hastings,840.4,845.6,840.4,837.9,840.4,840.4,840.4,High MAP
HPC1186,Yes,Yes,53,Yes,Yes,Y_2018,_2018,2018,HSC_2018,33.52,851.9,Root,SCSC,HSC,Hasting Sand Coulee ,East,850,44.4242809,-92.496195,Prairie-Forest Border,Dry Sand - Gravel Prairie ,Dry Sand - Gravel Prairie ,"Hubbard loamy sand, 6 to 12 percent slopes",6.2,7,83.9,9.2,3.5,0,0.1,2.4,52,Hastings,840.4,845.6,840.4,837.9,840.4,840.4,840.4,High MAP
HPC1187,Yes,Yes,54,Yes,Yes,Y_2018,_2018,2018,HSC_2018,33.52,851.9,Root,SCSC,HSC,Hasting Sand Coulee ,East,850,44.4242838,-92.49619,Prairie-Forest Border,Dry Sand - Gravel Prairie ,Dry Sand - Gravel Prairie ,"Hubbard loamy sand, 6 to 12 percent slopes",6.2,7,83.9,9.2,3.5,0,0.1,2.4,53,Hastings,840.4,845.6,840.4,837.9,840.4,840.4,840.4,High MAP
HPC1188,Yes,Yes,55,Yes,Yes,Y_2018,_2018,2018,HSC_2018,33.52,851.9,Root,SCSC,HSC,Hasting Sand Coulee ,East,850,44.4242843,-92.496196,Prairie-Forest Border,Dry Sand - Gravel Prairie ,Dry Sand - Gravel Prairie ,"Hubbard loamy sand, 6 to 12 percent slopes",6.2,7,83.9,9.2,3.5,0,0.1,2.4,54,Hastings,840.4,845.6,840.4,837.9,840.4,840.4,840.4,High MAP
HPC1189,Yes,Yes,56,Yes,Yes,Y_2018,_2018,2018,HSC_2018,33.52,851.9,Root,SCSC,HSC,Hasting Sand Coulee ,East,850,44.4242825,-92.4961936,Prairie-Forest Border,Dry Sand - Gravel Prairie ,Dry Sand - Gravel Prairie ,"Hubbard loamy sand, 6 to 12 percent slopes",6.2,7,83.9,9.2,3.5,0,0.1,2.4,55,Hastings,840.4,845.6,840.4,837.9,840.4,840.4,840.4,High MAP
HPC1190,Yes,Yes,57,Yes,Yes,Y_2018,_2018,2018,HSC_2018,33.52,851.9,Root,SCSC,HSC,Hasting Sand Coulee ,East,850,44.4242836,-92.49619,Prairie-Forest Border,Dry Sand - Gravel Prairie ,Dry Sand - Gravel Prairie ,"Hubbard loamy sand, 6 to 12 percent slopes",6.2,7,83.9,9.2,3.5,0,0.1,2.4,56,Hastings,840.4,845.6,840.4,837.9,840.4,840.4,840.4,High MAP
HPC1191,Yes,Yes,58,Yes,Yes,Y_2018,_2018,2018,HSC_2018,33.52,851.9,Root,SCSC,HSC,Hasting Sand Coulee ,East,850,44.4242847,-92.49619,Prairie-Forest Border,Dry Sand - Gravel Prairie ,Dry Sand - Gravel Prairie ,"Hubbard loamy sand, 6 to 12 percent slopes",6.2,7,83.9,9.2,3.5,0,0.1,2.4,57,Hastings,840.4,845.6,840.4,837.9,840.4,840.4,840.4,High MAP
HPC1192,Yes,Yes,59,Yes,Yes,Y_2018,_2018,2018,HSC_2018,33.52,851.9,Root,SCSC,HSC,Hasting Sand Coulee ,East,850,44.424287,-92.49619,Prairie-Forest Border,Dry Sand - Gravel Prairie ,Dry Sand - Gravel Prairie ,"Hubbard loamy sand, 6 to 12 percent slopes",6.2,7,83.9,9.2,3.5,0,0.1,2.4,58,Hastings,840.4,845.6,840.4,837.9,840.4,840.4,840.4,High MAP
HPC1193,Yes,Yes,60,Yes,Yes,Y_2018,_2018,2018,HSC_2018,33.52,851.9,Root,SCSC,HSC,Hasting Sand Coulee ,East,850,44.4242845,-92.49619,Prairie-Forest Border,Dry Sand - Gravel Prairie ,Dry Sand - Gravel Prairie ,"Hubbard loamy sand, 6 to 12 percent slopes",6.2,7,83.9,9.2,3.5,0,0.1,2.4,59,Hastings,840.4,845.6,840.4,837.9,840.4,840.4,840.4,High MAP
HPC1194,Yes,Yes,61,Yes,Yes,Y_2018,_2018,2018,HSC_2018,33.52,851.9,Root,SCSC,HSC,Hasting Sand Coulee ,East,850,44.4242838,-92.49619,Prairie-Forest Border,Dry Sand - Gravel Prairie ,Dry Sand - Gravel Prairie ,"Hubbard loamy sand, 6 to 12 percent slopes",6.2,7,83.9,9.2,3.5,0,0.1,2.4,60,Hastings,840.4,845.6,840.4,837.9,840.4,840.4,840.4,High MAP
HPC1196,Yes,Yes,62,Yes,Yes,Y_2018,_2018,2018,HSC_2018,33.52,851.9,Root,SCSC,HSC,Hasting Sand Coulee ,East,850,44.4242829,-92.4961958,Prairie-Forest Border,Dry Sand - Gravel Prairie ,Dry Sand - Gravel Prairie ,"Hubbard loamy sand, 6 to 12 percent slopes",6.2,7,83.9,9.2,3.5,0,0.1,2.4,61,Hastings,840.4,845.6,840.4,837.9,840.4,840.4,840.4,High MAP
HPC1197,Yes,Yes,63,Yes,Yes,Y_2018,_2018,2018,HSC_2018,33.52,851.9,Root,SCSC,HSC,Hasting Sand Coulee ,East,850,44.4242838,-92.4961922,Prairie-Forest Border,Dry Sand - Gravel Prairie ,Dry Sand - Gravel Prairie ,"Hubbard loamy sand, 6 to 12 percent slopes",6.2,7,83.9,9.2,3.5,0,0.1,2.4,62,Hastings,840.4,845.6,840.4,837.9,840.4,840.4,840.4,High MAP
HPC1198,Yes,Yes,64,Yes,Yes,Y_2018,_2018,2018,HSC_2018,33.52,851.9,Root,SCSC,HSC,Hasting Sand Coulee ,East,850,44.4242843,-92.4961925,Prairie-Forest Border,Dry Sand - Gravel Prairie ,Dry Sand - Gravel Prairie ,"Hubbard loamy sand, 6 to 12 percent slopes",6.2,7,83.9,9.2,3.5,0,0.1,2.4,63,Hastings,840.4,845.6,840.4,837.9,840.4,840.4,840.4,High MAP
HPC1199,Yes,Yes,65,Yes,Yes,Y_2018,_2018,2018,HSC_2018,33.52,851.9,Root,SCSC,HSC,Hasting Sand Coulee ,East,850,44.4242825,-92.4961948,Prairie-Forest Border,Dry Sand - Gravel Prairie ,Dry Sand - Gravel Prairie ,"Hubbard loamy sand, 6 to 12 percent slopes",6.2,7,83.9,9.2,3.5,0,0.1,2.4,64,Hastings,840.4,845.6,840.4,837.9,840.4,840.4,840.4,High MAP
HPC1200,Yes,Yes,66,Yes,Yes,Y_2018,_2018,2018,HSC_2018,33.52,851.9,Root,SCSC,HSC,Hasting Sand Coulee ,East,850,44.42428,-92.4961947,Prairie-Forest Border,Dry Sand - Gravel Prairie ,Dry Sand - Gravel Prairie ,"Hubbard loamy sand, 6 to 12 percent slopes",6.2,7,83.9,9.2,3.5,0,0.1,2.4,65,Hastings,840.4,845.6,840.4,837.9,840.4,840.4,840.4,High MAP
HPC1261,Yes,Yes,68,Yes,Yes,Y_2018,_2018,2018,SP_2018,31.85,767.4,Root,SCSC,SP,Sioux Prairie,West,564,44.0322149,-96.78054,Northern Tallgrass Prairie,Dry Sand - Gravel Prairie ,Dry Sand - Gravel Prairie ,"Egan-Wentworth complex, 2 to 6 percent slopes",6.2,31.5,6.5,62,4,0,0.2,4.68,67,Madison,612.6,617.3,612.6,612.6,612.6,612.6,612.6,Low MAP
HPC1262,Yes,Yes,69,Yes,Yes,Y_2018,_2018,2018,SP_2018,31.85,767.4,Root,SCSC,SP,Sioux Prairie,West,564,44.03221454,-96.78054,Northern Tallgrass Prairie,Dry Sand - Gravel Prairie ,Dry Sand - Gravel Prairie ,"Egan-Wentworth complex, 2 to 6 percent slopes",6.2,31.5,6.5,62,4,0,0.2,4.68,68,Madison,612.6,617.3,612.6,612.6,612.6,612.6,612.6,Low MAP
HPC1263,Yes,Yes,70,Yes,Yes,Y_2018,_2018,2018,SP_2018,31.85,767.4,Root,SCSC,SP,Sioux Prairie,West,564,44.03221439,-96.78054,Northern Tallgrass Prairie,Dry Sand - Gravel Prairie ,Dry Sand - Gravel Prairie ,"Egan-Wentworth complex, 2 to 6 percent slopes",6.2,31.5,6.5,62,4,0,0.2,4.68,69,Madison,612.6,617.3,612.6,612.6,612.6,612.6,612.6,Low MAP
HPC1264,Yes,Yes,71,Yes,Yes,Y_2018,_2018,2018,SP_2018,31.85,767.4,Root,SCSC,SP,Sioux Prairie,West,564,44.03221489,-96.78054,Northern Tallgrass Prairie,Dry Sand - Gravel Prairie ,Dry Sand - Gravel Prairie ,"Egan-Wentworth complex, 2 to 6 percent slopes",6.2,31.5,6.5,62,4,0,0.2,4.68,70,Madison,612.6,617.3,612.6,612.6,612.6,612.6,612.6,Low MAP
HPC1265,Yes,Yes,72,Yes,Yes,Y_2018,_2018,2018,SP_2018,31.85,767.4,Root,SCSC,SP,Sioux Prairie,West,564,44.032214,-96.78054,Northern Tallgrass Prairie,Dry Sand - Gravel Prairie ,Dry Sand - Gravel Prairie ,"Egan-Wentworth complex, 2 to 6 percent slopes",6.2,31.5,6.5,62,4,0,0.2,4.68,71,Madison,612.6,617.3,612.6,612.6,612.6,612.6,612.6,Low MAP
HPC1269,Yes,Yes,73,Yes,Yes,Y_2018,_2018,2018,SP_2018,31.85,767.4,Root,SCSC,SP,Sioux Prairie,West,564,44.0322139,-96.78054,Northern Tallgrass Prairie,Dry Sand - Gravel Prairie ,Dry Sand - Gravel Prairie ,"Egan-Wentworth complex, 2 to 6 percent slopes",6.2,31.5,6.5,62,4,0,0.2,4.68,72,Madison,612.6,617.3,612.6,612.6,612.6,612.6,612.6,Low MAP
HPC1270,Yes,Yes,74,Yes,Yes,Y_2018,_2018,2018,SP_2018,31.85,767.4,Root,SCSC,SP,Sioux Prairie,West,564,44.0322148,-96.78054,Northern Tallgrass Prairie,Dry Sand - Gravel Prairie ,Dry Sand - Gravel Prairie ,"Egan-Wentworth complex, 2 to 6 percent slopes",6.2,31.5,6.5,62,4,0,0.2,4.68,73,Madison,612.6,617.3,612.6,612.6,612.6,612.6,612.6,Low MAP
HPC1271,Yes,Yes,75,Yes,Yes,Y_2018,_2018,2018,SP_2018,31.85,767.4,Root,SCSC,SP,Sioux Prairie,West,564,44.032214,-96.7805445,Northern Tallgrass Prairie,Dry Sand - Gravel Prairie ,Dry Sand - Gravel Prairie ,"Egan-Wentworth complex, 2 to 6 percent slopes",6.2,31.5,6.5,62,4,0,0.2,4.68,74,Madison,612.6,617.3,612.6,612.6,612.6,612.6,612.6,Low MAP
HPC1272,Yes,Yes,76,Yes,Yes,Y_2018,_2018,2018,SP_2018,31.85,767.4,Root,SCSC,SP,Sioux Prairie,West,564,44.03221422,-96.78054,Northern Tallgrass Prairie,Dry Sand - Gravel Prairie ,Dry Sand - Gravel Prairie ,"Egan-Wentworth complex, 2 to 6 percent slopes",6.2,31.5,6.5,62,4,0,0.2,4.68,75,Madison,612.6,617.3,612.6,612.6,612.6,612.6,612.6,Low MAP
HPC1273,Yes,Yes,77,Yes,Yes,Y_2018,_2018,2018,SP_2018,31.85,767.4,Root,SCSC,SP,Sioux Prairie,West,564,44.032214,-96.7805454,Northern Tallgrass Prairie,Dry Sand - Gravel Prairie ,Dry Sand - Gravel Prairie ,"Egan-Wentworth complex, 2 to 6 percent slopes",6.2,31.5,6.5,62,4,0,0.2,4.68,76,Madison,612.6,617.3,612.6,612.6,612.6,612.6,612.6,Low MAP
HPC1274,Yes,Yes,78,Yes,Yes,Y_2018,_2018,2018,SP_2018,31.85,767.4,Root,SCSC,SP,Sioux Prairie,West,564,44.032214,-96.780546,Northern Tallgrass Prairie,Dry Sand - Gravel Prairie ,Dry Sand - Gravel Prairie ,"Egan-Wentworth complex, 2 to 6 percent slopes",6.2,31.5,6.5,62,4,0,0.2,4.68,77,Madison,612.6,617.3,612.6,612.6,612.6,612.6,612.6,Low MAP
HPC1275,Yes,Yes,79,Yes,Yes,Y_2018,_2018,2018,SP_2018,31.85,767.4,Root,SCSC,SP,Sioux Prairie,West,564,44.032214,-96.7805448,Northern Tallgrass Prairie,Dry Sand - Gravel Prairie ,Dry Sand - Gravel Prairie ,"Egan-Wentworth complex, 2 to 6 percent slopes",6.2,31.5,6.5,62,4,0,0.2,4.68,78,Madison,612.6,617.3,612.6,612.6,612.6,612.6,612.6,Low MAP
HPC1276,Yes,Yes,80,Yes,Yes,Y_2018,_2018,2018,SP_2018,31.85,767.4,Root,SCSC,SP,Sioux Prairie,West,564,44.032214,-96.7805463,Northern Tallgrass Prairie,Dry Sand - Gravel Prairie ,Dry Sand - Gravel Prairie ,"Egan-Wentworth complex, 2 to 6 percent slopes",6.2,31.5,6.5,62,4,0,0.2,4.68,79,Madison,612.6,617.3,612.6,612.6,612.6,612.6,612.6,Low MAP
HPC1277,Yes,Yes,81,Yes,Yes,Y_2018,_2018,2018,SP_2018,31.85,767.4,Root,SCSC,SP,Sioux Prairie,West,564,44.032214,-96.7805454,Northern Tallgrass Prairie,Dry Sand - Gravel Prairie ,Dry Sand - Gravel Prairie ,"Egan-Wentworth complex, 2 to 6 percent slopes",6.2,31.5,6.5,62,4,0,0.2,4.68,80,Madison,612.6,617.3,612.6,612.6,612.6,612.6,612.6,Low MAP
HPC1278,Yes,Yes,82,Yes,Yes,Y_2018,_2018,2018,SP_2018,31.85,767.4,Root,SCSC,SP,Sioux Prairie,West,564,44.032214,-96.7805458,Northern Tallgrass Prairie,Dry Sand - Gravel Prairie ,Dry Sand - Gravel Prairie ,"Egan-Wentworth complex, 2 to 6 percent slopes",6.2,31.5,6.5,62,4,0,0.2,4.68,81,Madison,612.6,617.3,612.6,612.6,612.6,612.6,612.6,Low MAP
HPC1279,Yes,Yes,83,Yes,Yes,Y_2018,_2018,2018,SP_2018,31.85,767.4,Root,SCSC,SP,Sioux Prairie,West,564,44.032214,-96.7805459,Northern Tallgrass Prairie,Dry Sand - Gravel Prairie ,Dry Sand - Gravel Prairie ,"Egan-Wentworth complex, 2 to 6 percent slopes",6.2,31.5,6.5,62,4,0,0.2,4.68,82,Madison,612.6,617.3,612.6,612.6,612.6,612.6,612.6,Low MAP
HPC1280,Yes,Yes,84,Yes,Yes,Y_2018,_2018,2018,SP_2018,31.85,767.4,Root,SCSC,SP,Sioux Prairie,West,564,44.032214,-96.7805469,Northern Tallgrass Prairie,Dry Sand - Gravel Prairie ,Dry Sand - Gravel Prairie ,"Egan-Wentworth complex, 2 to 6 percent slopes",6.2,31.5,6.5,62,4,0,0.2,4.68,83,Madison,612.6,617.3,612.6,612.6,612.6,612.6,612.6,Low MAP
HPC1341,Yes,Yes,88,Yes,Yes,Y_2018,_2018,2018,CWR_2018,45.1,1008.3,Root,SCSC,CWR,Cottonwood River SNA,Central,699,44.1214157,-95.06171,Northern Tallgrass Prairie,Dry Sand - Gravel Prairie ,Dry Sand - Gravel Prairie ,"Webster clay loam, 0 to 2 percent slopes",6.5,33,25,42,7,0,0.18,4.37,87,Windom,679.2,679.2,679.2,679.2,679.2,679.2,679.2,Mid MAP
HPC1342,Yes,Yes,89,Yes,Yes,Y_2018,_2018,2018,CWR_2018,45.1,1008.3,Root,SCSC,CWR,Cottonwood River SNA,Central,699,44.1214159,-95.06171,Northern Tallgrass Prairie,Dry Sand - Gravel Prairie ,Dry Sand - Gravel Prairie ,"Webster clay loam, 0 to 2 percent slopes",6.5,33,25,42,7,0,0.18,4.37,88,Windom,679.2,679.2,679.2,679.2,679.2,679.2,679.2,Mid MAP
HPC1343,Yes,Yes,90,Yes,Yes,Y_2018,_2018,2018,CWR_2018,45.1,1008.3,Root,SCSC,CWR,Cottonwood River SNA,Central,699,44.121409,-95.06171,Northern Tallgrass Prairie,Dry Sand - Gravel Prairie ,Dry Sand - Gravel Prairie ,"Webster clay loam, 0 to 2 percent slopes",6.5,33,25,42,7,0,0.18,4.37,89,Windom,679.2,679.2,679.2,679.2,679.2,679.2,679.2,Mid MAP
HPC1344,Yes,Yes,91,Yes,Yes,Y_2018,_2018,2018,CWR_2018,45.1,1008.3,Root,SCSC,CWR,Cottonwood River SNA,Central,699,44.121418,-95.06171,Northern Tallgrass Prairie,Dry Sand - Gravel Prairie ,Dry Sand - Gravel Prairie ,"Webster clay loam, 0 to 2 percent slopes",6.5,33,25,42,7,0,0.18,4.37,90,Windom,679.2,679.2,679.2,679.2,679.2,679.2,679.2,Mid MAP
HPC1345,Yes,Yes,92,Yes,Yes,Y_2018,_2018,2018,CWR_2018,45.1,1008.3,Root,SCSC,CWR,Cottonwood River SNA,Central,699,44.1214165,-95.06171,Northern Tallgrass Prairie,Dry Sand - Gravel Prairie ,Dry Sand - Gravel Prairie ,"Webster clay loam, 0 to 2 percent slopes",6.5,33,25,42,7,0,0.18,4.37,91,Windom,679.2,679.2,679.2,679.2,679.2,679.2,679.2,Mid MAP
HPC1349,Yes,Yes,93,Yes,Yes,Y_2018,_2018,2018,CWR_2018,45.1,1008.3,Root,SCSC,CWR,Cottonwood River SNA,Central,699,44.1214158,-95.06171,Northern Tallgrass Prairie,Dry Sand - Gravel Prairie ,Dry Sand - Gravel Prairie ,"Webster clay loam, 0 to 2 percent slopes",6.5,33,25,42,7,0,0.18,4.37,92,Windom,679.2,679.2,679.2,679.2,679.2,679.2,679.2,Mid MAP
HPC1351,Yes,Yes,94,Yes,Yes,Y_2018,_2018,2018,CWR_2018,45.1,1008.3,Root,SCSC,CWR,Cottonwood River SNA,Central,699,44.1214139,-95.06171,Northern Tallgrass Prairie,Dry Sand - Gravel Prairie ,Dry Sand - Gravel Prairie ,"Webster clay loam, 0 to 2 percent slopes",6.5,33,25,42,7,0,0.18,4.37,93,Windom,679.2,679.2,679.2,679.2,679.2,679.2,679.2,Mid MAP
HPC1353,Yes,Yes,95,Yes,Yes,Y_2018,_2018,2018,CWR_2018,45.1,1008.3,Root,SCSC,CWR,Cottonwood River SNA,Central,699,44.12141,-95.06171,Northern Tallgrass Prairie,Dry Sand - Gravel Prairie ,Dry Sand - Gravel Prairie ,"Webster clay loam, 0 to 2 percent slopes",6.5,33,25,42,7,0,0.18,4.37,94,Windom,679.2,679.2,679.2,679.2,679.2,679.2,679.2,Mid MAP
HPC1354,Yes,Yes,96,Yes,Yes,Y_2018,_2018,2018,CWR_2018,45.1,1008.3,Root,SCSC,CWR,Cottonwood River SNA,Central,699,44.121418,-95.061709,Northern Tallgrass Prairie,Dry Sand - Gravel Prairie ,Dry Sand - Gravel Prairie ,"Webster clay loam, 0 to 2 percent slopes",6.5,33,25,42,7,0,0.18,4.37,95,Windom,679.2,679.2,679.2,679.2,679.2,679.2,679.2,Mid MAP
HPC1355,Yes,Yes,97,Yes,Yes,Y_2018,_2018,2018,CWR_2018,45.1,1008.3,Root,SCSC,CWR,Cottonwood River SNA,Central,699,44.1214165,-95.0617143,Northern Tallgrass Prairie,Dry Sand - Gravel Prairie ,Dry Sand - Gravel Prairie ,"Webster clay loam, 0 to 2 percent slopes",6.5,33,25,42,7,0,0.18,4.37,96,Windom,679.2,679.2,679.2,679.2,679.2,679.2,679.2,Mid MAP
HPC1356,Yes,Yes,98,Yes,Yes,Y_2018,_2018,2018,CWR_2018,45.1,1008.3,Root,SCSC,CWR,Cottonwood River SNA,Central,699,44.1214158,-95.0617125,Northern Tallgrass Prairie,Dry Sand - Gravel Prairie ,Dry Sand - Gravel Prairie ,"Webster clay loam, 0 to 2 percent slopes",6.5,33,25,42,7,0,0.18,4.37,97,Windom,679.2,679.2,679.2,679.2,679.2,679.2,679.2,Mid MAP
HPC1357,Yes,Yes,99,Yes,Yes,Y_2018,_2018,2018,CWR_2018,45.1,1008.3,Root,SCSC,CWR,Cottonwood River SNA,Central,699,44.1214197,-95.0617149,Northern Tallgrass Prairie,Dry Sand - Gravel Prairie ,Dry Sand - Gravel Prairie ,"Webster clay loam, 0 to 2 percent slopes",6.5,33,25,42,7,0,0.18,4.37,98,Windom,679.2,679.2,679.2,679.2,679.2,679.2,679.2,Mid MAP
HPC1358,Yes,Yes,100,Yes,Yes,Y_2018,_2018,2018,CWR_2018,45.1,1008.3,Root,SCSC,CWR,Cottonwood River SNA,Central,699,44.1214173,-95.0617128,Northern Tallgrass Prairie,Dry Sand - Gravel Prairie ,Dry Sand - Gravel Prairie ,"Webster clay loam, 0 to 2 percent slopes",6.5,33,25,42,7,0,0.18,4.37,99,Windom,679.2,679.2,679.2,679.2,679.2,679.2,679.2,Mid MAP
HPC1360,Yes,Yes,101,Yes,Yes,Y_2018,_2018,2018,CWR_2018,45.1,1008.3,Root,SCSC,CWR,Cottonwood River SNA,Central,699,44.1214143,-95.0617132,Northern Tallgrass Prairie,Dry Sand - Gravel Prairie ,Dry Sand - Gravel Prairie ,"Webster clay loam, 0 to 2 percent slopes",6.5,33,25,42,7,0,0.18,4.37,100,Windom,679.2,679.2,679.2,679.2,679.2,679.2,679.2,Mid MAP
HPC1491,Yes,Yes,170,Yes,No,Y_2019,_2019,2019,PC_2019,41.43,1052.2,Root,SCSC,PC,Prairie Coteau,West,686,44.746,-96.9263,Northern Tallgrass Prairie,Dry Hill Prairie ,Dry Hill Prairie ,"Barnes-Buse complex, 3 to 6 percent slopes",7.9,23,39.8,37.7,4.5,15,0.21,4.99,169,Pipestone,636.7,651.2,636.7,636.7,679.2,679.2,679.2,Low MAP
HPC1492,Yes,Yes,171,Yes,No,Y_2019,_2019,2019,PC_2019,41.43,1052.2,Root,SCSC,PC,Prairie Coteau,West,686,44.746,-96.9263,Northern Tallgrass Prairie,Dry Hill Prairie ,Dry Hill Prairie ,"Barnes-Buse complex, 3 to 6 percent slopes",7.9,23,39.8,37.7,4.5,15,0.21,4.99,170,Pipestone,636.7,651.2,636.7,636.7,679.2,679.2,679.2,Low MAP
HPC1493,Yes,Yes,172,Yes,No,Y_2019,_2019,2019,PC_2019,41.43,1052.2,Root,SCSC,PC,Prairie Coteau,West,686,44.746,-96.9263,Northern Tallgrass Prairie,Dry Hill Prairie ,Dry Hill Prairie ,"Barnes-Buse complex, 3 to 6 percent slopes",7.9,23,39.8,37.7,4.5,15,0.21,4.99,171,Pipestone,636.7,651.2,636.7,636.7,679.2,679.2,679.2,Low MAP
HPC1495,Yes,Yes,174,Yes,No,Y_2019,_2019,2019,PC_2019,41.43,1052.2,Root,SCSC,PC,Prairie Coteau,West,686,44.746,-96.9263,Northern Tallgrass Prairie,Dry Hill Prairie ,Dry Hill Prairie ,"Barnes-Buse complex, 3 to 6 percent slopes",7.9,23,39.8,37.7,4.5,15,0.21,4.99,173,Pipestone,636.7,651.2,636.7,636.7,679.2,679.2,679.2,Low MAP
HPC1497,Yes,Yes,176,Yes,No,Y_2019,_2019,2019,PC_2019,41.43,1052.2,Root,SCSC,PC,Prairie Coteau,West,686,44.746,-96.9263,Northern Tallgrass Prairie,Dry Hill Prairie ,Dry Hill Prairie ,"Barnes-Buse complex, 3 to 6 percent slopes",7.9,23,39.8,37.7,4.5,15,0.21,4.99,175,Pipestone,636.7,651.2,636.7,636.7,679.2,679.2,679.2,Low MAP
HPC1498,Yes,Yes,177,Yes,No,Y_2019,_2019,2019,PC_2019,41.43,1052.2,Root,SCSC,PC,Prairie Coteau,West,686,44.746,-96.9263,Northern Tallgrass Prairie,Dry Hill Prairie ,Dry Hill Prairie ,"Barnes-Buse complex, 3 to 6 percent slopes",7.9,23,39.8,37.7,4.5,15,0.21,4.99,176,Pipestone,636.7,651.2,636.7,636.7,679.2,679.2,679.2,Low MAP
HPC1500,Yes,Yes,178,Yes,No,Y_2019,_2019,2019,PC_2019,41.43,1052.2,Root,SCSC,PC,Prairie Coteau,West,686,44.746,-96.9263,Northern Tallgrass Prairie,Dry Hill Prairie ,Dry Hill Prairie ,"Barnes-Buse complex, 3 to 6 percent slopes",7.9,23,39.8,37.7,4.5,15,0.21,4.99,177,Pipestone,636.7,651.2,636.7,636.7,679.2,679.2,679.2,Low MAP
HPC1501,Yes,Yes,179,Yes,No,Y_2019,_2019,2019,PC_2019,41.43,1052.2,Root,SCSC,PC,Prairie Coteau,West,686,44.746,-96.9263,Northern Tallgrass Prairie,Dry Hill Prairie ,Dry Hill Prairie ,"Barnes-Buse complex, 3 to 6 percent slopes",7.9,23,39.8,37.7,4.5,15,0.21,4.99,178,Pipestone,636.7,651.2,636.7,636.7,679.2,679.2,679.2,Low MAP
HPC1502,Yes,Yes,180,Yes,No,Y_2019,_2019,2019,PC_2019,41.43,1052.2,Root,SCSC,PC,Prairie Coteau,West,686,44.746,-96.9263,Northern Tallgrass Prairie,Dry Hill Prairie ,Dry Hill Prairie ,"Barnes-Buse complex, 3 to 6 percent slopes",7.9,23,39.8,37.7,4.5,15,0.21,4.99,179,Pipestone,636.7,651.2,636.7,636.7,679.2,679.2,679.2,Low MAP
HPC1504,Yes,Yes,182,Yes,No,Y_2019,_2019,2019,PC_2019,41.43,1052.2,Root,SCSC,PC,Prairie Coteau,West,686,44.746,-96.9263,Northern Tallgrass Prairie,Dry Hill Prairie ,Dry Hill Prairie ,"Barnes-Buse complex, 3 to 6 percent slopes",7.9,23,39.8,37.7,4.5,15,0.21,4.99,181,Pipestone,636.7,651.2,636.7,636.7,679.2,679.2,679.2,Low MAP
HPC1506,Yes,Yes,183,Yes,No,Y_2019,_2019,2019,PC_2019,41.43,1052.2,Root,SCSC,PC,Prairie Coteau,West,686,44.746,-96.9263,Northern Tallgrass Prairie,Dry Hill Prairie ,Dry Hill Prairie ,"Barnes-Buse complex, 3 to 6 percent slopes",7.9,23,39.8,37.7,4.5,15,0.21,4.99,182,Pipestone,636.7,651.2,636.7,636.7,679.2,679.2,679.2,Low MAP
HPC1512,Yes,Yes,185,Yes,No,Y_2019,_2019,2019,PC_2019,41.43,1052.2,Root,SCSC,PC,Prairie Coteau,West,686,44.746,-96.9263,Northern Tallgrass Prairie,Dry Hill Prairie ,Dry Hill Prairie ,"Barnes-Buse complex, 3 to 6 percent slopes",7.9,23,39.8,37.7,4.5,15,0.21,4.99,184,Pipestone,636.7,651.2,636.7,636.7,679.2,679.2,679.2,Low MAP
HPC1515,Yes,Yes,186,Yes,No,Y_2019,_2019,2019,PC_2019,41.43,1052.2,Root,SCSC,PC,Prairie Coteau,West,686,44.746,-96.9263,Northern Tallgrass Prairie,Dry Hill Prairie ,Dry Hill Prairie ,"Barnes-Buse complex, 3 to 6 percent slopes",7.9,23,39.8,37.7,4.5,15,0.21,4.99,185,Pipestone,636.7,651.2,636.7,636.7,679.2,679.2,679.2,Low MAP
HPC1517,Yes,Yes,187,Yes,No,Y_2019,_2019,2019,PC_2019,41.43,1052.2,Root,SCSC,PC,Prairie Coteau,West,686,44.746,-96.9263,Northern Tallgrass Prairie,Dry Hill Prairie ,Dry Hill Prairie ,"Barnes-Buse complex, 3 to 6 percent slopes",7.9,23,39.8,37.7,4.5,15,0.21,4.99,186,Pipestone,636.7,651.2,636.7,636.7,679.2,679.2,679.2,Low MAP
HPC1552,Yes,Yes,213,Yes,No,Y_2019,_2019,2019,KWD_2019,46.8,1213.8,Root,SCSC,KWD,Kellogg Weaver Dunes,East,892,44.15486,-91.55963,Prairie-Forest Border,Dry Sand - Gravel Prairie ,Dry Sand - Gravel Prairie ,"Plainfield fine sand, 0 to 2 percent slopes",6,3.6,95.5,0.8,0.97,0,0.07,1.61,212,Kellogg,821,832,821,837.9,840.4,840.4,840.4,High MAP
HPC1553,Yes,Yes,214,Yes,No,Y_2019,_2019,2019,KWD_2019,46.8,1213.8,Root,SCSC,KWD,Kellogg Weaver Dunes,East,892,44.15486,-91.55963,Prairie-Forest Border,Dry Sand - Gravel Prairie ,Dry Sand - Gravel Prairie ,"Plainfield fine sand, 0 to 2 percent slopes",6,3.6,95.5,0.8,0.97,0,0.07,1.61,213,Kellogg,821,832,821,837.9,840.4,840.4,840.4,High MAP
HPC1556,Yes,Yes,216,Yes,No,Y_2019,_2019,2019,KWD_2019,46.8,1213.8,Root,SCSC,KWD,Kellogg Weaver Dunes,East,892,44.15486,-91.55963,Prairie-Forest Border,Dry Sand - Gravel Prairie ,Dry Sand - Gravel Prairie ,"Plainfield fine sand, 0 to 2 percent slopes",6,3.6,95.5,0.8,0.97,0,0.07,1.61,215,Kellogg,821,832,821,837.9,840.4,840.4,840.4,High MAP
HPC1560,Yes,Yes,217,Yes,No,Y_2019,_2019,2019,KWD_2019,46.8,1213.8,Root,SCSC,KWD,Kellogg Weaver Dunes,East,892,44.15486,-91.55963,Prairie-Forest Border,Dry Sand - Gravel Prairie ,Dry Sand - Gravel Prairie ,"Plainfield fine sand, 0 to 2 percent slopes",6,3.6,95.5,0.8,0.97,0,0.07,1.61,216,Kellogg,821,832,821,837.9,840.4,840.4,840.4,High MAP
HPC1561,Yes,Yes,218,Yes,No,Y_2019,_2019,2019,KWD_2019,46.8,1213.8,Root,SCSC,KWD,Kellogg Weaver Dunes,East,892,44.15486,-91.55963,Prairie-Forest Border,Dry Sand - Gravel Prairie ,Dry Sand - Gravel Prairie ,"Plainfield fine sand, 0 to 2 percent slopes",6,3.6,95.5,0.8,0.97,0,0.07,1.61,217,Kellogg,821,832,821,837.9,840.4,840.4,840.4,High MAP
HPC1564,Yes,Yes,220,Yes,No,Y_2019,_2019,2019,KWD_2019,46.8,1213.8,Root,SCSC,KWD,Kellogg Weaver Dunes,East,892,44.15486,-91.55963,Prairie-Forest Border,Dry Sand - Gravel Prairie ,Dry Sand - Gravel Prairie ,"Plainfield fine sand, 0 to 2 percent slopes",6,3.6,95.5,0.8,0.97,0,0.07,1.61,219,Kellogg,821,832,821,837.9,840.4,840.4,840.4,High MAP
HPC1567,Yes,Yes,222,Yes,No,Y_2019,_2019,2019,KWD_2019,46.8,1213.8,Root,SCSC,KWD,Kellogg Weaver Dunes,East,892,44.15486,-91.55963,Prairie-Forest Border,Dry Sand - Gravel Prairie ,Dry Sand - Gravel Prairie ,"Plainfield fine sand, 0 to 2 percent slopes",6,3.6,95.5,0.8,0.97,0,0.07,1.61,221,Kellogg,821,832,821,837.9,840.4,840.4,840.4,High MAP
HPC1569,Yes,Yes,224,Yes,No,Y_2019,_2019,2019,KWD_2019,46.8,1213.8,Root,SCSC,KWD,Kellogg Weaver Dunes,East,892,44.15486,-91.55963,Prairie-Forest Border,Dry Sand - Gravel Prairie ,Dry Sand - Gravel Prairie ,"Plainfield fine sand, 0 to 2 percent slopes",6,3.6,95.5,0.8,0.97,0,0.07,1.61,223,Kellogg,821,832,821,837.9,840.4,840.4,840.4,High MAP
HPC1570,Yes,Yes,225,Yes,No,Y_2019,_2019,2019,KWD_2019,46.8,1213.8,Root,SCSC,KWD,Kellogg Weaver Dunes,East,892,44.15486,-91.55963,Prairie-Forest Border,Dry Sand - Gravel Prairie ,Dry Sand - Gravel Prairie ,"Plainfield fine sand, 0 to 2 percent slopes",6,3.6,95.5,0.8,0.97,0,0.07,1.61,224,Kellogg,821,832,821,837.9,840.4,840.4,840.4,High MAP
HPC1571,Yes,Yes,226,Yes,No,Y_2019,_2019,2019,KWD_2019,46.8,1213.8,Root,SCSC,KWD,Kellogg Weaver Dunes,East,892,44.15486,-91.55963,Prairie-Forest Border,Dry Sand - Gravel Prairie ,Dry Sand - Gravel Prairie ,"Plainfield fine sand, 0 to 2 percent slopes",6,3.6,95.5,0.8,0.97,0,0.07,1.61,225,Kellogg,821,832,821,837.9,840.4,840.4,840.4,High MAP
HPC1572,Yes,Yes,227,Yes,No,Y_2019,_2019,2019,KWD_2019,46.8,1213.8,Root,SCSC,KWD,Kellogg Weaver Dunes,East,892,44.15486,-91.55963,Prairie-Forest Border,Dry Sand - Gravel Prairie ,Dry Sand - Gravel Prairie ,"Plainfield fine sand, 0 to 2 percent slopes",6,3.6,95.5,0.8,0.97,0,0.07,1.61,226,Kellogg,821,832,821,837.9,840.4,840.4,840.4,High MAP
HPC1573,Yes,Yes,228,Yes,No,Y_2019,_2019,2019,KWD_2019,46.8,1213.8,Root,SCSC,KWD,Kellogg Weaver Dunes,East,892,44.15486,-91.55963,Prairie-Forest Border,Dry Sand - Gravel Prairie ,Dry Sand - Gravel Prairie ,"Plainfield fine sand, 0 to 2 percent slopes",6,3.6,95.5,0.8,0.97,0,0.07,1.61,227,Kellogg,821,832,821,837.9,840.4,840.4,840.4,High MAP
HPC1574,Yes,Yes,229,Yes,No,Y_2019,_2019,2019,KWD_2019,46.8,1213.8,Root,SCSC,KWD,Kellogg Weaver Dunes,East,892,44.15486,-91.55963,Prairie-Forest Border,Dry Sand - Gravel Prairie ,Dry Sand - Gravel Prairie ,"Plainfield fine sand, 0 to 2 percent slopes",6,3.6,95.5,0.8,0.97,0,0.07,1.61,228,Kellogg,821,832,821,837.9,840.4,840.4,840.4,High MAP
HPC1576,Yes,Yes,230,Yes,No,Y_2019,_2019,2019,KWD_2019,46.8,1213.8,Root,SCSC,KWD,Kellogg Weaver Dunes,East,892,44.15486,-91.55963,Prairie-Forest Border,Dry Sand - Gravel Prairie ,Dry Sand - Gravel Prairie ,"Plainfield fine sand, 0 to 2 percent slopes",6,3.6,95.5,0.8,0.97,0,0.07,1.61,229,Kellogg,821,832,821,837.9,840.4,840.4,840.4,High MAP
HPC1577,Yes,Yes,231,Yes,No,Y_2019,_2019,2019,KWD_2019,46.8,1213.8,Root,SCSC,KWD,Kellogg Weaver Dunes,East,892,44.15486,-91.55963,Prairie-Forest Border,Dry Sand - Gravel Prairie ,Dry Sand - Gravel Prairie ,"Plainfield fine sand, 0 to 2 percent slopes",6,3.6,95.5,0.8,0.97,0,0.07,1.61,230,Kellogg,821,832,821,837.9,840.4,840.4,840.4,High MAP
HPC1578,Yes,Yes,232,Yes,No,Y_2019,_2019,2019,KWD_2019,46.8,1213.8,Root,SCSC,KWD,Kellogg Weaver Dunes,East,892,44.15486,-91.55963,Prairie-Forest Border,Dry Sand - Gravel Prairie ,Dry Sand - Gravel Prairie ,"Plainfield fine sand, 0 to 2 percent slopes",6,3.6,95.5,0.8,0.97,0,0.07,1.61,231,Kellogg,821,832,821,837.9,840.4,840.4,840.4,High MAP
HPC1579,Yes,Yes,233,Yes,No,Y_2019,_2019,2019,KWD_2019,46.8,1213.8,Root,SCSC,KWD,Kellogg Weaver Dunes,East,892,44.15486,-91.55963,Prairie-Forest Border,Dry Sand - Gravel Prairie ,Dry Sand - Gravel Prairie ,"Plainfield fine sand, 0 to 2 percent slopes",6,3.6,95.5,0.8,0.97,0,0.07,1.61,232,Kellogg,821,832,821,837.9,840.4,840.4,840.4,High MAP
HPC1581,Yes,Yes,235,Yes,No,Y_2019,_2019,2019,SP_2019,38.47,1132.5,Root,SCSC,SP,Sioux Prairie,West,564,44.032214,-96.78054,Northern Tallgrass Prairie,Dry Sand - Gravel Prairie ,Dry Sand - Gravel Prairie ,"Egan-Wentworth complex, 2 to 6 percent slopes",6.2,31.5,6.5,62,4,0,0.2,4.68,234,Madison,612.6,617.3,612.6,612.6,612.6,612.6,612.6,Low MAP
HPC1583,Yes,Yes,236,Yes,No,Y_2019,_2019,2019,SP_2019,38.47,1132.5,Root,SCSC,SP,Sioux Prairie,West,564,44.032214,-96.78054,Northern Tallgrass Prairie,Dry Sand - Gravel Prairie ,Dry Sand - Gravel Prairie ,"Egan-Wentworth complex, 2 to 6 percent slopes",6.2,31.5,6.5,62,4,0,0.2,4.68,235,Madison,612.6,617.3,612.6,612.6,612.6,612.6,612.6,Low MAP
HPC1584,Yes,Yes,237,Yes,No,Y_2019,_2019,2019,SP_2019,38.47,1132.5,Root,SCSC,SP,Sioux Prairie,West,564,44.032214,-96.78054,Northern Tallgrass Prairie,Dry Sand - Gravel Prairie ,Dry Sand - Gravel Prairie ,"Egan-Wentworth complex, 2 to 6 percent slopes",6.2,31.5,6.5,62,4,0,0.2,4.68,236,Madison,612.6,617.3,612.6,612.6,612.6,612.6,612.6,Low MAP
HPC1585,Yes,Yes,238,Yes,No,Y_2019,_2019,2019,SP_2019,38.47,1132.5,Root,SCSC,SP,Sioux Prairie,West,564,44.032214,-96.78054,Northern Tallgrass Prairie,Dry Sand - Gravel Prairie ,Dry Sand - Gravel Prairie ,"Egan-Wentworth complex, 2 to 6 percent slopes",6.2,31.5,6.5,62,4,0,0.2,4.68,237,Madison,612.6,617.3,612.6,612.6,612.6,612.6,612.6,Low MAP
HPC1586,Yes,Yes,239,Yes,No,Y_2019,_2019,2019,SP_2019,38.47,1132.5,Root,SCSC,SP,Sioux Prairie,West,564,44.032214,-96.78054,Northern Tallgrass Prairie,Dry Sand - Gravel Prairie ,Dry Sand - Gravel Prairie ,"Egan-Wentworth complex, 2 to 6 percent slopes",6.2,31.5,6.5,62,4,0,0.2,4.68,238,Madison,612.6,617.3,612.6,612.6,612.6,612.6,612.6,Low MAP
HPC1587,Yes,Yes,240,Yes,No,Y_2019,_2019,2019,SP_2019,38.47,1132.5,Root,SCSC,SP,Sioux Prairie,West,564,44.032214,-96.78054,Northern Tallgrass Prairie,Dry Sand - Gravel Prairie ,Dry Sand - Gravel Prairie ,"Egan-Wentworth complex, 2 to 6 percent slopes",6.2,31.5,6.5,62,4,0,0.2,4.68,239,Madison,612.6,617.3,612.6,612.6,612.6,612.6,612.6,Low MAP
HPC1589,Yes,Yes,241,Yes,No,Y_2019,_2019,2019,SP_2019,38.47,1132.5,Root,SCSC,SP,Sioux Prairie,West,564,44.032214,-96.78054,Northern Tallgrass Prairie,Dry Sand - Gravel Prairie ,Dry Sand - Gravel Prairie ,"Egan-Wentworth complex, 2 to 6 percent slopes",6.2,31.5,6.5,62,4,0,0.2,4.68,240,Madison,612.6,617.3,612.6,612.6,612.6,612.6,612.6,Low MAP
HPC1592,Yes,Yes,243,Yes,No,Y_2019,_2019,2019,SP_2019,38.47,1132.5,Root,SCSC,SP,Sioux Prairie,West,564,44.032214,-96.78054,Northern Tallgrass Prairie,Dry Sand - Gravel Prairie ,Dry Sand - Gravel Prairie ,"Egan-Wentworth complex, 2 to 6 percent slopes",6.2,31.5,6.5,62,4,0,0.2,4.68,242,Madison,612.6,617.3,612.6,612.6,612.6,612.6,612.6,Low MAP
HPC1594,Yes,Yes,244,Yes,No,Y_2019,_2019,2019,SP_2019,38.47,1132.5,Root,SCSC,SP,Sioux Prairie,West,564,44.032214,-96.78054,Northern Tallgrass Prairie,Dry Sand - Gravel Prairie ,Dry Sand - Gravel Prairie ,"Egan-Wentworth complex, 2 to 6 percent slopes",6.2,31.5,6.5,62,4,0,0.2,4.68,243,Madison,612.6,617.3,612.6,612.6,612.6,612.6,612.6,Low MAP
HPC1596,Yes,Yes,245,Yes,No,Y_2019,_2019,2019,SP_2019,38.47,1132.5,Root,SCSC,SP,Sioux Prairie,West,564,44.032214,-96.78054,Northern Tallgrass Prairie,Dry Sand - Gravel Prairie ,Dry Sand - Gravel Prairie ,"Egan-Wentworth complex, 2 to 6 percent slopes",6.2,31.5,6.5,62,4,0,0.2,4.68,244,Madison,612.6,617.3,612.6,612.6,612.6,612.6,612.6,Low MAP
HPC1597,Yes,Yes,246,Yes,No,Y_2019,_2019,2019,SP_2019,38.47,1132.5,Root,SCSC,SP,Sioux Prairie,West,564,44.032214,-96.78054,Northern Tallgrass Prairie,Dry Sand - Gravel Prairie ,Dry Sand - Gravel Prairie ,"Egan-Wentworth complex, 2 to 6 percent slopes",6.2,31.5,6.5,62,4,0,0.2,4.68,245,Madison,612.6,617.3,612.6,612.6,612.6,612.6,612.6,Low MAP
HPC1600,Yes,Yes,248,Yes,No,Y_2019,_2019,2019,SP_2019,38.47,1132.5,Root,SCSC,SP,Sioux Prairie,West,564,44.032214,-96.78054,Northern Tallgrass Prairie,Dry Sand - Gravel Prairie ,Dry Sand - Gravel Prairie ,"Egan-Wentworth complex, 2 to 6 percent slopes",6.2,31.5,6.5,62,4,0,0.2,4.68,247,Madison,612.6,617.3,612.6,612.6,612.6,612.6,612.6,Low MAP
HPC1601,Yes,Yes,249,Yes,No,Y_2019,_2019,2019,SP_2019,38.47,1132.5,Root,SCSC,SP,Sioux Prairie,West,564,44.032214,-96.78054,Northern Tallgrass Prairie,Dry Sand - Gravel Prairie ,Dry Sand - Gravel Prairie ,"Egan-Wentworth complex, 2 to 6 percent slopes",6.2,31.5,6.5,62,4,0,0.2,4.68,248,Madison,612.6,617.3,612.6,612.6,612.6,612.6,612.6,Low MAP
HPC1602,Yes,Yes,250,Yes,No,Y_2019,_2019,2019,SP_2019,38.47,1132.5,Root,SCSC,SP,Sioux Prairie,West,564,44.032214,-96.78054,Northern Tallgrass Prairie,Dry Sand - Gravel Prairie ,Dry Sand - Gravel Prairie ,"Egan-Wentworth complex, 2 to 6 percent slopes",6.2,31.5,6.5,62,4,0,0.2,4.68,249,Madison,612.6,617.3,612.6,612.6,612.6,612.6,612.6,Low MAP
HPC1605,Yes,Yes,252,Yes,No,Y_2019,_2019,2019,SP_2019,38.47,1132.5,Root,SCSC,SP,Sioux Prairie,West,564,44.032214,-96.78054,Northern Tallgrass Prairie,Dry Sand - Gravel Prairie ,Dry Sand - Gravel Prairie ,"Egan-Wentworth complex, 2 to 6 percent slopes",6.2,31.5,6.5,62,4,0,0.2,4.68,251,Madison,612.6,617.3,612.6,612.6,612.6,612.6,612.6,Low MAP
HPC1607,Yes,Yes,253,Yes,No,Y_2019,_2019,2019,SP_2019,38.47,1132.5,Root,SCSC,SP,Sioux Prairie,West,564,44.032214,-96.78054,Northern Tallgrass Prairie,Dry Sand - Gravel Prairie ,Dry Sand - Gravel Prairie ,"Egan-Wentworth complex, 2 to 6 percent slopes",6.2,31.5,6.5,62,4,0,0.2,4.68,252,Madison,612.6,617.3,612.6,612.6,612.6,612.6,612.6,Low MAP
HPC1608,Yes,Yes,254,Yes,No,Y_2019,_2019,2019,SP_2019,38.47,1132.5,Root,SCSC,SP,Sioux Prairie,West,564,44.032214,-96.78054,Northern Tallgrass Prairie,Dry Sand - Gravel Prairie ,Dry Sand - Gravel Prairie ,"Egan-Wentworth complex, 2 to 6 percent slopes",6.2,31.5,6.5,62,4,0,0.2,4.68,253,Madison,612.6,617.3,612.6,612.6,612.6,612.6,612.6,Low MAP
HPC1611,Yes,Yes,257,Yes,No,Y_2019,_2019,2019,CWR_2019,45.1,1075,Root,SCSC,CWR,Cottonwood River SNA,Central,699,44.12141,-95.06171,Northern Tallgrass Prairie,Dry Sand - Gravel Prairie ,Dry Sand - Gravel Prairie ,"Webster clay loam, 0 to 2 percent slopes",6.5,33,25,42,7,0,0.18,4.37,256,Windom,679.2,679.2,679.2,679.2,679.2,679.2,679.2,Mid MAP
HPC1615,Yes,Yes,259,Yes,No,Y_2019,_2019,2019,CWR_2019,45.1,1075,Root,SCSC,CWR,Cottonwood River SNA,Central,699,44.12141,-95.06171,Northern Tallgrass Prairie,Dry Sand - Gravel Prairie ,Dry Sand - Gravel Prairie ,"Webster clay loam, 0 to 2 percent slopes",6.5,33,25,42,7,0,0.18,4.37,258,Windom,679.2,679.2,679.2,679.2,679.2,679.2,679.2,Mid MAP
HPC1618,Yes,Yes,260,Yes,No,Y_2019,_2019,2019,CWR_2019,45.1,1075,Root,SCSC,CWR,Cottonwood River SNA,Central,699,44.12141,-95.06171,Northern Tallgrass Prairie,Dry Sand - Gravel Prairie ,Dry Sand - Gravel Prairie ,"Webster clay loam, 0 to 2 percent slopes",6.5,33,25,42,7,0,0.18,4.37,259,Windom,679.2,679.2,679.2,679.2,679.2,679.2,679.2,Mid MAP
HPC1619,Yes,Yes,261,Yes,No,Y_2019,_2019,2019,CWR_2019,45.1,1075,Root,SCSC,CWR,Cottonwood River SNA,Central,699,44.12141,-95.06171,Northern Tallgrass Prairie,Dry Sand - Gravel Prairie ,Dry Sand - Gravel Prairie ,"Webster clay loam, 0 to 2 percent slopes",6.5,33,25,42,7,0,0.18,4.37,260,Windom,679.2,679.2,679.2,679.2,679.2,679.2,679.2,Mid MAP
HPC1622,Yes,Yes,263,Yes,No,Y_2019,_2019,2019,CWR_2019,45.1,1075,Root,SCSC,CWR,Cottonwood River SNA,Central,699,44.12141,-95.06171,Northern Tallgrass Prairie,Dry Sand - Gravel Prairie ,Dry Sand - Gravel Prairie ,"Webster clay loam, 0 to 2 percent slopes",6.5,33,25,42,7,0,0.18,4.37,262,Windom,679.2,679.2,679.2,679.2,679.2,679.2,679.2,Mid MAP
HPC1623,Yes,Yes,264,Yes,No,Y_2019,_2019,2019,CWR_2019,45.1,1075,Root,SCSC,CWR,Cottonwood River SNA,Central,699,44.12141,-95.06171,Northern Tallgrass Prairie,Dry Sand - Gravel Prairie ,Dry Sand - Gravel Prairie ,"Webster clay loam, 0 to 2 percent slopes",6.5,33,25,42,7,0,0.18,4.37,263,Windom,679.2,679.2,679.2,679.2,679.2,679.2,679.2,Mid MAP
HPC1625,Yes,Yes,265,Yes,No,Y_2019,_2019,2019,CWR_2019,45.1,1075,Root,SCSC,CWR,Cottonwood River SNA,Central,699,44.12141,-95.06171,Northern Tallgrass Prairie,Dry Sand - Gravel Prairie ,Dry Sand - Gravel Prairie ,"Webster clay loam, 0 to 2 percent slopes",6.5,33,25,42,7,0,0.18,4.37,264,Windom,679.2,679.2,679.2,679.2,679.2,679.2,679.2,Mid MAP
HPC1626,Yes,Yes,266,Yes,No,Y_2019,_2019,2019,CWR_2019,45.1,1075,Root,SCSC,CWR,Cottonwood River SNA,Central,699,44.12141,-95.06171,Northern Tallgrass Prairie,Dry Sand - Gravel Prairie ,Dry Sand - Gravel Prairie ,"Webster clay loam, 0 to 2 percent slopes",6.5,33,25,42,7,0,0.18,4.37,265,Windom,679.2,679.2,679.2,679.2,679.2,679.2,679.2,Mid MAP
HPC1628,Yes,Yes,268,Yes,No,Y_2019,_2019,2019,CWR_2019,45.1,1075,Root,SCSC,CWR,Cottonwood River SNA,Central,699,44.12141,-95.06171,Northern Tallgrass Prairie,Dry Sand - Gravel Prairie ,Dry Sand - Gravel Prairie ,"Webster clay loam, 0 to 2 percent slopes",6.5,33,25,42,7,0,0.18,4.37,267,Windom,679.2,679.2,679.2,679.2,679.2,679.2,679.2,Mid MAP
HPC1629,Yes,Yes,269,Yes,No,Y_2019,_2019,2019,CWR_2019,45.1,1075,Root,SCSC,CWR,Cottonwood River SNA,Central,699,44.12141,-95.06171,Northern Tallgrass Prairie,Dry Sand - Gravel Prairie ,Dry Sand - Gravel Prairie ,"Webster clay loam, 0 to 2 percent slopes",6.5,33,25,42,7,0,0.18,4.37,268,Windom,679.2,679.2,679.2,679.2,679.2,679.2,679.2,Mid MAP
HPC1630,Yes,Yes,270,Yes,No,Y_2019,_2019,2019,CWR_2019,45.1,1075,Root,SCSC,CWR,Cottonwood River SNA,Central,699,44.12141,-95.06171,Northern Tallgrass Prairie,Dry Sand - Gravel Prairie ,Dry Sand - Gravel Prairie ,"Webster clay loam, 0 to 2 percent slopes",6.5,33,25,42,7,0,0.18,4.37,269,Windom,679.2,679.2,679.2,679.2,679.2,679.2,679.2,Mid MAP
HPC1631,Yes,Yes,271,Yes,No,Y_2019,_2019,2019,CWR_2019,45.1,1075,Root,SCSC,CWR,Cottonwood River SNA,Central,699,44.12141,-95.06171,Northern Tallgrass Prairie,Dry Sand - Gravel Prairie ,Dry Sand - Gravel Prairie ,"Webster clay loam, 0 to 2 percent slopes",6.5,33,25,42,7,0,0.18,4.37,270,Windom,679.2,679.2,679.2,679.2,679.2,679.2,679.2,Mid MAP
HPC1632,Yes,Yes,272,Yes,No,Y_2019,_2019,2019,CWR_2019,45.1,1075,Root,SCSC,CWR,Cottonwood River SNA,Central,699,44.12141,-95.06171,Northern Tallgrass Prairie,Dry Sand - Gravel Prairie ,Dry Sand - Gravel Prairie ,"Webster clay loam, 0 to 2 percent slopes",6.5,33,25,42,7,0,0.18,4.37,271,Windom,679.2,679.2,679.2,679.2,679.2,679.2,679.2,Mid MAP
HPC1633,Yes,Yes,273,Yes,No,Y_2019,_2019,2019,CWR_2019,45.1,1075,Root,SCSC,CWR,Cottonwood River SNA,Central,699,44.12141,-95.06171,Northern Tallgrass Prairie,Dry Sand - Gravel Prairie ,Dry Sand - Gravel Prairie ,"Webster clay loam, 0 to 2 percent slopes",6.5,33,25,42,7,0,0.18,4.37,272,Windom,679.2,679.2,679.2,679.2,679.2,679.2,679.2,Mid MAP
HPC1635,Yes,Yes,275,Yes,No,Y_2019,_2019,2019,CWR_2019,45.1,1075,Root,SCSC,CWR,Cottonwood River SNA,Central,699,44.12141,-95.06171,Northern Tallgrass Prairie,Dry Sand - Gravel Prairie ,Dry Sand - Gravel Prairie ,"Webster clay loam, 0 to 2 percent slopes",6.5,33,25,42,7,0,0.18,4.37,274,Windom,679.2,679.2,679.2,679.2,679.2,679.2,679.2,Mid MAP
HPC1639,Yes,Yes,278,Yes,No,Y_2019,_2019,2019,CWR_2019,45.1,1075,Root,SCSC,CWR,Cottonwood River SNA,Central,699,44.12141,-95.06171,Northern Tallgrass Prairie,Dry Sand - Gravel Prairie ,Dry Sand - Gravel Prairie ,"Webster clay loam, 0 to 2 percent slopes",6.5,33,25,42,7,0,0.18,4.37,277,Windom,679.2,679.2,679.2,679.2,679.2,679.2,679.2,Mid MAP
HPC1642,Yes,Yes,280,Yes,No,Y_2019,_2019,2019,HSC_2019,40.3,1109.5,Root,SCSC,HSC,Hasting Sand Coulee ,East,850,44.42428,-92.49619,Prairie-Forest Border,Dry Sand - Gravel Prairie ,Dry Sand - Gravel Prairie ,"Hubbard loamy sand, 6 to 12 percent slopes",6.2,7,83.9,9.2,3.5,0,0.1,2.4,279,Hastings,840.4,845.6,840.4,837.9,840.4,840.4,840.4,High MAP
HPC1645,Yes,Yes,282,Yes,No,Y_2019,_2019,2019,HSC_2019,40.3,1109.5,Root,SCSC,HSC,Hasting Sand Coulee ,East,850,44.42428,-92.49619,Prairie-Forest Border,Dry Sand - Gravel Prairie ,Dry Sand - Gravel Prairie ,"Hubbard loamy sand, 6 to 12 percent slopes",6.2,7,83.9,9.2,3.5,0,0.1,2.4,281,Hastings,840.4,845.6,840.4,837.9,840.4,840.4,840.4,High MAP
HPC1648,Yes,Yes,283,Yes,No,Y_2019,_2019,2019,HSC_2019,40.3,1109.5,Root,SCSC,HSC,Hasting Sand Coulee ,East,850,44.42428,-92.49619,Prairie-Forest Border,Dry Sand - Gravel Prairie ,Dry Sand - Gravel Prairie ,"Hubbard loamy sand, 6 to 12 percent slopes",6.2,7,83.9,9.2,3.5,0,0.1,2.4,282,Hastings,840.4,845.6,840.4,837.9,840.4,840.4,840.4,High MAP
HPC1649,Yes,Yes,284,Yes,No,Y_2019,_2019,2019,HSC_2019,40.3,1109.5,Root,SCSC,HSC,Hasting Sand Coulee ,East,850,44.42428,-92.49619,Prairie-Forest Border,Dry Sand - Gravel Prairie ,Dry Sand - Gravel Prairie ,"Hubbard loamy sand, 6 to 12 percent slopes",6.2,7,83.9,9.2,3.5,0,0.1,2.4,283,Hastings,840.4,845.6,840.4,837.9,840.4,840.4,840.4,High MAP
HPC1651,Yes,Yes,286,Yes,No,Y_2019,_2019,2019,HSC_2019,40.3,1109.5,Root,SCSC,HSC,Hasting Sand Coulee ,East,850,44.42428,-92.49619,Prairie-Forest Border,Dry Sand - Gravel Prairie ,Dry Sand - Gravel Prairie ,"Hubbard loamy sand, 6 to 12 percent slopes",6.2,7,83.9,9.2,3.5,0,0.1,2.4,285,Hastings,840.4,845.6,840.4,837.9,840.4,840.4,840.4,High MAP
HPC1652,Yes,Yes,287,Yes,No,Y_2019,_2019,2019,HSC_2019,40.3,1109.5,Root,SCSC,HSC,Hasting Sand Coulee ,East,850,44.42428,-92.49619,Prairie-Forest Border,Dry Sand - Gravel Prairie ,Dry Sand - Gravel Prairie ,"Hubbard loamy sand, 6 to 12 percent slopes",6.2,7,83.9,9.2,3.5,0,0.1,2.4,286,Hastings,840.4,845.6,840.4,837.9,840.4,840.4,840.4,High MAP
HPC1654,Yes,Yes,288,Yes,No,Y_2019,_2019,2019,HSC_2019,40.3,1109.5,Root,SCSC,HSC,Hasting Sand Coulee ,East,850,44.42428,-92.49619,Prairie-Forest Border,Dry Sand - Gravel Prairie ,Dry Sand - Gravel Prairie ,"Hubbard loamy sand, 6 to 12 percent slopes",6.2,7,83.9,9.2,3.5,0,0.1,2.4,287,Hastings,840.4,845.6,840.4,837.9,840.4,840.4,840.4,High MAP
HPC1655,Yes,Yes,289,Yes,No,Y_2019,_2019,2019,HSC_2019,40.3,1109.5,Root,SCSC,HSC,Hasting Sand Coulee ,East,850,44.42428,-92.49619,Prairie-Forest Border,Dry Sand - Gravel Prairie ,Dry Sand - Gravel Prairie ,"Hubbard loamy sand, 6 to 12 percent slopes",6.2,7,83.9,9.2,3.5,0,0.1,2.4,288,Hastings,840.4,845.6,840.4,837.9,840.4,840.4,840.4,High MAP
HPC1657,Yes,Yes,290,Yes,No,Y_2019,_2019,2019,HSC_2019,40.3,1109.5,Root,SCSC,HSC,Hasting Sand Coulee ,East,850,44.42428,-92.49619,Prairie-Forest Border,Dry Sand - Gravel Prairie ,Dry Sand - Gravel Prairie ,"Hubbard loamy sand, 6 to 12 percent slopes",6.2,7,83.9,9.2,3.5,0,0.1,2.4,289,Hastings,840.4,845.6,840.4,837.9,840.4,840.4,840.4,High MAP
HPC1661,Yes,Yes,291,Yes,No,Y_2019,_2019,2019,HSC_2019,40.3,1109.5,Root,SCSC,HSC,Hasting Sand Coulee ,East,850,44.42428,-92.49619,Prairie-Forest Border,Dry Sand - Gravel Prairie ,Dry Sand - Gravel Prairie ,"Hubbard loamy sand, 6 to 12 percent slopes",6.2,7,83.9,9.2,3.5,0,0.1,2.4,290,Hastings,840.4,845.6,840.4,837.9,840.4,840.4,840.4,High MAP
HPC1662,Yes,Yes,292,Yes,No,Y_2019,_2019,2019,HSC_2019,40.3,1109.5,Root,SCSC,HSC,Hasting Sand Coulee ,East,850,44.42428,-92.49619,Prairie-Forest Border,Dry Sand - Gravel Prairie ,Dry Sand - Gravel Prairie ,"Hubbard loamy sand, 6 to 12 percent slopes",6.2,7,83.9,9.2,3.5,0,0.1,2.4,291,Hastings,840.4,845.6,840.4,837.9,840.4,840.4,840.4,High MAP
HPC1663,Yes,Yes,293,Yes,No,Y_2019,_2019,2019,HSC_2019,40.3,1109.5,Root,SCSC,HSC,Hasting Sand Coulee ,East,850,44.42428,-92.49619,Prairie-Forest Border,Dry Sand - Gravel Prairie ,Dry Sand - Gravel Prairie ,"Hubbard loamy sand, 6 to 12 percent slopes",6.2,7,83.9,9.2,3.5,0,0.1,2.4,292,Hastings,840.4,845.6,840.4,837.9,840.4,840.4,840.4,High MAP
HPC1664,Yes,Yes,294,Yes,No,Y_2019,_2019,2019,HSC_2019,40.3,1109.5,Root,SCSC,HSC,Hasting Sand Coulee ,East,850,44.42428,-92.49619,Prairie-Forest Border,Dry Sand - Gravel Prairie ,Dry Sand - Gravel Prairie ,"Hubbard loamy sand, 6 to 12 percent slopes",6.2,7,83.9,9.2,3.5,0,0.1,2.4,293,Hastings,840.4,845.6,840.4,837.9,840.4,840.4,840.4,High MAP
HPC1665,Yes,Yes,295,Yes,No,Y_2019,_2019,2019,HSC_2019,40.3,1109.5,Root,SCSC,HSC,Hasting Sand Coulee ,East,850,44.42428,-92.49619,Prairie-Forest Border,Dry Sand - Gravel Prairie ,Dry Sand - Gravel Prairie ,"Hubbard loamy sand, 6 to 12 percent slopes",6.2,7,83.9,9.2,3.5,0,0.1,2.4,294,Hastings,840.4,845.6,840.4,837.9,840.4,840.4,840.4,High MAP
HPC1667,Yes,Yes,296,Yes,No,Y_2019,_2019,2019,HSC_2019,40.3,1109.5,Root,SCSC,HSC,Hasting Sand Coulee ,East,850,44.42428,-92.49619,Prairie-Forest Border,Dry Sand - Gravel Prairie ,Dry Sand - Gravel Prairie ,"Hubbard loamy sand, 6 to 12 percent slopes",6.2,7,83.9,9.2,3.5,0,0.1,2.4,295,Hastings,840.4,845.6,840.4,837.9,840.4,840.4,840.4,High MAP
HPC1668,Yes,Yes,297,Yes,No,Y_2019,_2019,2019,HSC_2019,40.3,1109.5,Root,SCSC,HSC,Hasting Sand Coulee ,East,850,44.42428,-92.49619,Prairie-Forest Border,Dry Sand - Gravel Prairie ,Dry Sand - Gravel Prairie ,"Hubbard loamy sand, 6 to 12 percent slopes",6.2,7,83.9,9.2,3.5,0,0.1,2.4,296,Hastings,840.4,845.6,840.4,837.9,840.4,840.4,840.4,High MAP
HPC8346,Yes,Yes,299,Yes,Yes,Y_2018,_2018,2018,CWR_2018,40.3,1008.3,Root,SCSC,CWR,Cottonwood River SNA,Central,699,44.12141,-95.06171,Northern Tallgrass Prairie,Dry Sand - Gravel Prairie ,Dry Sand - Gravel Prairie ,"Webster clay loam, 0 to 2 percent slopes",6.5,33,25,42,7,0,0.18,4.37,298,Windom,679.2,679.2,679.2,679.2,679.2,679.2,679.2,Mid MAP
HPC1108KNZ,Yes,Yes,300,Yes,Yes,Y_2018,_2018,2018,KWD_2018,40.3,1074.1,Root,SCSC,KWD,Kellogg Weaver Dunes,East,892,44.15486,-91.55963,Prairie-Forest Border,Dry Sand - Gravel Prairie ,Dry Sand - Gravel Prairie ,"Plainfield fine sand, 0 to 2 percent slopes",6,3.6,95.5,0.8,0.97,0,0.07,1.61,299,Kellogg,821,832,821,837.9,840.4,840.4,840.4,High MAP
HPC1342KNZ,Yes,Yes,301,Yes,Yes,Y_2018,_2018,2018,CWR_2018,40.3,1008.3,Root,SCSC,CWR,Cottonwood River SNA,Central,699,44.12141,-95.06171,Northern Tallgrass Prairie,Dry Sand - Gravel Prairie ,Dry Sand - Gravel Prairie ,"Webster clay loam, 0 to 2 percent slopes",6.5,33,25,42,7,0,0.18,4.37,300,Windom,679.2,679.2,679.2,679.2,679.2,679.2,679.2,Mid MAP
HPC1518KNZ,Yes,Yes,304,Yes,No,Y_2019,_2019,2019,PC_2019,NA,1052.2,Root,SCSC,PC,Prairie Coteau,West,686,44.7464,-96.9263,Northern Tallgrass Prairie,Dry Hill Prairie ,Dry Hill Prairie ,"Barnes-Buse complex, 3 to 6 percent slopes",7.9,23,39.8,37.7,4.5,15,0.21,4.99,303,Pipestone,636.7,651.2,636.7,636.7,679.2,679.2,679.2,Low MAP