Name,RemoveExtraSample1,Transectsample1,Categorical_MAPsample1,In2YearAnalysisSample1,Sitesample1,2Yearsample1,SCCSCornsample1,Yearsample1,YearMAP1sample1,YearMAP2sample1,Hostsample1,Codesample1,Locationsample1,Regionsample1,Rainfallsample1,Latitudesample1,Longitudesample1,Ecoregionsample1
HPC1024,Yes,PCTRS1Y_2018,Low MAP,Yes,PCSCSCY_2018,Yes,Yes,Y_2018,36.6,931.5,SCSC,PC,Prairie Coteau,West,686,44.7463,-96.9263,Northern Tallgrass Prairie
HPC1025,Yes,PCTRS1Y_2018,Low MAP,Yes,PCSCSCY_2018,Yes,Yes,Y_2018,36.6,931.5,SCSC,PC,Prairie Coteau,West,686,44.7462,-96.9263,Northern Tallgrass Prairie
HPC1026,Yes,PCTRS2Y_2018,Low MAP,Yes,PCSCSCY_2018,Yes,Yes,Y_2018,36.6,931.5,SCSC,PC,Prairie Coteau,West,686,44.7464,-96.9263,Northern Tallgrass Prairie
HPC1027,Yes,PCTRS2Y_2018,Low MAP,Yes,PCSCSCY_2018,Yes,Yes,Y_2018,36.6,931.5,SCSC,PC,Prairie Coteau,West,686,44.7465,-96.926365,Northern Tallgrass Prairie
HPC1028,Yes,PCTRS2Y_2018,Low MAP,Yes,PCSCSCY_2018,Yes,Yes,Y_2018,36.6,931.5,SCSC,PC,Prairie Coteau,West,686,44.7466,-96.9263,Northern Tallgrass Prairie
HPC1029,Yes,PCTRS2Y_2018,Low MAP,Yes,PCSCSCY_2018,Yes,Yes,Y_2018,36.6,931.5,SCSC,PC,Prairie Coteau,West,686,44.7467,-96.9263,Northern Tallgrass Prairie
HPC1030,Yes,PCTRS2Y_2018,Low MAP,Yes,PCSCSCY_2018,Yes,Yes,Y_2018,36.6,931.5,SCSC,PC,Prairie Coteau,West,686,44.7468,-96.9263,Northern Tallgrass Prairie
HPC1031,Yes,PCTRS3Y_2018,Low MAP,Yes,PCSCSCY_2018,Yes,Yes,Y_2018,36.6,931.5,SCSC,PC,Prairie Coteau,West,686,44.7465,-96.9263,Northern Tallgrass Prairie
HPC1032,Yes,PCTRS3Y_2018,Low MAP,Yes,PCSCSCY_2018,Yes,Yes,Y_2018,36.6,931.5,SCSC,PC,Prairie Coteau,West,686,44.7463,-96.9263,Northern Tallgrass Prairie
HPC1033,Yes,PCTRS3Y_2018,Low MAP,Yes,PCSCSCY_2018,Yes,Yes,Y_2018,36.6,931.5,SCSC,PC,Prairie Coteau,West,686,44.7469,-96.926354,Northern Tallgrass Prairie
HPC1034,Yes,PCTRS3Y_2018,Low MAP,Yes,PCSCSCY_2018,Yes,Yes,Y_2018,36.6,931.5,SCSC,PC,Prairie Coteau,West,686,44.74647,-96.9263,Northern Tallgrass Prairie
HPC1035,Yes,PCTRS3Y_2018,Low MAP,Yes,PCSCSCY_2018,Yes,Yes,Y_2018,36.6,931.5,SCSC,PC,Prairie Coteau,West,686,44.74641,-96.9263,Northern Tallgrass Prairie
HPC1036,Yes,PCTRS4Y_2018,Low MAP,Yes,PCSCSCY_2018,Yes,Yes,Y_2018,36.6,931.5,SCSC,PC,Prairie Coteau,West,686,44.74659,-96.9263,Northern Tallgrass Prairie
HPC1038,Yes,PCTRS4Y_2018,Low MAP,Yes,PCSCSCY_2018,Yes,Yes,Y_2018,36.6,931.5,SCSC,PC,Prairie Coteau,West,686,44.74674,-96.9263,Northern Tallgrass Prairie
HPC1039,Yes,PCTRS4Y_2018,Low MAP,Yes,PCSCSCY_2018,Yes,Yes,Y_2018,36.6,931.5,SCSC,PC,Prairie Coteau,West,686,44.74683,-96.9263,Northern Tallgrass Prairie
HPC1063,Yes,PCY_2018,Low MAP,Yes,PCCornY_2018,Yes,Yes,Y_2018,36.6,931.5,Corn,PC,Prairie Coteau,West,686,44.74682,-96.9263,Northern Tallgrass Prairie
HPC1064,Yes,PCY_2018,Low MAP,Yes,PCCornY_2018,Yes,Yes,Y_2018,36.6,931.5,Corn,PC,Prairie Coteau,West,686,44.74684,-96.92633,Northern Tallgrass Prairie
HPC1069,Yes,PCY_2018,Low MAP,Yes,PCCornY_2018,Yes,Yes,Y_2018,36.6,931.5,Corn,PC,Prairie Coteau,West,686,44.746,-96.9263,Northern Tallgrass Prairie
HPC1070,Yes,PCY_2018,Low MAP,Yes,PCCornY_2018,Yes,Yes,Y_2018,36.6,931.5,Corn,PC,Prairie Coteau,West,686,44.746,-96.9263,Northern Tallgrass Prairie
HPC1075,Yes,PCY_2018,Low MAP,Yes,PCCornY_2018,Yes,Yes,Y_2018,36.6,931.5,Corn,PC,Prairie Coteau,West,686,44.746,-96.9263,Northern Tallgrass Prairie
HPC1079,Yes,PCY_2018,Low MAP,Yes,PCCornY_2018,Yes,Yes,Y_2018,36.6,931.5,Corn,PC,Prairie Coteau,West,686,44.746,-96.9263,Northern Tallgrass Prairie
HPC1080,Yes,PCY_2018,Low MAP,Yes,PCCornY_2018,Yes,Yes,Y_2018,36.6,931.5,Corn,PC,Prairie Coteau,West,686,44.746,-96.9263,Northern Tallgrass Prairie
HPC1105,Yes,KWDTRS1Y_2018,High MAP,Yes,KWDSCSCY_2018,Yes,Yes,Y_2018,40.95,1074.1,SCSC,KWD,Kellogg Weaver Dunes,East,892,44.1548645,-91.55963,Prairie-Forest Border
HPC1108,Yes,KWDTRS2Y_2018,High MAP,Yes,KWDSCSCY_2018,Yes,Yes,Y_2018,40.95,1074.1,SCSC,KWD,Kellogg Weaver Dunes,East,892,44.1548665,-91.55963,Prairie-Forest Border
HPC1108KNZ,Yes,KWDTRS2Y_2018,High MAP,Yes,KWDSCSCY_2018,Yes,Yes,Y_2018,40.3,1074.1,SCSC,KWD,Kellogg Weaver Dunes,East,892,44.15486,-91.55963,Prairie-Forest Border
HPC1109,Yes,KWDTRS2Y_2018,High MAP,Yes,KWDSCSCY_2018,Yes,Yes,Y_2018,40.95,1074.1,SCSC,KWD,Kellogg Weaver Dunes,East,892,44.154865,-91.55963,Prairie-Forest Border
HPC1110,Yes,KWDTRS2Y_2018,High MAP,Yes,KWDSCSCY_2018,Yes,Yes,Y_2018,40.95,1074.1,SCSC,KWD,Kellogg Weaver Dunes,East,892,44.1548673,-91.55963,Prairie-Forest Border
HPC1111,Yes,KWDTRS3Y_2018,High MAP,Yes,KWDSCSCY_2018,Yes,Yes,Y_2018,40.95,1074.1,SCSC,KWD,Kellogg Weaver Dunes,East,892,44.1548679,-91.55963,Prairie-Forest Border
HPC1112,Yes,KWDTRS3Y_2018,High MAP,Yes,KWDSCSCY_2018,Yes,Yes,Y_2018,40.95,1074.1,SCSC,KWD,Kellogg Weaver Dunes,East,892,44.1548656,-91.55963,Prairie-Forest Border
HPC1113,Yes,KWDTRS3Y_2018,High MAP,Yes,KWDSCSCY_2018,Yes,Yes,Y_2018,40.95,1074.1,SCSC,KWD,Kellogg Weaver Dunes,East,892,44.15486,-91.55963,Prairie-Forest Border
HPC1114,Yes,KWDTRS3Y_2018,High MAP,Yes,KWDSCSCY_2018,Yes,Yes,Y_2018,40.95,1074.1,SCSC,KWD,Kellogg Weaver Dunes,East,892,44.1548632,-91.55963,Prairie-Forest Border
HPC1115,Yes,KWDTRS3Y_2018,High MAP,Yes,KWDSCSCY_2018,Yes,Yes,Y_2018,40.95,1074.1,SCSC,KWD,Kellogg Weaver Dunes,East,892,44.1548642,-91.55963,Prairie-Forest Border
HPC1116,Yes,KWDTRS4Y_2018,High MAP,Yes,KWDSCSCY_2018,Yes,Yes,Y_2018,40.95,1074.1,SCSC,KWD,Kellogg Weaver Dunes,East,892,44.1548645,-91.55963,Prairie-Forest Border
HPC1117,Yes,KWDTRS4Y_2018,High MAP,Yes,KWDSCSCY_2018,Yes,Yes,Y_2018,40.95,1074.1,SCSC,KWD,Kellogg Weaver Dunes,East,892,44.1548653,-91.55963,Prairie-Forest Border
HPC1118,Yes,KWDTRS4Y_2018,High MAP,Yes,KWDSCSCY_2018,Yes,Yes,Y_2018,40.95,1074.1,SCSC,KWD,Kellogg Weaver Dunes,East,892,44.1548642,-91.55963,Prairie-Forest Border
HPC1119,Yes,KWDTRS4Y_2018,High MAP,Yes,KWDSCSCY_2018,Yes,Yes,Y_2018,40.95,1074.1,SCSC,KWD,Kellogg Weaver Dunes,East,892,44.1548624,-91.55963,Prairie-Forest Border
HPC1120,Yes,KWDTRS4Y_2018,High MAP,Yes,KWDSCSCY_2018,Yes,Yes,Y_2018,40.95,1074.1,SCSC,KWD,Kellogg Weaver Dunes,East,892,44.15486,-91.5596359,Prairie-Forest Border
HPC1142,Yes,KWDY_2018,High MAP,Yes,KWDCornY_2018,Yes,Yes,Y_2018,40.95,1074.1,Corn,KWD,Kellogg Weaver Dunes,East,892,44.15486,-91.5596349,Prairie-Forest Border
HPC1144,Yes,KWDY_2018,High MAP,Yes,KWDCornY_2018,Yes,Yes,Y_2018,40.95,1074.1,Corn,KWD,Kellogg Weaver Dunes,East,892,44.15486,-91.55963,Prairie-Forest Border
HPC1145,Yes,KWDY_2018,High MAP,Yes,KWDCornY_2018,Yes,Yes,Y_2018,40.95,1074.1,Corn,KWD,Kellogg Weaver Dunes,East,892,44.15486,-91.55963,Prairie-Forest Border
HPC1147,Yes,KWDY_2018,High MAP,Yes,KWDCornY_2018,Yes,Yes,Y_2018,40.95,1074.1,Corn,KWD,Kellogg Weaver Dunes,East,892,44.15486,-91.55963,Prairie-Forest Border
HPC1148,Yes,KWDY_2018,High MAP,Yes,KWDCornY_2018,Yes,Yes,Y_2018,40.95,1074.1,Corn,KWD,Kellogg Weaver Dunes,East,892,44.15486,-91.55963,Prairie-Forest Border
HPC1149,Yes,KWDY_2018,High MAP,Yes,KWDCornY_2018,Yes,Yes,Y_2018,40.95,1074.1,Corn,KWD,Kellogg Weaver Dunes,East,892,44.15486,-91.55963,Prairie-Forest Border
HPC1153,Yes,KWDY_2018,High MAP,Yes,KWDCornY_2018,Yes,Yes,Y_2018,40.95,1074.1,Corn,KWD,Kellogg Weaver Dunes,East,892,44.15486,-91.55963,Prairie-Forest Border
HPC1154,Yes,KWDY_2018,High MAP,Yes,KWDCornY_2018,Yes,Yes,Y_2018,40.95,1074.1,Corn,KWD,Kellogg Weaver Dunes,East,892,44.15486,-91.55963,Prairie-Forest Border
HPC1155,Yes,KWDY_2018,High MAP,Yes,KWDCornY_2018,Yes,Yes,Y_2018,40.95,1074.1,Corn,KWD,Kellogg Weaver Dunes,East,892,44.15486,-91.55963,Prairie-Forest Border
HPC1158,Yes,KWDY_2018,High MAP,Yes,KWDCornY_2018,Yes,Yes,Y_2018,40.95,1074.1,Corn,KWD,Kellogg Weaver Dunes,East,892,44.15486,-91.55963,Prairie-Forest Border
HPC1159,Yes,KWDY_2018,High MAP,Yes,KWDCornY_2018,Yes,Yes,Y_2018,40.95,1074.1,Corn,KWD,Kellogg Weaver Dunes,East,892,44.15486,-91.55963,Prairie-Forest Border
HPC1160,Yes,KWDY_2018,High MAP,Yes,KWDCornY_2018,Yes,Yes,Y_2018,40.95,1074.1,Corn,KWD,Kellogg Weaver Dunes,East,892,44.15486,-91.55963,Prairie-Forest Border
HPC1181,Yes,HSCY_2018,High MAP,Yes,HSCSCSCY_2018,Yes,Yes,Y_2018,33.52,851.9,SCSC,HSC,Hasting Sand Coulee ,East,850,44.424283e,-92.49619,Prairie-Forest Border
HPC1183,Yes,HSCTRS1Y_2018,High MAP,Yes,HSCSCSCY_2018,Yes,Yes,Y_2018,33.52,851.9,SCSC,HSC,Hasting Sand Coulee ,East,850,44.4242847,-92.496194,Prairie-Forest Border
HPC1185,Yes,HSCTRS1Y_2018,High MAP,Yes,HSCSCSCY_2018,Yes,Yes,Y_2018,33.52,851.9,SCSC,HSC,Hasting Sand Coulee ,East,850,44.4242859,-92.49619,Prairie-Forest Border
HPC1186,Yes,HSCTRS2Y_2018,High MAP,Yes,HSCSCSCY_2018,Yes,Yes,Y_2018,33.52,851.9,SCSC,HSC,Hasting Sand Coulee ,East,850,44.4242809,-92.496195,Prairie-Forest Border
HPC1187,Yes,HSCTRS2Y_2018,High MAP,Yes,HSCSCSCY_2018,Yes,Yes,Y_2018,33.52,851.9,SCSC,HSC,Hasting Sand Coulee ,East,850,44.4242838,-92.49619,Prairie-Forest Border
HPC1188,Yes,HSCTRS2Y_2018,High MAP,Yes,HSCSCSCY_2018,Yes,Yes,Y_2018,33.52,851.9,SCSC,HSC,Hasting Sand Coulee ,East,850,44.4242843,-92.496196,Prairie-Forest Border
HPC1189,Yes,HSCTRS2Y_2018,High MAP,Yes,HSCSCSCY_2018,Yes,Yes,Y_2018,33.52,851.9,SCSC,HSC,Hasting Sand Coulee ,East,850,44.4242825,-92.4961936,Prairie-Forest Border
HPC1190,Yes,HSCTRS2Y_2018,High MAP,Yes,HSCSCSCY_2018,Yes,Yes,Y_2018,33.52,851.9,SCSC,HSC,Hasting Sand Coulee ,East,850,44.4242836,-92.49619,Prairie-Forest Border
HPC1191,Yes,HSCTRS3Y_2018,High MAP,Yes,HSCSCSCY_2018,Yes,Yes,Y_2018,33.52,851.9,SCSC,HSC,Hasting Sand Coulee ,East,850,44.4242847,-92.49619,Prairie-Forest Border
HPC1192,Yes,HSCTRS3Y_2018,High MAP,Yes,HSCSCSCY_2018,Yes,Yes,Y_2018,33.52,851.9,SCSC,HSC,Hasting Sand Coulee ,East,850,44.424287,-92.49619,Prairie-Forest Border
HPC1193,Yes,HSCTRS3Y_2018,High MAP,Yes,HSCSCSCY_2018,Yes,Yes,Y_2018,33.52,851.9,SCSC,HSC,Hasting Sand Coulee ,East,850,44.4242845,-92.49619,Prairie-Forest Border
HPC1194,Yes,HSCTRS3Y_2018,High MAP,Yes,HSCSCSCY_2018,Yes,Yes,Y_2018,33.52,851.9,SCSC,HSC,Hasting Sand Coulee ,East,850,44.4242838,-92.49619,Prairie-Forest Border
HPC1196,Yes,HSCTRS4Y_2018,High MAP,Yes,HSCSCSCY_2018,Yes,Yes,Y_2018,33.52,851.9,SCSC,HSC,Hasting Sand Coulee ,East,850,44.4242829,-92.4961958,Prairie-Forest Border
HPC1197,Yes,HSCTRS4Y_2018,High MAP,Yes,HSCSCSCY_2018,Yes,Yes,Y_2018,33.52,851.9,SCSC,HSC,Hasting Sand Coulee ,East,850,44.4242838,-92.4961922,Prairie-Forest Border
HPC1198,Yes,HSCTRS4Y_2018,High MAP,Yes,HSCSCSCY_2018,Yes,Yes,Y_2018,33.52,851.9,SCSC,HSC,Hasting Sand Coulee ,East,850,44.4242843,-92.4961925,Prairie-Forest Border
HPC1199,Yes,HSCTRS4Y_2018,High MAP,Yes,HSCSCSCY_2018,Yes,Yes,Y_2018,33.52,851.9,SCSC,HSC,Hasting Sand Coulee ,East,850,44.4242825,-92.4961948,Prairie-Forest Border
HPC1200,Yes,HSCTRS4Y_2018,High MAP,Yes,HSCSCSCY_2018,Yes,Yes,Y_2018,33.52,851.9,SCSC,HSC,Hasting Sand Coulee ,East,850,44.42428,-92.4961947,Prairie-Forest Border
HPC1232,Yes,HSCY_2018,High MAP,Yes,HSCCornY_2018,Yes,Yes,Y_2018,33.52,851.9,Corn,HSC,Hasting Sand Coulee ,East,850,44.42428,-92.49619,Prairie-Forest Border
HPC1261,Yes,SPTRS1Y_2018,Low MAP,Yes,SPSCSCY_2018,Yes,Yes,Y_2018,31.85,767.4,SCSC,SP,Sioux Prairie,West,564,44.0322149,-96.78054,Northern Tallgrass Prairie
HPC1262,Yes,SPTRS1Y_2018,Low MAP,Yes,SPSCSCY_2018,Yes,Yes,Y_2018,31.85,767.4,SCSC,SP,Sioux Prairie,West,564,44.03221454,-96.78054,Northern Tallgrass Prairie
HPC1263,Yes,SPTRS1Y_2018,Low MAP,Yes,SPSCSCY_2018,Yes,Yes,Y_2018,31.85,767.4,SCSC,SP,Sioux Prairie,West,564,44.03221439,-96.78054,Northern Tallgrass Prairie
HPC1264,Yes,SPTRS1Y_2018,Low MAP,Yes,SPSCSCY_2018,Yes,Yes,Y_2018,31.85,767.4,SCSC,SP,Sioux Prairie,West,564,44.03221489,-96.78054,Northern Tallgrass Prairie
HPC1265,Yes,SPTRS1Y_2018,Low MAP,Yes,SPSCSCY_2018,Yes,Yes,Y_2018,31.85,767.4,SCSC,SP,Sioux Prairie,West,564,44.032214,-96.78054,Northern Tallgrass Prairie
HPC1269,Yes,SPTRS2Y_2018,Low MAP,Yes,SPSCSCY_2018,Yes,Yes,Y_2018,31.85,767.4,SCSC,SP,Sioux Prairie,West,564,44.0322139,-96.78054,Northern Tallgrass Prairie
HPC1270,Yes,SPTRS2Y_2018,Low MAP,Yes,SPSCSCY_2018,Yes,Yes,Y_2018,31.85,767.4,SCSC,SP,Sioux Prairie,West,564,44.0322148,-96.78054,Northern Tallgrass Prairie
HPC1271,Yes,SPTRS3Y_2018,Low MAP,Yes,SPSCSCY_2018,Yes,Yes,Y_2018,31.85,767.4,SCSC,SP,Sioux Prairie,West,564,44.032214,-96.7805445,Northern Tallgrass Prairie
HPC1272,Yes,SPTRS3Y_2018,Low MAP,Yes,SPSCSCY_2018,Yes,Yes,Y_2018,31.85,767.4,SCSC,SP,Sioux Prairie,West,564,44.03221422,-96.78054,Northern Tallgrass Prairie
HPC1273,Yes,SPTRS3Y_2018,Low MAP,Yes,SPSCSCY_2018,Yes,Yes,Y_2018,31.85,767.4,SCSC,SP,Sioux Prairie,West,564,44.032214,-96.7805454,Northern Tallgrass Prairie
HPC1274,Yes,SPTRS3Y_2018,Low MAP,Yes,SPSCSCY_2018,Yes,Yes,Y_2018,31.85,767.4,SCSC,SP,Sioux Prairie,West,564,44.032214,-96.780546,Northern Tallgrass Prairie
HPC1275,Yes,SPTRS3Y_2018,Low MAP,Yes,SPSCSCY_2018,Yes,Yes,Y_2018,31.85,767.4,SCSC,SP,Sioux Prairie,West,564,44.032214,-96.7805448,Northern Tallgrass Prairie
HPC1276,Yes,SPTRS4Y_2018,Low MAP,Yes,SPSCSCY_2018,Yes,Yes,Y_2018,31.85,767.4,SCSC,SP,Sioux Prairie,West,564,44.032214,-96.7805463,Northern Tallgrass Prairie
HPC1277,Yes,SPTRS4Y_2018,Low MAP,Yes,SPSCSCY_2018,Yes,Yes,Y_2018,31.85,767.4,SCSC,SP,Sioux Prairie,West,564,44.032214,-96.7805454,Northern Tallgrass Prairie
HPC1278,Yes,SPTRS4Y_2018,Low MAP,Yes,SPSCSCY_2018,Yes,Yes,Y_2018,31.85,767.4,SCSC,SP,Sioux Prairie,West,564,44.032214,-96.7805458,Northern Tallgrass Prairie
HPC1279,Yes,SPTRS4Y_2018,Low MAP,Yes,SPSCSCY_2018,Yes,Yes,Y_2018,31.85,767.4,SCSC,SP,Sioux Prairie,West,564,44.032214,-96.7805459,Northern Tallgrass Prairie
HPC1280,Yes,SPTRS4Y_2018,Low MAP,Yes,SPSCSCY_2018,Yes,Yes,Y_2018,31.85,767.4,SCSC,SP,Sioux Prairie,West,564,44.032214,-96.7805469,Northern Tallgrass Prairie
HPC1301,Yes,SPY_2018,Low MAP,Yes,SPCornY_2018,Yes,Yes,Y_2018,31.85,767.4,Corn,SP,Sioux Prairie,West,564,44.032214,-96.7805454,Northern Tallgrass Prairie
HPC1316,Yes,SPY_2018,Low MAP,Yes,SPCornY_2018,Yes,Yes,Y_2018,31.85,767.4,Corn,SP,Sioux Prairie,West,564,44.032214,-96.7805458,Northern Tallgrass Prairie
HPC1317,Yes,SPY_2018,Low MAP,Yes,SPCornY_2018,Yes,Yes,Y_2018,31.85,767.4,Corn,SP,Sioux Prairie,West,564,44.032214,-96.7805438,Northern Tallgrass Prairie
HPC1341,Yes,CWRTRS1Y_2018,Low MAP,Yes,CWRSCSCY_2018,Yes,Yes,Y_2018,45.1,1008.3,SCSC,CWR,Cottonwood River SNA,Central,699,44.1214157,-95.06171,Northern Tallgrass Prairie
HPC1342,Yes,CWRTRS1Y_2018,Low MAP,Yes,CWRSCSCY_2018,Yes,Yes,Y_2018,45.1,1008.3,SCSC,CWR,Cottonwood River SNA,Central,699,44.1214159,-95.06171,Northern Tallgrass Prairie
HPC1342KNZ,Yes,CWRTRS1Y_2018,Low MAP,Yes,CWRSCSCY_2018,Yes,Yes,Y_2018,40.3,1008.3,SCSC,CWR,Cottonwood River SNA,Central,699,44.12141,-95.06171,Northern Tallgrass Prairie
HPC1343,Yes,CWRTRS1Y_2018,Low MAP,Yes,CWRSCSCY_2018,Yes,Yes,Y_2018,45.1,1008.3,SCSC,CWR,Cottonwood River SNA,Central,699,44.121409,-95.06171,Northern Tallgrass Prairie
HPC1344,Yes,CWRTRS1Y_2018,Low MAP,Yes,CWRSCSCY_2018,Yes,Yes,Y_2018,45.1,1008.3,SCSC,CWR,Cottonwood River SNA,Central,699,44.121418,-95.06171,Northern Tallgrass Prairie
HPC1345,Yes,CWRTRS1Y_2018,Low MAP,Yes,CWRSCSCY_2018,Yes,Yes,Y_2018,45.1,1008.3,SCSC,CWR,Cottonwood River SNA,Central,699,44.1214165,-95.06171,Northern Tallgrass Prairie
HPC1349,Yes,CWRTRS2Y_2018,Low MAP,Yes,CWRSCSCY_2018,Yes,Yes,Y_2018,45.1,1008.3,SCSC,CWR,Cottonwood River SNA,Central,699,44.1214158,-95.06171,Northern Tallgrass Prairie
HPC1351,Yes,CWRTRS3Y_2018,Low MAP,Yes,CWRSCSCY_2018,Yes,Yes,Y_2018,45.1,1008.3,SCSC,CWR,Cottonwood River SNA,Central,699,44.1214139,-95.06171,Northern Tallgrass Prairie
HPC1353,Yes,CWRTRS3Y_2018,Low MAP,Yes,CWRSCSCY_2018,Yes,Yes,Y_2018,45.1,1008.3,SCSC,CWR,Cottonwood River SNA,Central,699,44.12141,-95.06171,Northern Tallgrass Prairie
HPC1354,Yes,CWRTRS3Y_2018,Low MAP,Yes,CWRSCSCY_2018,Yes,Yes,Y_2018,45.1,1008.3,SCSC,CWR,Cottonwood River SNA,Central,699,44.121418,-95.061709,Northern Tallgrass Prairie
HPC1355,Yes,CWRTRS3Y_2018,Low MAP,Yes,CWRSCSCY_2018,Yes,Yes,Y_2018,45.1,1008.3,SCSC,CWR,Cottonwood River SNA,Central,699,44.1214165,-95.0617143,Northern Tallgrass Prairie
HPC1356,Yes,CWRTRS4Y_2018,Low MAP,Yes,CWRSCSCY_2018,Yes,Yes,Y_2018,45.1,1008.3,SCSC,CWR,Cottonwood River SNA,Central,699,44.1214158,-95.0617125,Northern Tallgrass Prairie
HPC1357,Yes,CWRTRS4Y_2018,Low MAP,Yes,CWRSCSCY_2018,Yes,Yes,Y_2018,45.1,1008.3,SCSC,CWR,Cottonwood River SNA,Central,699,44.1214197,-95.0617149,Northern Tallgrass Prairie
HPC1358,Yes,CWRTRS4Y_2018,Low MAP,Yes,CWRSCSCY_2018,Yes,Yes,Y_2018,45.1,1008.3,SCSC,CWR,Cottonwood River SNA,Central,699,44.1214173,-95.0617128,Northern Tallgrass Prairie
HPC1360,Yes,CWRTRS4Y_2018,Low MAP,Yes,CWRSCSCY_2018,Yes,Yes,Y_2018,45.1,1008.3,SCSC,CWR,Cottonwood River SNA,Central,699,44.1214143,-95.0617132,Northern Tallgrass Prairie
HPC1394,Yes,CWRY_2018,Low MAP,Yes,CWRCornY_2018,Yes,Yes,Y_2018,45.1,1008.3,Corn,CWR,Cottonwood River SNA,Central,699,44.1214121,-95.0617142,Northern Tallgrass Prairie
HPC1395,Yes,CWRY_2018,Low MAP,Yes,CWRCornY_2018,Yes,Yes,Y_2018,45.1,1008.3,Corn,CWR,Cottonwood River SNA,Central,699,44.1214122,-95.0617142,Northern Tallgrass Prairie
HPC1401,Yes,HTMTRS1Y_2019,Low MAP,No,HTMSCSCY_2019,No,No,Y_2019,,1052.2,SCSC,HTM,Hole-in-the Mountain Prairie,West,629,44.14408,-96.17912,Northern Tallgrass Prairie
HPC1403,Yes,HTMTRS1Y_2019,Low MAP,No,HTMSCSCY_2019,No,No,Y_2019,,1052.2,SCSC,HTM,Hole-in-the Mountain Prairie,West,629,44.14408,-96.17912,Northern Tallgrass Prairie
HPC1406,Yes,HTMTRS2Y_2019,Low MAP,No,HTMSCSCY_2019,No,No,Y_2019,,1052.2,SCSC,HTM,Hole-in-the Mountain Prairie,West,629,44.144083,-96.179124,Northern Tallgrass Prairie
HPC1408,Yes,HTMTRS2Y_2019,Low MAP,No,HTMSCSCY_2019,No,No,Y_2019,,1052.2,SCSC,HTM,Hole-in-the Mountain Prairie,West,629,44.1440832,-96.1791221,Northern Tallgrass Prairie
HPC1409,Yes,HTMTRS2Y_2019,Low MAP,No,HTMSCSCY_2019,No,No,Y_2019,,1052.2,SCSC,HTM,Hole-in-the Mountain Prairie,West,629,44.1440822,-96.1791224,Northern Tallgrass Prairie
HPC1410,Yes,HTMTRS2Y_2019,Low MAP,No,HTMSCSCY_2019,No,No,Y_2019,,1052.2,SCSC,HTM,Hole-in-the Mountain Prairie,West,629,44.1440825,-96.179123,Northern Tallgrass Prairie
HPC1412,Yes,HTMTRS3Y_2019,Low MAP,No,HTMSCSCY_2019,No,No,Y_2019,,1052.2,SCSC,HTM,Hole-in-the Mountain Prairie,West,629,44.144028,-96.179126,Northern Tallgrass Prairie
HPC1413,Yes,HTMTRS3Y_2019,Low MAP,No,HTMSCSCY_2019,No,No,Y_2019,,1052.2,SCSC,HTM,Hole-in-the Mountain Prairie,West,629,44.144084,-96.179124,Northern Tallgrass Prairie
HPC1414,Yes,HTMTRS3Y_2019,Low MAP,No,HTMSCSCY_2019,No,No,Y_2019,,1052.2,SCSC,HTM,Hole-in-the Mountain Prairie,West,629,44.144084,-96.179124,Northern Tallgrass Prairie
HPC1415,Yes,HTMTRS3Y_2019,Low MAP,No,HTMSCSCY_2019,No,No,Y_2019,,1052.2,SCSC,HTM,Hole-in-the Mountain Prairie,West,629,44.144082,-96.17912,Northern Tallgrass Prairie
HPC1416,Yes,HTMTRS4Y_2019,Low MAP,No,HTMSCSCY_2019,No,No,Y_2019,,1052.2,SCSC,HTM,Hole-in-the Mountain Prairie,West,629,44.144082,-96.1791234,Northern Tallgrass Prairie
HPC1417,Yes,HTMTRS4Y_2019,Low MAP,No,HTMSCSCY_2019,No,No,Y_2019,,1052.2,SCSC,HTM,Hole-in-the Mountain Prairie,West,629,44.14408,-96.17912,Northern Tallgrass Prairie
HPC1417KNZ,Yes,HTMTRS4Y_2019,Low MAP,No,HTMSCSCY_2019,No,No,Y_2019,,,SCSC,HTM,Hole-in-the Mountain Prairie,West,629,44.14408,-96.17912,Northern Tallgrass Prairie
HPC1418,Yes,HTMTRS4Y_2019,Low MAP,No,HTMSCSCY_2019,No,No,Y_2019,,1052.2,SCSC,HTM,Hole-in-the Mountain Prairie,West,629,44.14408,-96.17912,Northern Tallgrass Prairie
HPC1419,Yes,HTMTRS4Y_2019,Low MAP,No,HTMSCSCY_2019,No,No,Y_2019,,1052.2,SCSC,HTM,Hole-in-the Mountain Prairie,West,629,44.144086,-96.17912,Northern Tallgrass Prairie
HPC1420,Yes,HTMTRS4Y_2019,Low MAP,No,HTMSCSCY_2019,No,No,Y_2019,,1052.2,SCSC,HTM,Hole-in-the Mountain Prairie,West,629,44.144086,-96.1791256,Northern Tallgrass Prairie
HPC1421,Yes,HTMTRS5Y_2019,Low MAP,No,HTMSCSCY_2019,No,No,Y_2019,,1052.2,SCSC,HTM,Hole-in-the Mountain Prairie,West,629,44.14408,-96.1791269,Northern Tallgrass Prairie
HPC1422,Yes,HTMTRS5Y_2019,Low MAP,No,HTMSCSCY_2019,No,No,Y_2019,,1052.2,SCSC,HTM,Hole-in-the Mountain Prairie,West,629,44.14408,-96.1791227,Northern Tallgrass Prairie
HPC1423,Yes,HTMTRS5Y_2019,Low MAP,No,HTMSCSCY_2019,No,No,Y_2019,,1052.2,SCSC,HTM,Hole-in-the Mountain Prairie,West,629,44.1440836,-96.17912,Northern Tallgrass Prairie
HPC1425,Yes,HTMTRS5Y_2019,Low MAP,No,HTMSCSCY_2019,No,No,Y_2019,,1052.2,SCSC,HTM,Hole-in-the Mountain Prairie,West,629,44.1440825,-96.1791234,Northern Tallgrass Prairie
HPC1426,Yes,HTMTRS6Y_2019,Low MAP,No,HTMSCSCY_2019,No,No,Y_2019,,1052.2,SCSC,HTM,Hole-in-the Mountain Prairie,West,629,44.144082,-96.17912,Northern Tallgrass Prairie
HPC1428,Yes,HTMTRS6Y_2019,Low MAP,No,HTMSCSCY_2019,No,No,Y_2019,,1052.2,SCSC,HTM,Hole-in-the Mountain Prairie,West,629,44.14408,-96.17912,Northern Tallgrass Prairie
HPC1429,Yes,HTMTRS6Y_2019,Low MAP,No,HTMSCSCY_2019,No,No,Y_2019,,1052.2,SCSC,HTM,Hole-in-the Mountain Prairie,West,629,44.1440836,-96.17912,Northern Tallgrass Prairie
HPC1430,Yes,HTMTRS6Y_2019,Low MAP,No,HTMSCSCY_2019,No,No,Y_2019,,1052.2,SCSC,HTM,Hole-in-the Mountain Prairie,West,629,44.1440825,-96.1791256,Northern Tallgrass Prairie
HPC1433,Yes,DMRTRS1Y_2019,Low MAP,No,DMRSCSCY_2019,No,No,Y_2019,,1075,SCSC,DMR,Des Moines River Prairie,Central,704,43.47572,-95.4505,Northern Tallgrass Prairie
HPC1434,Yes,DMRTRS1Y_2019,Low MAP,No,DMRSCSCY_2019,No,No,Y_2019,,1075,SCSC,DMR,Des Moines River Prairie,Central,704,43.47572,-95.4505,Northern Tallgrass Prairie
HPC1436,Yes,DMRTRS2Y_2019,Low MAP,No,DMRSCSCY_2019,No,No,Y_2019,,1075,SCSC,DMR,Des Moines River Prairie,Central,704,43.47572,-95.4505,Northern Tallgrass Prairie
HPC1437,Yes,DMRTRS2Y_2019,Low MAP,No,DMRSCSCY_2019,No,No,Y_2019,,1075,SCSC,DMR,Des Moines River Prairie,Central,704,43.47572,-95.4505,Northern Tallgrass Prairie
HPC1438,Yes,DMRTRS2Y_2019,Low MAP,No,DMRSCSCY_2019,No,No,Y_2019,,1075,SCSC,DMR,Des Moines River Prairie,Central,704,43.47572,-95.450545,Northern Tallgrass Prairie
HPC1440,Yes,DMRTRS2Y_2019,Low MAP,No,DMRSCSCY_2019,No,No,Y_2019,,1075,SCSC,DMR,Des Moines River Prairie,Central,704,43.47572,-95.450542,Northern Tallgrass Prairie
HPC1441,Yes,DMRTRS3Y_2019,Low MAP,No,DMRSCSCY_2019,No,No,Y_2019,,1075,SCSC,DMR,Des Moines River Prairie,Central,704,43.47572,-95.450545,Northern Tallgrass Prairie
HPC1442,Yes,DMRTRS3Y_2019,Low MAP,No,DMRSCSCY_2019,No,No,Y_2019,,1075,SCSC,DMR,Des Moines River Prairie,Central,704,43.475742,-95.4505,Northern Tallgrass Prairie
HPC1443,Yes,DMRTRS3Y_2019,Low MAP,No,DMRSCSCY_2019,No,No,Y_2019,,1075,SCSC,DMR,Des Moines River Prairie,Central,704,43.47572,-95.4505,Northern Tallgrass Prairie
HPC1444,Yes,DMRTRS3Y_2019,Low MAP,No,DMRSCSCY_2019,No,No,Y_2019,,1075,SCSC,DMR,Des Moines River Prairie,Central,704,43.47572,-95.4505,Northern Tallgrass Prairie
HPC1446,Yes,DMRTRS4Y_2019,Low MAP,No,DMRSCSCY_2019,No,No,Y_2019,,1075,SCSC,DMR,Des Moines River Prairie,Central,704,43.475742,-95.4505,Northern Tallgrass Prairie
HPC1447,Yes,DMRTRS4Y_2019,Low MAP,No,DMRSCSCY_2019,No,No,Y_2019,,1075,SCSC,DMR,Des Moines River Prairie,Central,704,43.47572,-95.4505,Northern Tallgrass Prairie
HPC1448,Yes,DMRTRS4Y_2019,Low MAP,No,DMRSCSCY_2019,No,No,Y_2019,,1075,SCSC,DMR,Des Moines River Prairie,Central,704,43.47572,-95.4505,Northern Tallgrass Prairie
HPC1449,Yes,DMRTRS4Y_2019,Low MAP,No,DMRSCSCY_2019,No,No,Y_2019,,1075,SCSC,DMR,Des Moines River Prairie,Central,704,43.475742,-95.4505,Northern Tallgrass Prairie
HPC1452,Yes,DMRTRS5Y_2019,Low MAP,No,DMRSCSCY_2019,No,No,Y_2019,,1075,SCSC,DMR,Des Moines River Prairie,Central,704,43.47572,-95.4505,Northern Tallgrass Prairie
HPC1453,Yes,DMRTRS5Y_2019,Low MAP,No,DMRSCSCY_2019,No,No,Y_2019,,1075,SCSC,DMR,Des Moines River Prairie,Central,704,43.47572,-95.4505,Northern Tallgrass Prairie
HPC1454,Yes,DMRTRS5Y_2019,Low MAP,No,DMRSCSCY_2019,No,No,Y_2019,,1075,SCSC,DMR,Des Moines River Prairie,Central,704,43.47572,-95.4505,Northern Tallgrass Prairie
HPC1455,Yes,DMRTRS5Y_2019,Low MAP,No,DMRSCSCY_2019,No,No,Y_2019,,1075,SCSC,DMR,Des Moines River Prairie,Central,704,43.47572,-95.4505,Northern Tallgrass Prairie
HPC1456,Yes,DMRTRS6Y_2019,Low MAP,No,DMRSCSCY_2019,No,No,Y_2019,,1075,SCSC,DMR,Des Moines River Prairie,Central,704,43.47572,-95.4505,Northern Tallgrass Prairie
HPC1457,Yes,DMRTRS6Y_2019,Low MAP,No,DMRSCSCY_2019,No,No,Y_2019,,1075,SCSC,DMR,Des Moines River Prairie,Central,704,43.47572,-95.4505,Northern Tallgrass Prairie
HPC1458,Yes,DMRTRS6Y_2019,Low MAP,No,DMRSCSCY_2019,No,No,Y_2019,,1075,SCSC,DMR,Des Moines River Prairie,Central,704,43.47572,-95.4505,Northern Tallgrass Prairie
HPC1459,Yes,DMRTRS6Y_2019,Low MAP,No,DMRSCSCY_2019,No,No,Y_2019,,1075,SCSC,DMR,Des Moines River Prairie,Central,704,43.47572,-95.4505,Northern Tallgrass Prairie
HPC1460,Yes,DMRTRS6Y_2019,Low MAP,No,DMRSCSCY_2019,No,No,Y_2019,,1075,SCSC,DMR,Des Moines River Prairie,Central,704,43.47572,-95.4505,Northern Tallgrass Prairie
HPC1463,Yes,MPTRS1Y_2019,High MAP,No,MPSCSCY_2019,No,No,Y_2019,,1135.8,SCSC,MP,Mound Prairie SNA,East,939,43.45996,-91.25462,Prairie-Forest Border
HPC1464,Yes,MPTRS1Y_2019,High MAP,No,MPSCSCY_2019,No,No,Y_2019,,1135.8,SCSC,MP,Mound Prairie SNA,East,939,43.45996,-91.25462,Prairie-Forest Border
HPC1465,Yes,MPTRS1Y_2019,High MAP,No,MPSCSCY_2019,No,No,Y_2019,,1135.8,SCSC,MP,Mound Prairie SNA,East,939,43.45996,-91.25462,Prairie-Forest Border
HPC1466,Yes,MPTRS2Y_2019,High MAP,No,MPSCSCY_2019,No,No,Y_2019,,1135.8,SCSC,MP,Mound Prairie SNA,East,939,43.45996,-91.25462,Prairie-Forest Border
HPC1467,Yes,MPTRS2Y_2019,High MAP,No,MPSCSCY_2019,No,No,Y_2019,,1135.8,SCSC,MP,Mound Prairie SNA,East,939,43.45996,-91.25462,Prairie-Forest Border
HPC1468,Yes,MPTRS2Y_2019,High MAP,No,MPSCSCY_2019,No,No,Y_2019,,1135.8,SCSC,MP,Mound Prairie SNA,East,939,43.45996,-91.25462,Prairie-Forest Border
HPC1471,Yes,MPTRS3Y_2019,High MAP,No,MPSCSCY_2019,No,No,Y_2019,,1135.8,SCSC,MP,Mound Prairie SNA,East,939,43.45996,-91.25462,Prairie-Forest Border
HPC1472,Yes,MPTRS3Y_2019,High MAP,No,MPSCSCY_2019,No,No,Y_2019,,1135.8,SCSC,MP,Mound Prairie SNA,East,939,43.45996,-91.25462,Prairie-Forest Border
HPC1473,Yes,MPTRS3Y_2019,High MAP,No,MPSCSCY_2019,No,No,Y_2019,,1135.8,SCSC,MP,Mound Prairie SNA,East,939,43.45996,-91.25462,Prairie-Forest Border
HPC1474,Yes,MPTRS3Y_2019,High MAP,No,MPSCSCY_2019,No,No,Y_2019,,1135.8,SCSC,MP,Mound Prairie SNA,East,939,43.45996,-91.25462,Prairie-Forest Border
HPC1475,Yes,MPTRS3Y_2019,High MAP,No,MPSCSCY_2019,No,No,Y_2019,,1135.8,SCSC,MP,Mound Prairie SNA,East,939,43.45996,-91.25462,Prairie-Forest Border
HPC1476,Yes,MPTRS4Y_2019,High MAP,No,MPSCSCY_2019,No,No,Y_2019,,1135.8,SCSC,MP,Mound Prairie SNA,East,939,43.45996,-91.25462,Prairie-Forest Border
HPC1477,Yes,MPTRS4Y_2019,High MAP,No,MPSCSCY_2019,No,No,Y_2019,,1135.8,SCSC,MP,Mound Prairie SNA,East,939,43.45996,-91.25462,Prairie-Forest Border
HPC1478,Yes,MPTRS4Y_2019,High MAP,No,MPSCSCY_2019,No,No,Y_2019,,1135.8,SCSC,MP,Mound Prairie SNA,East,939,43.45996,-91.25462,Prairie-Forest Border
HPC1479,Yes,MPTRS4Y_2019,High MAP,No,MPSCSCY_2019,No,No,Y_2019,,1135.8,SCSC,MP,Mound Prairie SNA,East,939,43.45996,-91.25462,Prairie-Forest Border
HPC1480,Yes,MPTRS4Y_2019,High MAP,No,MPSCSCY_2019,No,No,Y_2019,,1135.8,SCSC,MP,Mound Prairie SNA,East,939,43.45996,-91.25462,Prairie-Forest Border
HPC1483,Yes,MPTRS5Y_2019,High MAP,No,MPSCSCY_2019,No,No,Y_2019,,1135.8,SCSC,MP,Mound Prairie SNA,East,939,43.45996,-91.25462,Prairie-Forest Border
HPC1483KNZ,Yes,MPTRS5Y_2019,High MAP,No,MPSCSCY_2019,No,No,Y_2019,,1135.8,SCSC,MP,Mound Prairie SNA,East,939,43.45996,-91.25462,Prairie-Forest Border
HPC1486,Yes,MPTRS6Y_2019,High MAP,No,MPSCSCY_2019,No,No,Y_2019,,1135.8,SCSC,MP,Mound Prairie SNA,East,939,43.45996,-91.25462,Prairie-Forest Border
HPC1487,Yes,MPTRS6Y_2019,High MAP,No,MPSCSCY_2019,No,No,Y_2019,,1135.8,SCSC,MP,Mound Prairie SNA,East,939,43.45996,-91.25462,Prairie-Forest Border
HPC1490,Yes,MPTRS6Y_2019,High MAP,No,MPSCSCY_2019,No,No,Y_2019,,1135.8,SCSC,MP,Mound Prairie SNA,East,939,43.45996,-91.25462,Prairie-Forest Border
HPC1491,Yes,PCTRS1Y_2019,Low MAP,Yes,PCSCSCY_2019,Yes,No,Y_2019,41.43,1052.2,SCSC,PC,Prairie Coteau,West,686,44.746,-96.9263,Northern Tallgrass Prairie
HPC1492,Yes,PCTRS1Y_2019,Low MAP,Yes,PCSCSCY_2019,Yes,No,Y_2019,41.43,1052.2,SCSC,PC,Prairie Coteau,West,686,44.746,-96.9263,Northern Tallgrass Prairie
HPC1493,Yes,PCTRS1Y_2019,Low MAP,Yes,PCSCSCY_2019,Yes,No,Y_2019,41.43,1052.2,SCSC,PC,Prairie Coteau,West,686,44.746,-96.9263,Northern Tallgrass Prairie
HPC1494,Yes,PCTRS1Y_2019,Low MAP,No,PCSCSCY_2019,Yes,No,Y_2019,41.43,1052.2,SCSC,PC,Prairie Coteau,West,686,44.746,-96.9263,Northern Tallgrass Prairie
HPC1495,Yes,PCTRS1Y_2019,Low MAP,Yes,PCSCSCY_2019,Yes,No,Y_2019,41.43,1052.2,SCSC,PC,Prairie Coteau,West,686,44.746,-96.9263,Northern Tallgrass Prairie
HPC1496,Yes,PCTRS2Y_2019,Low MAP,No,PCSCSCY_2019,Yes,No,Y_2019,41.43,1052.2,SCSC,PC,Prairie Coteau,West,686,44.746,-96.9263,Northern Tallgrass Prairie
HPC1497,Yes,PCTRS2Y_2019,Low MAP,Yes,PCSCSCY_2019,Yes,No,Y_2019,41.43,1052.2,SCSC,PC,Prairie Coteau,West,686,44.746,-96.9263,Northern Tallgrass Prairie
HPC1498,Yes,PCTRS2Y_2019,Low MAP,Yes,PCSCSCY_2019,Yes,No,Y_2019,41.43,1052.2,SCSC,PC,Prairie Coteau,West,686,44.746,-96.9263,Northern Tallgrass Prairie
HPC1500,Yes,PCTRS2Y_2019,Low MAP,Yes,PCSCSCY_2019,Yes,No,Y_2019,41.43,1052.2,SCSC,PC,Prairie Coteau,West,686,44.746,-96.9263,Northern Tallgrass Prairie
HPC1501,Yes,PCTRS3Y_2019,Low MAP,Yes,PCSCSCY_2019,Yes,No,Y_2019,41.43,1052.2,SCSC,PC,Prairie Coteau,West,686,44.746,-96.9263,Northern Tallgrass Prairie
HPC1502,Yes,PCTRS3Y_2019,Low MAP,Yes,PCSCSCY_2019,Yes,No,Y_2019,41.43,1052.2,SCSC,PC,Prairie Coteau,West,686,44.746,-96.9263,Northern Tallgrass Prairie
HPC1503,Yes,PCTRS3Y_2019,Low MAP,No,PCSCSCY_2019,Yes,No,Y_2019,41.43,1052.2,SCSC,PC,Prairie Coteau,West,686,44.746,-96.9263,Northern Tallgrass Prairie
HPC1504,Yes,PCTRS3Y_2019,Low MAP,Yes,PCSCSCY_2019,Yes,No,Y_2019,41.43,1052.2,SCSC,PC,Prairie Coteau,West,686,44.746,-96.9263,Northern Tallgrass Prairie
HPC1506,Yes,PCTRS4Y_2019,Low MAP,Yes,PCSCSCY_2019,Yes,No,Y_2019,41.43,1052.2,SCSC,PC,Prairie Coteau,West,686,44.746,-96.9263,Northern Tallgrass Prairie
HPC1507,Yes,PCTRS4Y_2019,Low MAP,No,PCSCSCY_2019,Yes,No,Y_2019,41.43,1052.2,SCSC,PC,Prairie Coteau,West,686,44.746,-96.9263,Northern Tallgrass Prairie
HPC1512,Yes,PCTRS5Y_2019,Low MAP,Yes,PCSCSCY_2019,Yes,No,Y_2019,41.43,1052.2,SCSC,PC,Prairie Coteau,West,686,44.746,-96.9263,Northern Tallgrass Prairie
HPC1515,Yes,PCTRS5Y_2019,Low MAP,Yes,PCSCSCY_2019,Yes,No,Y_2019,41.43,1052.2,SCSC,PC,Prairie Coteau,West,686,44.746,-96.9263,Northern Tallgrass Prairie
HPC1517,Yes,PCTRS6Y_2019,Low MAP,Yes,PCSCSCY_2019,Yes,No,Y_2019,41.43,1052.2,SCSC,PC,Prairie Coteau,West,686,44.746,-96.9263,Northern Tallgrass Prairie
HPC1518,Yes,PCTRS6Y_2019,Low MAP,No,PCSCSCY_2019,Yes,No,Y_2019,41.43,1052.2,SCSC,PC,Prairie Coteau,West,686,44.746,-96.9263,Northern Tallgrass Prairie
HPC1518KNZ,Yes,PCTRS6Y_2019,Low MAP,Yes,PCSCSCY_2019,Yes,No,Y_2019,,1052.2,SCSC,PC,Prairie Coteau,West,686,44.7464,-96.9263,Northern Tallgrass Prairie
HPC1519,Yes,PCTRS6Y_2019,Low MAP,No,PCSCSCY_2019,Yes,No,Y_2019,41.43,1052.2,SCSC,PC,Prairie Coteau,West,686,44.746,-96.9263,Northern Tallgrass Prairie
HPC1520,Yes,PCTRS6Y_2019,Low MAP,No,PCSCSCY_2019,Yes,No,Y_2019,41.43,1052.2,SCSC,PC,Prairie Coteau,West,686,44.746,-96.9263,Northern Tallgrass Prairie
HPC1521,Yes,RRTRS1Y_2019,Low MAP,No,RRSCSCY_2019,No,No,Y_2019,,1075,SCSC,RR,Red Rock Prairie,Central,726,44.5151,-95.10196,Northern Tallgrass Prairie
HPC1522,Yes,RRTRS1Y_2019,Low MAP,No,RRSCSCY_2019,No,No,Y_2019,,1075,SCSC,RR,Red Rock Prairie,Central,726,44.5151,-95.10196,Northern Tallgrass Prairie
HPC1524,Yes,RRTRS1Y_2019,Low MAP,No,RRSCSCY_2019,No,No,Y_2019,,1075,SCSC,RR,Red Rock Prairie,Central,726,44.5151,-95.10196,Northern Tallgrass Prairie
HPC1525,Yes,RRTRS1Y_2019,Low MAP,No,RRSCSCY_2019,No,No,Y_2019,,1075,SCSC,RR,Red Rock Prairie,Central,726,44.5151,-95.10196,Northern Tallgrass Prairie
HPC1526,Yes,RRTRS2Y_2019,Low MAP,No,RRSCSCY_2019,No,No,Y_2019,,1075,SCSC,RR,Red Rock Prairie,Central,726,44.5151,-95.10196,Northern Tallgrass Prairie
HPC1527,Yes,RRTRS2Y_2019,Low MAP,No,RRSCSCY_2019,No,No,Y_2019,,1075,SCSC,RR,Red Rock Prairie,Central,726,44.5151,-95.10196,Northern Tallgrass Prairie
HPC1528,Yes,RRTRS2Y_2019,Low MAP,No,RRSCSCY_2019,No,No,Y_2019,,1075,SCSC,RR,Red Rock Prairie,Central,726,44.5151,-95.10196,Northern Tallgrass Prairie
HPC1529,Yes,RRTRS2Y_2019,Low MAP,No,RRSCSCY_2019,No,No,Y_2019,,1075,SCSC,RR,Red Rock Prairie,Central,726,44.5151,-95.10196,Northern Tallgrass Prairie
HPC1531,Yes,RRTRS3Y_2019,Low MAP,No,RRSCSCY_2019,No,No,Y_2019,,1075,SCSC,RR,Red Rock Prairie,Central,726,44.5151,-95.10196,Northern Tallgrass Prairie
HPC1532,Yes,RRTRS3Y_2019,Low MAP,No,RRSCSCY_2019,No,No,Y_2019,,1075,SCSC,RR,Red Rock Prairie,Central,726,44.5151,-95.10196,Northern Tallgrass Prairie
HPC1533,Yes,RRTRS3Y_2019,Low MAP,No,RRSCSCY_2019,No,No,Y_2019,,1075,SCSC,RR,Red Rock Prairie,Central,726,44.5151,-95.10196,Northern Tallgrass Prairie
HPC1534,Yes,RRTRS3Y_2019,Low MAP,No,RRSCSCY_2019,No,No,Y_2019,,1075,SCSC,RR,Red Rock Prairie,Central,726,44.5151,-95.10196,Northern Tallgrass Prairie
HPC1536,Yes,RRTRS4Y_2019,Low MAP,No,RRSCSCY_2019,No,No,Y_2019,,1075,SCSC,RR,Red Rock Prairie,Central,726,44.5151,-95.10196,Northern Tallgrass Prairie
HPC1539,Yes,RRTRS4Y_2019,Low MAP,No,RRSCSCY_2019,No,No,Y_2019,,1075,SCSC,RR,Red Rock Prairie,Central,726,44.5151,-95.10196,Northern Tallgrass Prairie
HPC1540,Yes,RRTRS4Y_2019,Low MAP,No,RRSCSCY_2019,No,No,Y_2019,,1075,SCSC,RR,Red Rock Prairie,Central,726,44.5151,-95.10196,Northern Tallgrass Prairie
HPC1541,Yes,RRTRS5Y_2019,Low MAP,No,RRSCSCY_2019,No,No,Y_2019,,1075,SCSC,RR,Red Rock Prairie,Central,726,44.5151,-95.10196,Northern Tallgrass Prairie
HPC1542,Yes,RRTRS5Y_2019,Low MAP,No,RRSCSCY_2019,No,No,Y_2019,,1075,SCSC,RR,Red Rock Prairie,Central,726,44.5151,-95.10196,Northern Tallgrass Prairie
HPC1544,Yes,RRTRS5Y_2019,Low MAP,No,RRSCSCY_2019,No,No,Y_2019,,1075,SCSC,RR,Red Rock Prairie,Central,726,44.5151,-95.10196,Northern Tallgrass Prairie
HPC1546,Yes,RRTRS6Y_2019,Low MAP,No,RRSCSCY_2019,No,No,Y_2019,,1075,SCSC,RR,Red Rock Prairie,Central,726,44.5151,-95.10196,Northern Tallgrass Prairie
HPC1547,Yes,RRTRS6Y_2019,Low MAP,No,RRSCSCY_2019,No,No,Y_2019,,1075,SCSC,RR,Red Rock Prairie,Central,726,44.5151,-95.10196,Northern Tallgrass Prairie
HPC1549,Yes,RRTRS6Y_2019,Low MAP,No,RRSCSCY_2019,No,No,Y_2019,,1075,SCSC,RR,Red Rock Prairie,Central,726,44.5151,-95.10196,Northern Tallgrass Prairie
HPC1550,Yes,RRTRS6Y_2019,Low MAP,No,RRSCSCY_2019,No,No,Y_2019,,1075,SCSC,RR,Red Rock Prairie,Central,726,44.5151,-95.10196,Northern Tallgrass Prairie
HPC1552,Yes,KWDTRS1Y_2019,High MAP,Yes,KWDSCSCY_2019,Yes,No,Y_2019,46.8,1213.8,SCSC,KWD,Kellogg Weaver Dunes,East,892,44.15486,-91.55963,Prairie-Forest Border
HPC1553,Yes,KWDTRS1Y_2019,High MAP,Yes,KWDSCSCY_2019,Yes,No,Y_2019,46.8,1213.8,SCSC,KWD,Kellogg Weaver Dunes,East,892,44.15486,-91.55963,Prairie-Forest Border
HPC1555,Yes,KWDTRS1Y_2019,High MAP,No,KWDSCSCY_2019,Yes,No,Y_2019,46.8,1213.8,SCSC,KWD,Kellogg Weaver Dunes,East,892,44.15486,-91.55963,Prairie-Forest Border
HPC1556,Yes,KWDTRS2Y_2019,High MAP,Yes,KWDSCSCY_2019,Yes,No,Y_2019,46.8,1213.8,SCSC,KWD,Kellogg Weaver Dunes,East,892,44.15486,-91.55963,Prairie-Forest Border
HPC1560,Yes,KWDTRS2Y_2019,High MAP,Yes,KWDSCSCY_2019,Yes,No,Y_2019,46.8,1213.8,SCSC,KWD,Kellogg Weaver Dunes,East,892,44.15486,-91.55963,Prairie-Forest Border
HPC1561,Yes,KWDTRS3Y_2019,High MAP,Yes,KWDSCSCY_2019,Yes,No,Y_2019,46.8,1213.8,SCSC,KWD,Kellogg Weaver Dunes,East,892,44.15486,-91.55963,Prairie-Forest Border
HPC1563,Yes,KWDTRS3Y_2019,High MAP,No,KWDSCSCY_2019,Yes,No,Y_2019,46.8,1213.8,SCSC,KWD,Kellogg Weaver Dunes,East,892,44.15486,-91.55963,Prairie-Forest Border
HPC1564,Yes,KWDTRS3Y_2019,High MAP,Yes,KWDSCSCY_2019,Yes,No,Y_2019,46.8,1213.8,SCSC,KWD,Kellogg Weaver Dunes,East,892,44.15486,-91.55963,Prairie-Forest Border
HPC1565,Yes,KWDTRS3Y_2019,High MAP,No,KWDSCSCY_2019,Yes,No,Y_2019,46.8,1213.8,SCSC,KWD,Kellogg Weaver Dunes,East,892,44.15486,-91.55963,Prairie-Forest Border
HPC1567,Yes,KWDTRS4Y_2019,High MAP,Yes,KWDSCSCY_2019,Yes,No,Y_2019,46.8,1213.8,SCSC,KWD,Kellogg Weaver Dunes,East,892,44.15486,-91.55963,Prairie-Forest Border
HPC1568,Yes,KWDTRS4Y_2019,High MAP,No,KWDSCSCY_2019,Yes,No,Y_2019,46.8,1213.8,SCSC,KWD,Kellogg Weaver Dunes,East,892,44.15486,-91.55963,Prairie-Forest Border
HPC1569,Yes,KWDTRS4Y_2019,High MAP,Yes,KWDSCSCY_2019,Yes,No,Y_2019,46.8,1213.8,SCSC,KWD,Kellogg Weaver Dunes,East,892,44.15486,-91.55963,Prairie-Forest Border
HPC1570,Yes,KWDTRS4Y_2019,High MAP,Yes,KWDSCSCY_2019,Yes,No,Y_2019,46.8,1213.8,SCSC,KWD,Kellogg Weaver Dunes,East,892,44.15486,-91.55963,Prairie-Forest Border
HPC1571,Yes,KWDTRS5Y_2019,High MAP,Yes,KWDSCSCY_2019,Yes,No,Y_2019,46.8,1213.8,SCSC,KWD,Kellogg Weaver Dunes,East,892,44.15486,-91.55963,Prairie-Forest Border
HPC1572,Yes,KWDTRS5Y_2019,High MAP,Yes,KWDSCSCY_2019,Yes,No,Y_2019,46.8,1213.8,SCSC,KWD,Kellogg Weaver Dunes,East,892,44.15486,-91.55963,Prairie-Forest Border
HPC1573,Yes,KWDTRS5Y_2019,High MAP,Yes,KWDSCSCY_2019,Yes,No,Y_2019,46.8,1213.8,SCSC,KWD,Kellogg Weaver Dunes,East,892,44.15486,-91.55963,Prairie-Forest Border
HPC1574,Yes,KWDTRS5Y_2019,High MAP,Yes,KWDSCSCY_2019,Yes,No,Y_2019,46.8,1213.8,SCSC,KWD,Kellogg Weaver Dunes,East,892,44.15486,-91.55963,Prairie-Forest Border
HPC1576,Yes,KWDTRS6Y_2019,High MAP,Yes,KWDSCSCY_2019,Yes,No,Y_2019,46.8,1213.8,SCSC,KWD,Kellogg Weaver Dunes,East,892,44.15486,-91.55963,Prairie-Forest Border
HPC1577,Yes,KWDTRS6Y_2019,High MAP,Yes,KWDSCSCY_2019,Yes,No,Y_2019,46.8,1213.8,SCSC,KWD,Kellogg Weaver Dunes,East,892,44.15486,-91.55963,Prairie-Forest Border
HPC1578,Yes,KWDTRS6Y_2019,High MAP,Yes,KWDSCSCY_2019,Yes,No,Y_2019,46.8,1213.8,SCSC,KWD,Kellogg Weaver Dunes,East,892,44.15486,-91.55963,Prairie-Forest Border
HPC1579,Yes,KWDTRS6Y_2019,High MAP,Yes,KWDSCSCY_2019,Yes,No,Y_2019,46.8,1213.8,SCSC,KWD,Kellogg Weaver Dunes,East,892,44.15486,-91.55963,Prairie-Forest Border
HPC1580,Yes,KWDTRS6Y_2019,High MAP,No,KWDSCSCY_2019,Yes,No,Y_2019,46.8,1213.8,SCSC,KWD,Kellogg Weaver Dunes,East,892,44.15486,-91.55963,Prairie-Forest Border
HPC1581,Yes,SPTRS1Y_2019,Low MAP,Yes,SPSCSCY_2019,Yes,No,Y_2019,38.47,1132.5,SCSC,SP,Sioux Prairie,West,564,44.032214,-96.78054,Northern Tallgrass Prairie
HPC1583,Yes,SPTRS1Y_2019,Low MAP,Yes,SPSCSCY_2019,Yes,No,Y_2019,38.47,1132.5,SCSC,SP,Sioux Prairie,West,564,44.032214,-96.78054,Northern Tallgrass Prairie
HPC1584,Yes,SPTRS1Y_2019,Low MAP,Yes,SPSCSCY_2019,Yes,No,Y_2019,38.47,1132.5,SCSC,SP,Sioux Prairie,West,564,44.032214,-96.78054,Northern Tallgrass Prairie
HPC1585,Yes,SPTRS1Y_2019,Low MAP,Yes,SPSCSCY_2019,Yes,No,Y_2019,38.47,1132.5,SCSC,SP,Sioux Prairie,West,564,44.032214,-96.78054,Northern Tallgrass Prairie
HPC1586,Yes,SPTRS2Y_2019,Low MAP,Yes,SPSCSCY_2019,Yes,No,Y_2019,38.47,1132.5,SCSC,SP,Sioux Prairie,West,564,44.032214,-96.78054,Northern Tallgrass Prairie
HPC1587,Yes,SPTRS2Y_2019,Low MAP,Yes,SPSCSCY_2019,Yes,No,Y_2019,38.47,1132.5,SCSC,SP,Sioux Prairie,West,564,44.032214,-96.78054,Northern Tallgrass Prairie
HPC1589,Yes,SPTRS2Y_2019,Low MAP,Yes,SPSCSCY_2019,Yes,No,Y_2019,38.47,1132.5,SCSC,SP,Sioux Prairie,West,564,44.032214,-96.78054,Northern Tallgrass Prairie
HPC1591,Yes,SPTRS3Y_2019,Low MAP,No,SPSCSCY_2019,Yes,No,Y_2019,38.47,1132.5,SCSC,SP,Sioux Prairie,West,564,44.032214,-96.78054,Northern Tallgrass Prairie
HPC1592,Yes,SPTRS3Y_2019,Low MAP,Yes,SPSCSCY_2019,Yes,No,Y_2019,38.47,1132.5,SCSC,SP,Sioux Prairie,West,564,44.032214,-96.78054,Northern Tallgrass Prairie
HPC1594,Yes,SPTRS3Y_2019,Low MAP,Yes,SPSCSCY_2019,Yes,No,Y_2019,38.47,1132.5,SCSC,SP,Sioux Prairie,West,564,44.032214,-96.78054,Northern Tallgrass Prairie
HPC1596,Yes,SPTRS4Y_2019,Low MAP,Yes,SPSCSCY_2019,Yes,No,Y_2019,38.47,1132.5,SCSC,SP,Sioux Prairie,West,564,44.032214,-96.78054,Northern Tallgrass Prairie
HPC1597,Yes,SPTRS4Y_2019,Low MAP,Yes,SPSCSCY_2019,Yes,No,Y_2019,38.47,1132.5,SCSC,SP,Sioux Prairie,West,564,44.032214,-96.78054,Northern Tallgrass Prairie
HPC1599,Yes,SPTRS4Y_2019,Low MAP,No,SPSCSCY_2019,Yes,No,Y_2019,38.47,1132.5,SCSC,SP,Sioux Prairie,West,564,44.032214,-96.78054,Northern Tallgrass Prairie
HPC1600,Yes,SPTRS4Y_2019,Low MAP,Yes,SPSCSCY_2019,Yes,No,Y_2019,38.47,1132.5,SCSC,SP,Sioux Prairie,West,564,44.032214,-96.78054,Northern Tallgrass Prairie
HPC1601,Yes,SPTRS5Y_2019,Low MAP,Yes,SPSCSCY_2019,Yes,No,Y_2019,38.47,1132.5,SCSC,SP,Sioux Prairie,West,564,44.032214,-96.78054,Northern Tallgrass Prairie
HPC1602,Yes,SPTRS5Y_2019,Low MAP,Yes,SPSCSCY_2019,Yes,No,Y_2019,38.47,1132.5,SCSC,SP,Sioux Prairie,West,564,44.032214,-96.78054,Northern Tallgrass Prairie
HPC1603,Yes,SPTRS5Y_2019,Low MAP,No,SPSCSCY_2019,Yes,No,Y_2019,38.47,1132.5,SCSC,SP,Sioux Prairie,West,564,44.032214,-96.78054,Northern Tallgrass Prairie
HPC1605,Yes,SPTRS5Y_2019,Low MAP,Yes,SPSCSCY_2019,Yes,No,Y_2019,38.47,1132.5,SCSC,SP,Sioux Prairie,West,564,44.032214,-96.78054,Northern Tallgrass Prairie
HPC1607,Yes,SPTRS6Y_2019,Low MAP,Yes,SPSCSCY_2019,Yes,No,Y_2019,38.47,1132.5,SCSC,SP,Sioux Prairie,West,564,44.032214,-96.78054,Northern Tallgrass Prairie
HPC1608,Yes,SPTRS6Y_2019,Low MAP,Yes,SPSCSCY_2019,Yes,No,Y_2019,38.47,1132.5,SCSC,SP,Sioux Prairie,West,564,44.032214,-96.78054,Northern Tallgrass Prairie
HPC1609,Yes,SPTRS6Y_2019,Low MAP,No,SPSCSCY_2019,Yes,No,Y_2019,38.47,1132.5,SCSC,SP,Sioux Prairie,West,564,44.032214,-96.78054,Northern Tallgrass Prairie
HPC1610,Yes,SPTRS6Y_2019,Low MAP,No,SPSCSCY_2019,Yes,No,Y_2019,38.47,1132.5,SCSC,SP,Sioux Prairie,West,564,44.032214,-96.78054,Northern Tallgrass Prairie
HPC1611,Yes,CWRTRS1Y_2019,Low MAP,Yes,CWRSCSCY_2019,Yes,No,Y_2019,45.1,1075,SCSC,CWR,Cottonwood River SNA,Central,699,44.12141,-95.06171,Northern Tallgrass Prairie
HPC1612,Yes,CWRTRS1Y_2019,Low MAP,No,CWRSCSCY_2019,Yes,No,Y_2019,45.1,1075,SCSC,CWR,Cottonwood River SNA,Central,699,44.12141,-95.06171,Northern Tallgrass Prairie
HPC1615,Yes,CWRTRS1Y_2019,Low MAP,Yes,CWRSCSCY_2019,Yes,No,Y_2019,45.1,1075,SCSC,CWR,Cottonwood River SNA,Central,699,44.12141,-95.06171,Northern Tallgrass Prairie
HPC1618,Yes,CWRTRS2Y_2019,Low MAP,Yes,CWRSCSCY_2019,Yes,No,Y_2019,45.1,1075,SCSC,CWR,Cottonwood River SNA,Central,699,44.12141,-95.06171,Northern Tallgrass Prairie
HPC1619,Yes,CWRTRS2Y_2019,Low MAP,Yes,CWRSCSCY_2019,Yes,No,Y_2019,45.1,1075,SCSC,CWR,Cottonwood River SNA,Central,699,44.12141,-95.06171,Northern Tallgrass Prairie
HPC1621,Yes,CWRTRS3Y_2019,Low MAP,No,CWRSCSCY_2019,Yes,No,Y_2019,45.1,1075,SCSC,CWR,Cottonwood River SNA,Central,699,44.12141,-95.06171,Northern Tallgrass Prairie
HPC1622,Yes,CWRTRS3Y_2019,Low MAP,Yes,CWRSCSCY_2019,Yes,No,Y_2019,45.1,1075,SCSC,CWR,Cottonwood River SNA,Central,699,44.12141,-95.06171,Northern Tallgrass Prairie
HPC1623,Yes,CWRTRS3Y_2019,Low MAP,Yes,CWRSCSCY_2019,Yes,No,Y_2019,45.1,1075,SCSC,CWR,Cottonwood River SNA,Central,699,44.12141,-95.06171,Northern Tallgrass Prairie
HPC1625,Yes,CWRTRS3Y_2019,Low MAP,Yes,CWRSCSCY_2019,Yes,No,Y_2019,45.1,1075,SCSC,CWR,Cottonwood River SNA,Central,699,44.12141,-95.06171,Northern Tallgrass Prairie
HPC1626,Yes,CWRTRS4Y_2019,Low MAP,Yes,CWRSCSCY_2019,Yes,No,Y_2019,45.1,1075,SCSC,CWR,Cottonwood River SNA,Central,699,44.12141,-95.06171,Northern Tallgrass Prairie
HPC1627,Yes,CWRTRS4Y_2019,Low MAP,No,CWRSCSCY_2019,Yes,No,Y_2019,45.1,1075,SCSC,CWR,Cottonwood River SNA,Central,699,44.12141,-95.06171,Northern Tallgrass Prairie
HPC1628,Yes,CWRTRS4Y_2019,Low MAP,Yes,CWRSCSCY_2019,Yes,No,Y_2019,45.1,1075,SCSC,CWR,Cottonwood River SNA,Central,699,44.12141,-95.06171,Northern Tallgrass Prairie
HPC1629,Yes,CWRTRS4Y_2019,Low MAP,Yes,CWRSCSCY_2019,Yes,No,Y_2019,45.1,1075,SCSC,CWR,Cottonwood River SNA,Central,699,44.12141,-95.06171,Northern Tallgrass Prairie
HPC1630,Yes,CWRTRS4Y_2019,Low MAP,Yes,CWRSCSCY_2019,Yes,No,Y_2019,45.1,1075,SCSC,CWR,Cottonwood River SNA,Central,699,44.12141,-95.06171,Northern Tallgrass Prairie
HPC1631,Yes,CWRTRS5Y_2019,Low MAP,Yes,CWRSCSCY_2019,Yes,No,Y_2019,45.1,1075,SCSC,CWR,Cottonwood River SNA,Central,699,44.12141,-95.06171,Northern Tallgrass Prairie
HPC1632,Yes,CWRTRS5Y_2019,Low MAP,Yes,CWRSCSCY_2019,Yes,No,Y_2019,45.1,1075,SCSC,CWR,Cottonwood River SNA,Central,699,44.12141,-95.06171,Northern Tallgrass Prairie
HPC1633,Yes,CWRTRS5Y_2019,Low MAP,Yes,CWRSCSCY_2019,Yes,No,Y_2019,45.1,1075,SCSC,CWR,Cottonwood River SNA,Central,699,44.12141,-95.06171,Northern Tallgrass Prairie
HPC1634,Yes,CWRTRS5Y_2019,Low MAP,No,CWRSCSCY_2019,Yes,No,Y_2019,45.1,1075,SCSC,CWR,Cottonwood River SNA,Central,699,44.12141,-95.06171,Northern Tallgrass Prairie
HPC1635,Yes,CWRTRS5Y_2019,Low MAP,Yes,CWRSCSCY_2019,Yes,No,Y_2019,45.1,1075,SCSC,CWR,Cottonwood River SNA,Central,699,44.12141,-95.06171,Northern Tallgrass Prairie
HPC1637,Yes,CWRTRS6Y_2019,Low MAP,No,CWRSCSCY_2019,Yes,No,Y_2019,45.1,1075,SCSC,CWR,Cottonwood River SNA,Central,699,44.12141,-95.06171,Northern Tallgrass Prairie
HPC1638,Yes,CWRTRS6Y_2019,Low MAP,No,CWRSCSCY_2019,Yes,No,Y_2019,45.1,1075,SCSC,CWR,Cottonwood River SNA,Central,699,44.12141,-95.06171,Northern Tallgrass Prairie
HPC1639,Yes,CWRTRS6Y_2019,Low MAP,Yes,CWRSCSCY_2019,Yes,No,Y_2019,45.1,1075,SCSC,CWR,Cottonwood River SNA,Central,699,44.12141,-95.06171,Northern Tallgrass Prairie
HPC1640,Yes,CWRTRS6Y_2019,Low MAP,No,CWRSCSCY_2019,Yes,No,Y_2019,45.1,1075,SCSC,CWR,Cottonwood River SNA,Central,699,44.12141,-95.06171,Northern Tallgrass Prairie
HPC1642,Yes,HSCTRS1Y_2019,High MAP,Yes,HSCSCSCY_2019,Yes,No,Y_2019,40.3,1109.5,SCSC,HSC,Hasting Sand Coulee ,East,850,44.42428,-92.49619,Prairie-Forest Border
HPC1643,Yes,HSCTRS1Y_2019,High MAP,No,HSCSCSCY_2019,Yes,No,Y_2019,40.3,1109.5,SCSC,HSC,Hasting Sand Coulee ,East,850,44.42428,-92.49619,Prairie-Forest Border
HPC1645,Yes,HSCTRS1Y_2019,High MAP,Yes,HSCSCSCY_2019,Yes,No,Y_2019,40.3,1109.5,SCSC,HSC,Hasting Sand Coulee ,East,850,44.42428,-92.49619,Prairie-Forest Border
HPC1648,Yes,HSCTRS2Y_2019,High MAP,Yes,HSCSCSCY_2019,Yes,No,Y_2019,40.3,1109.5,SCSC,HSC,Hasting Sand Coulee ,East,850,44.42428,-92.49619,Prairie-Forest Border
HPC1649,Yes,HSCTRS2Y_2019,High MAP,Yes,HSCSCSCY_2019,Yes,No,Y_2019,40.3,1109.5,SCSC,HSC,Hasting Sand Coulee ,East,850,44.42428,-92.49619,Prairie-Forest Border
HPC1650,Yes,HSCTRS2Y_2019,High MAP,No,HSCSCSCY_2019,Yes,No,Y_2019,40.3,1109.5,SCSC,HSC,Hasting Sand Coulee ,East,850,44.42428,-92.49619,Prairie-Forest Border
HPC1651,Yes,HSCTRS3Y_2019,High MAP,Yes,HSCSCSCY_2019,Yes,No,Y_2019,40.3,1109.5,SCSC,HSC,Hasting Sand Coulee ,East,850,44.42428,-92.49619,Prairie-Forest Border
HPC1652,Yes,HSCTRS3Y_2019,High MAP,Yes,HSCSCSCY_2019,Yes,No,Y_2019,40.3,1109.5,SCSC,HSC,Hasting Sand Coulee ,East,850,44.42428,-92.49619,Prairie-Forest Border
HPC1654,Yes,HSCTRS3Y_2019,High MAP,Yes,HSCSCSCY_2019,Yes,No,Y_2019,40.3,1109.5,SCSC,HSC,Hasting Sand Coulee ,East,850,44.42428,-92.49619,Prairie-Forest Border
HPC1655,Yes,HSCTRS3Y_2019,High MAP,Yes,HSCSCSCY_2019,Yes,No,Y_2019,40.3,1109.5,SCSC,HSC,Hasting Sand Coulee ,East,850,44.42428,-92.49619,Prairie-Forest Border
HPC1657,Yes,HSCTRS4Y_2019,High MAP,Yes,HSCSCSCY_2019,Yes,No,Y_2019,40.3,1109.5,SCSC,HSC,Hasting Sand Coulee ,East,850,44.42428,-92.49619,Prairie-Forest Border
HPC1661,Yes,HSCTRS5Y_2019,High MAP,Yes,HSCSCSCY_2019,Yes,No,Y_2019,40.3,1109.5,SCSC,HSC,Hasting Sand Coulee ,East,850,44.42428,-92.49619,Prairie-Forest Border
HPC1662,Yes,HSCTRS5Y_2019,High MAP,Yes,HSCSCSCY_2019,Yes,No,Y_2019,40.3,1109.5,SCSC,HSC,Hasting Sand Coulee ,East,850,44.42428,-92.49619,Prairie-Forest Border
HPC1662KNZ,Yes,HSCTRS5Y_2019,High MAP,No,HSCSCSCY_2019,Yes,No,Y_2019,,1109.5,SCSC,HSC,Hasting Sand Coulee ,East,850,44.42428,-92.49619,Prairie-Forest Border
HPC1663,Yes,HSCTRS5Y_2019,High MAP,Yes,HSCSCSCY_2019,Yes,No,Y_2019,40.3,1109.5,SCSC,HSC,Hasting Sand Coulee ,East,850,44.42428,-92.49619,Prairie-Forest Border
HPC1664,Yes,HSCTRS5Y_2019,High MAP,Yes,HSCSCSCY_2019,Yes,No,Y_2019,40.3,1109.5,SCSC,HSC,Hasting Sand Coulee ,East,850,44.42428,-92.49619,Prairie-Forest Border
HPC1665,Yes,HSCTRS5Y_2019,High MAP,Yes,HSCSCSCY_2019,Yes,No,Y_2019,40.3,1109.5,SCSC,HSC,Hasting Sand Coulee ,East,850,44.42428,-92.49619,Prairie-Forest Border
HPC1667,Yes,HSCTRS6Y_2019,High MAP,Yes,HSCSCSCY_2019,Yes,No,Y_2019,40.3,1109.5,SCSC,HSC,Hasting Sand Coulee ,East,850,44.42428,-92.49619,Prairie-Forest Border
HPC1668,Yes,HSCTRS6Y_2019,High MAP,Yes,HSCSCSCY_2019,Yes,No,Y_2019,40.3,1109.5,SCSC,HSC,Hasting Sand Coulee ,East,850,44.42428,-92.49619,Prairie-Forest Border
HPC1669,Yes,HSCTRS6Y_2019,High MAP,No,HSCSCSCY_2019,Yes,No,Y_2019,40.3,1109.5,SCSC,HSC,Hasting Sand Coulee ,East,850,44.42428,-92.49619,Prairie-Forest Border
HPC1671,Yes,KNZKNZ1-1Y_2020,High MAP,No,KNZSCSCY_2020,No,No,Y_2020,828,828,SCSC,KNZ,Konza Prairie,West,835,39.076272,-96.592229,Northern Tallgrass Prairie
HPC1672,Yes,KNZKNZ1-1Y_2020,High MAP,No,KNZSCSCY_2020,No,No,Y_2020,828,828,SCSC,KNZ,Konza Prairie,West,835,39.076272,-96.592229,Northern Tallgrass Prairie
HPC1673,No,KNZKNZ1-1Y_2020,High MAP,No,KNZSCSCY_2020,No,No,Y_2020,828,828,SCSC,KNZ,Konza Prairie,West,835,39.076272,-96.592229,Northern Tallgrass Prairie
HPC1674,Yes,KNZKNZ1-1Y_2020,High MAP,No,KNZSCSCY_2020,No,No,Y_2020,828,828,SCSC,KNZ,Konza Prairie,West,835,39.076272,-96.592229,Northern Tallgrass Prairie
HPC1675,Yes,KNZKNZ1-1Y_2020,High MAP,No,KNZSCSCY_2020,No,No,Y_2020,828,828,SCSC,KNZ,Konza Prairie,West,835,39.076272,-96.592229,Northern Tallgrass Prairie
HPC1676,Yes,KNZKNZ1-2Y_2020,High MAP,No,KNZSCSCY_2020,No,No,Y_2020,828,828,SCSC,KNZ,Konza Prairie,West,835,39.076272,-96.592229,Northern Tallgrass Prairie
HPC1677,Yes,KNZKNZ1-2Y_2020,High MAP,No,KNZSCSCY_2020,No,No,Y_2020,828,828,SCSC,KNZ,Konza Prairie,West,835,39.076272,-96.592229,Northern Tallgrass Prairie
HPC1678,No,KNZKNZ1-2Y_2020,High MAP,No,KNZSCSCY_2020,No,No,Y_2020,828,828,SCSC,KNZ,Konza Prairie,West,835,39.076272,-96.592229,Northern Tallgrass Prairie
HPC1679,Yes,KNZKNZ1-2Y_2020,High MAP,No,KNZSCSCY_2020,No,No,Y_2020,828,828,SCSC,KNZ,Konza Prairie,West,835,39.076272,-96.592229,Northern Tallgrass Prairie
HPC1680,Yes,KNZKNZ1-2Y_2020,High MAP,No,KNZSCSCY_2020,No,No,Y_2020,828,828,SCSC,KNZ,Konza Prairie,West,835,39.076272,-96.592229,Northern Tallgrass Prairie
HPC1681,Yes,KNZKNZ1-3Y_2020,High MAP,No,KNZSCSCY_2020,No,No,Y_2020,828,828,SCSC,KNZ,Konza Prairie,West,835,39.076272,-96.592229,Northern Tallgrass Prairie
HPC1682,Yes,KNZKNZ1-3Y_2020,High MAP,No,KNZSCSCY_2020,No,No,Y_2020,828,828,SCSC,KNZ,Konza Prairie,West,835,39.076272,-96.592229,Northern Tallgrass Prairie
HPC1683,,KNZKNZ1-3Y_2020,High MAP,No,KNZSCSCY_2020,No,No,Y_2020,828,828,SCSC,KNZ,Konza Prairie,West,835,39.076272,-96.592229,Northern Tallgrass Prairie
HPC1684,Yes,KNZKNZ1-3Y_2020,High MAP,No,KNZSCSCY_2020,No,No,Y_2020,828,828,SCSC,KNZ,Konza Prairie,West,835,39.076272,-96.592229,Northern Tallgrass Prairie
HPC1685,No,KNZKNZ1-3Y_2020,High MAP,No,KNZSCSCY_2020,No,No,Y_2020,828,828,SCSC,KNZ,Konza Prairie,West,835,39.076272,-96.592229,Northern Tallgrass Prairie
HPC1686,Yes,KNZKNZ1-4Y_2020,High MAP,No,KNZSCSCY_2020,No,No,Y_2020,828,828,SCSC,KNZ,Konza Prairie,West,835,39.076272,-96.592229,Northern Tallgrass Prairie
HPC1687,No,KNZKNZ1-4Y_2020,High MAP,No,KNZSCSCY_2020,No,No,Y_2020,828,828,SCSC,KNZ,Konza Prairie,West,835,39.076272,-96.592229,Northern Tallgrass Prairie
HPC1688,Yes,KNZKNZ1-4Y_2020,High MAP,No,KNZSCSCY_2020,No,No,Y_2020,828,828,SCSC,KNZ,Konza Prairie,West,835,39.076272,-96.592229,Northern Tallgrass Prairie
HPC1689,Yes,KNZKNZ1-4Y_2020,High MAP,No,KNZSCSCY_2020,No,No,Y_2020,828,828,SCSC,KNZ,Konza Prairie,West,835,39.076272,-96.592229,Northern Tallgrass Prairie
HPC1690,No,KNZKNZ1-4Y_2020,High MAP,No,KNZSCSCY_2020,No,No,Y_2020,828,828,SCSC,KNZ,Konza Prairie,West,835,39.076272,-96.592229,Northern Tallgrass Prairie
HPC1691,Yes,KNZKNZ2-1Y_2020,High MAP,No,KNZSCSCY_2020,No,No,Y_2020,828,828,SCSC,KNZ,Konza Prairie,West,835,39.076272,-96.592229,Northern Tallgrass Prairie
HPC1693,Yes,KNZKNZ2-1Y_2020,High MAP,No,KNZSCSCY_2020,No,No,Y_2020,828,828,SCSC,KNZ,Konza Prairie,West,835,39.076272,-96.592229,Northern Tallgrass Prairie
HPC1694,No,KNZKNZ2-1Y_2020,High MAP,No,KNZSCSCY_2020,No,No,Y_2020,828,828,SCSC,KNZ,Konza Prairie,West,835,39.076272,-96.592229,Northern Tallgrass Prairie
HPC1695,Yes,KNZKNZ2-1Y_2020,High MAP,No,KNZSCSCY_2020,No,No,Y_2020,828,828,SCSC,KNZ,Konza Prairie,West,835,39.076272,-96.592229,Northern Tallgrass Prairie
HPC1696,No,KNZKNZ2-2Y_2020,High MAP,No,KNZSCSCY_2020,No,No,Y_2020,828,828,SCSC,KNZ,Konza Prairie,West,835,39.076272,-96.592229,Northern Tallgrass Prairie
HPC1697,Yes,KNZKNZ2-2Y_2020,High MAP,No,KNZSCSCY_2020,No,No,Y_2020,828,828,SCSC,KNZ,Konza Prairie,West,835,39.076272,-96.592229,Northern Tallgrass Prairie
HPC16971,Yes,KNZKNZ2-2Y_2020,High MAP,No,KNZSCSCY_2020,No,No,Y_2020,828,828,SCSC,KNZ,Konza Prairie,West,835,39.076272,-96.592229,Northern Tallgrass Prairie
HPC1698,No,KNZKNZ2-2Y_2020,High MAP,No,KNZSCSCY_2020,No,No,Y_2020,828,828,SCSC,KNZ,Konza Prairie,West,835,39.076272,-96.592229,Northern Tallgrass Prairie
HPC1699,Yes,KNZKNZ2-2Y_2020,High MAP,No,KNZSCSCY_2020,No,No,Y_2020,828,828,SCSC,KNZ,Konza Prairie,West,835,39.076272,-96.592229,Northern Tallgrass Prairie
HPC1700,Yes,KNZKNZ2-2Y_2020,High MAP,No,KNZSCSCY_2020,No,No,Y_2020,828,828,SCSC,KNZ,Konza Prairie,West,835,39.076272,-96.592229,Northern Tallgrass Prairie
HPC1701,Yes,KNZKNZ2-3Y_2020,High MAP,No,KNZSCSCY_2020,No,No,Y_2020,828,828,SCSC,KNZ,Konza Prairie,West,835,39.076272,-96.592229,Northern Tallgrass Prairie
HPC1702,No,KNZKNZ2-3Y_2020,High MAP,No,KNZSCSCY_2020,No,No,Y_2020,828,828,SCSC,KNZ,Konza Prairie,West,835,39.076272,-96.592229,Northern Tallgrass Prairie
HPC1703,No,KNZKNZ2-3Y_2020,High MAP,No,KNZSCSCY_2020,No,No,Y_2020,828,828,SCSC,KNZ,Konza Prairie,West,835,39.076272,-96.592229,Northern Tallgrass Prairie
HPC1704,Yes,KNZKNZ2-3Y_2020,High MAP,No,KNZSCSCY_2020,No,No,Y_2020,828,828,SCSC,KNZ,Konza Prairie,West,835,39.076272,-96.592229,Northern Tallgrass Prairie
HPC1705,Yes,KNZKNZ2-3Y_2020,High MAP,No,KNZSCSCY_2020,No,No,Y_2020,828,828,SCSC,KNZ,Konza Prairie,West,835,39.076272,-96.592229,Northern Tallgrass Prairie
HPC1706,No,KNZKNZ2-4Y_2020,High MAP,No,KNZSCSCY_2020,No,No,Y_2020,828,828,SCSC,KNZ,Konza Prairie,West,835,39.076272,-96.592229,Northern Tallgrass Prairie
HPC1707,Yes,KNZKNZ2-4Y_2020,High MAP,No,KNZSCSCY_2020,No,No,Y_2020,828,828,SCSC,KNZ,Konza Prairie,West,835,39.076272,-96.592229,Northern Tallgrass Prairie
HPC1708,Yes,KNZKNZ2-4Y_2020,High MAP,No,KNZSCSCY_2020,No,No,Y_2020,828,828,SCSC,KNZ,Konza Prairie,West,835,39.076272,-96.592229,Northern Tallgrass Prairie
HPC1709,Yes,KNZKNZ2-4Y_2020,High MAP,No,KNZSCSCY_2020,No,No,Y_2020,828,828,SCSC,KNZ,Konza Prairie,West,835,39.076272,-96.592229,Northern Tallgrass Prairie
HPC1710,Yes,KNZKNZ2-4Y_2020,High MAP,No,KNZSCSCY_2020,No,No,Y_2020,828,828,SCSC,KNZ,Konza Prairie,West,835,39.076272,-96.592229,Northern Tallgrass Prairie
HPC1711,No,KNZKNZ3-1Y_2020,High MAP,No,KNZSCSCY_2020,No,No,Y_2020,828,828,SCSC,KNZ,Konza Prairie,West,835,39.076272,-96.592229,Northern Tallgrass Prairie
HPC1712,No,KNZKNZ3-1Y_2020,High MAP,No,KNZSCSCY_2020,No,No,Y_2020,828,828,SCSC,KNZ,Konza Prairie,West,835,39.076272,-96.592229,Northern Tallgrass Prairie
HPC1713,No,KNZKNZ3-1Y_2020,High MAP,No,KNZSCSCY_2020,No,No,Y_2020,828,828,SCSC,KNZ,Konza Prairie,West,835,39.076272,-96.592229,Northern Tallgrass Prairie
HPC1714,Yes,KNZKNZ3-1Y_2020,High MAP,No,KNZSCSCY_2020,No,No,Y_2020,828,828,SCSC,KNZ,Konza Prairie,West,835,39.076272,-96.592229,Northern Tallgrass Prairie
HPC1715,Yes,KNZKNZ3-1Y_2020,High MAP,No,KNZSCSCY_2020,No,No,Y_2020,828,828,SCSC,KNZ,Konza Prairie,West,835,39.076272,-96.592229,Northern Tallgrass Prairie
HPC1716,Yes,KNZKNZ3-2Y_2020,High MAP,No,KNZSCSCY_2020,No,No,Y_2020,828,828,SCSC,KNZ,Konza Prairie,West,835,39.076272,-96.592229,Northern Tallgrass Prairie
HPC1717,No,KNZKNZ3-2Y_2020,High MAP,No,KNZSCSCY_2020,No,No,Y_2020,828,828,SCSC,KNZ,Konza Prairie,West,835,39.076272,-96.592229,Northern Tallgrass Prairie
HPC1718,Yes,KNZKNZ3-2Y_2020,High MAP,No,KNZSCSCY_2020,No,No,Y_2020,828,828,SCSC,KNZ,Konza Prairie,West,835,39.076272,-96.592229,Northern Tallgrass Prairie
HPC1719,Yes,KNZKNZ3-2Y_2020,High MAP,No,KNZSCSCY_2020,No,No,Y_2020,828,828,SCSC,KNZ,Konza Prairie,West,835,39.076272,-96.592229,Northern Tallgrass Prairie
HPC1720,No,KNZKNZ3-2Y_2020,High MAP,No,KNZSCSCY_2020,No,No,Y_2020,828,828,SCSC,KNZ,Konza Prairie,West,835,39.076272,-96.592229,Northern Tallgrass Prairie
HPC17201,Yes,KNZKNZ3-2Y_2020,High MAP,No,KNZSCSCY_2020,No,No,Y_2020,828,828,SCSC,KNZ,Konza Prairie,West,835,39.076272,-96.592229,Northern Tallgrass Prairie
HPC1721,Yes,KNZKNZ3-3Y_2020,High MAP,No,KNZSCSCY_2020,No,No,Y_2020,828,828,SCSC,KNZ,Konza Prairie,West,835,39.076272,-96.592229,Northern Tallgrass Prairie
HPC1722,No,KNZKNZ3-3Y_2020,High MAP,No,KNZSCSCY_2020,No,No,Y_2020,828,828,SCSC,KNZ,Konza Prairie,West,835,39.076272,-96.592229,Northern Tallgrass Prairie
HPC1723,Yes,KNZKNZ3-3Y_2020,High MAP,No,KNZSCSCY_2020,No,No,Y_2020,828,828,SCSC,KNZ,Konza Prairie,West,835,39.076272,-96.592229,Northern Tallgrass Prairie
HPC1724,Yes,KNZKNZ3-3Y_2020,High MAP,No,KNZSCSCY_2020,No,No,Y_2020,828,828,SCSC,KNZ,Konza Prairie,West,835,39.076272,-96.592229,Northern Tallgrass Prairie
HPC1725,Yes,KNZKNZ3-3Y_2020,High MAP,No,KNZSCSCY_2020,No,No,Y_2020,828,828,SCSC,KNZ,Konza Prairie,West,835,39.076272,-96.592229,Northern Tallgrass Prairie
HPC1726,No,KNZKNZ3-4Y_2020,High MAP,No,KNZSCSCY_2020,No,No,Y_2020,828,828,SCSC,KNZ,Konza Prairie,West,835,39.076272,-96.592229,Northern Tallgrass Prairie
HPC1727,No,KNZKNZ3-4Y_2020,High MAP,No,KNZSCSCY_2020,No,No,Y_2020,828,828,SCSC,KNZ,Konza Prairie,West,835,39.076272,-96.592229,Northern Tallgrass Prairie
HPC1728,Yes,KNZKNZ3-4Y_2020,High MAP,No,KNZSCSCY_2020,No,No,Y_2020,828,828,SCSC,KNZ,Konza Prairie,West,835,39.076272,-96.592229,Northern Tallgrass Prairie
HPC1729,Yes,KNZKNZ3-4Y_2020,High MAP,No,KNZSCSCY_2020,No,No,Y_2020,828,828,SCSC,KNZ,Konza Prairie,West,835,39.076272,-96.592229,Northern Tallgrass Prairie
HPC1730,Yes,KNZKNZ3-4Y_2020,High MAP,No,KNZSCSCY_2020,No,No,Y_2020,828,828,SCSC,KNZ,Konza Prairie,West,835,39.076272,-96.592229,Northern Tallgrass Prairie
HPC8346,Yes,CWRTRS6Y_2018,Low MAP,Yes,CWRSCSCY_2018,Yes,Yes,Y_2018,40.3,1008.3,SCSC,CWR,Cottonwood River SNA,Central,699,44.12141,-95.06171,Northern Tallgrass Prairie