sample1,Transectsample1,Sitesample1,2Yearsample1,SCCSCornsample1,Yearsample1,YearMAP1sample1,YearMAP2sample1,Hostsample1,Codesample1,Locationsample1,Regionsample1,Rainfallsample1,Latitudesample1,Longitudesample1,Ecoregionsample1
HPC1463,MPTRS1Y_2019,MPSCSCY_2019,No,No,Y_2019,,1135.8,SCSC,MP,Mound Prairie SNA,East,939,43.45996,-91.25462,Prairie-Forest Border
HPC1464,MPTRS1Y_2019,MPSCSCY_2019,No,No,Y_2019,,1135.8,SCSC,MP,Mound Prairie SNA,East,939,43.45996,-91.25462,Prairie-Forest Border
HPC1465,MPTRS1Y_2019,MPSCSCY_2019,No,No,Y_2019,,1135.8,SCSC,MP,Mound Prairie SNA,East,939,43.45996,-91.25462,Prairie-Forest Border
HPC1466,MPTRS2Y_2019,MPSCSCY_2019,No,No,Y_2019,,1135.8,SCSC,MP,Mound Prairie SNA,East,939,43.45996,-91.25462,Prairie-Forest Border
HPC1467,MPTRS2Y_2019,MPSCSCY_2019,No,No,Y_2019,,1135.8,SCSC,MP,Mound Prairie SNA,East,939,43.45996,-91.25462,Prairie-Forest Border
HPC1468,MPTRS2Y_2019,MPSCSCY_2019,No,No,Y_2019,,1135.8,SCSC,MP,Mound Prairie SNA,East,939,43.45996,-91.25462,Prairie-Forest Border
HPC1471,MPTRS3Y_2019,MPSCSCY_2019,No,No,Y_2019,,1135.8,SCSC,MP,Mound Prairie SNA,East,939,43.45996,-91.25462,Prairie-Forest Border
HPC1472,MPTRS3Y_2019,MPSCSCY_2019,No,No,Y_2019,,1135.8,SCSC,MP,Mound Prairie SNA,East,939,43.45996,-91.25462,Prairie-Forest Border
HPC1473,MPTRS3Y_2019,MPSCSCY_2019,No,No,Y_2019,,1135.8,SCSC,MP,Mound Prairie SNA,East,939,43.45996,-91.25462,Prairie-Forest Border
HPC1474,MPTRS3Y_2019,MPSCSCY_2019,No,No,Y_2019,,1135.8,SCSC,MP,Mound Prairie SNA,East,939,43.45996,-91.25462,Prairie-Forest Border
HPC1475,MPTRS3Y_2019,MPSCSCY_2019,No,No,Y_2019,,1135.8,SCSC,MP,Mound Prairie SNA,East,939,43.45996,-91.25462,Prairie-Forest Border
HPC1476,MPTRS4Y_2019,MPSCSCY_2019,No,No,Y_2019,,1135.8,SCSC,MP,Mound Prairie SNA,East,939,43.45996,-91.25462,Prairie-Forest Border
HPC1477,MPTRS4Y_2019,MPSCSCY_2019,No,No,Y_2019,,1135.8,SCSC,MP,Mound Prairie SNA,East,939,43.45996,-91.25462,Prairie-Forest Border
HPC1478,MPTRS4Y_2019,MPSCSCY_2019,No,No,Y_2019,,1135.8,SCSC,MP,Mound Prairie SNA,East,939,43.45996,-91.25462,Prairie-Forest Border
HPC1479,MPTRS4Y_2019,MPSCSCY_2019,No,No,Y_2019,,1135.8,SCSC,MP,Mound Prairie SNA,East,939,43.45996,-91.25462,Prairie-Forest Border
HPC1480,MPTRS4Y_2019,MPSCSCY_2019,No,No,Y_2019,,1135.8,SCSC,MP,Mound Prairie SNA,East,939,43.45996,-91.25462,Prairie-Forest Border
HPC1483,MPTRS5Y_2019,MPSCSCY_2019,No,No,Y_2019,,1135.8,SCSC,MP,Mound Prairie SNA,East,939,43.45996,-91.25462,Prairie-Forest Border
HPC1486,MPTRS6Y_2019,MPSCSCY_2019,No,No,Y_2019,,1135.8,SCSC,MP,Mound Prairie SNA,East,939,43.45996,-91.25462,Prairie-Forest Border
HPC1487,MPTRS6Y_2019,MPSCSCY_2019,No,No,Y_2019,,1135.8,SCSC,MP,Mound Prairie SNA,East,939,43.45996,-91.25462,Prairie-Forest Border
HPC1490,MPTRS6Y_2019,MPSCSCY_2019,No,No,Y_2019,,1135.8,SCSC,MP,Mound Prairie SNA,East,939,43.45996,-91.25462,Prairie-Forest Border
HPC1483KNZ,MPTRS5Y_2019,MPSCSCY_2019,No,No,Y_2019,,1135.8,SCSC,MP,Mound Prairie SNA,East,939,43.45996,-91.25462,Prairie-Forest Border
HPC1105,KWDTRS1Y_2018,KWDSCSCY_2018,Yes,Yes,Y_2018,40.95,1074.1,SCSC,KWD,Kellogg Weaver Dunes,East,892,44.1548645,-91.55963,Prairie-Forest Border
HPC1108,KWDTRS2Y_2018,KWDSCSCY_2018,Yes,Yes,Y_2018,40.95,1074.1,SCSC,KWD,Kellogg Weaver Dunes,East,892,44.1548665,-91.55963,Prairie-Forest Border
HPC1109,KWDTRS2Y_2018,KWDSCSCY_2018,Yes,Yes,Y_2018,40.95,1074.1,SCSC,KWD,Kellogg Weaver Dunes,East,892,44.154865,-91.55963,Prairie-Forest Border
HPC1110,KWDTRS2Y_2018,KWDSCSCY_2018,Yes,Yes,Y_2018,40.95,1074.1,SCSC,KWD,Kellogg Weaver Dunes,East,892,44.1548673,-91.55963,Prairie-Forest Border
HPC1111,KWDTRS3Y_2018,KWDSCSCY_2018,Yes,Yes,Y_2018,40.95,1074.1,SCSC,KWD,Kellogg Weaver Dunes,East,892,44.1548679,-91.55963,Prairie-Forest Border
HPC1112,KWDTRS3Y_2018,KWDSCSCY_2018,Yes,Yes,Y_2018,40.95,1074.1,SCSC,KWD,Kellogg Weaver Dunes,East,892,44.1548656,-91.55963,Prairie-Forest Border
HPC1113,KWDTRS3Y_2018,KWDSCSCY_2018,Yes,Yes,Y_2018,40.95,1074.1,SCSC,KWD,Kellogg Weaver Dunes,East,892,44.15486,-91.55963,Prairie-Forest Border
HPC1114,KWDTRS3Y_2018,KWDSCSCY_2018,Yes,Yes,Y_2018,40.95,1074.1,SCSC,KWD,Kellogg Weaver Dunes,East,892,44.1548632,-91.55963,Prairie-Forest Border
HPC1115,KWDTRS3Y_2018,KWDSCSCY_2018,Yes,Yes,Y_2018,40.95,1074.1,SCSC,KWD,Kellogg Weaver Dunes,East,892,44.1548642,-91.55963,Prairie-Forest Border
HPC1116,KWDTRS4Y_2018,KWDSCSCY_2018,Yes,Yes,Y_2018,40.95,1074.1,SCSC,KWD,Kellogg Weaver Dunes,East,892,44.1548645,-91.55963,Prairie-Forest Border
HPC1117,KWDTRS4Y_2018,KWDSCSCY_2018,Yes,Yes,Y_2018,40.95,1074.1,SCSC,KWD,Kellogg Weaver Dunes,East,892,44.1548653,-91.55963,Prairie-Forest Border
HPC1118,KWDTRS4Y_2018,KWDSCSCY_2018,Yes,Yes,Y_2018,40.95,1074.1,SCSC,KWD,Kellogg Weaver Dunes,East,892,44.1548642,-91.55963,Prairie-Forest Border
HPC1119,KWDTRS4Y_2018,KWDSCSCY_2018,Yes,Yes,Y_2018,40.95,1074.1,SCSC,KWD,Kellogg Weaver Dunes,East,892,44.1548624,-91.55963,Prairie-Forest Border
HPC1120,KWDTRS4Y_2018,KWDSCSCY_2018,Yes,Yes,Y_2018,40.95,1074.1,SCSC,KWD,Kellogg Weaver Dunes,East,892,44.15486,-91.5596359,Prairie-Forest Border
HPC1142,KWDY_2018,KWDCornY_2018,Yes,Yes,Y_2018,40.95,1074.1,Corn,KWD,Kellogg Weaver Dunes,East,892,44.15486,-91.5596349,Prairie-Forest Border
HPC1144,KWDY_2018,KWDCornY_2018,Yes,Yes,Y_2018,40.95,1074.1,Corn,KWD,Kellogg Weaver Dunes,East,892,44.15486,-91.55963,Prairie-Forest Border
HPC1145,KWDY_2018,KWDCornY_2018,Yes,Yes,Y_2018,40.95,1074.1,Corn,KWD,Kellogg Weaver Dunes,East,892,44.15486,-91.55963,Prairie-Forest Border
HPC1147,KWDY_2018,KWDCornY_2018,Yes,Yes,Y_2018,40.95,1074.1,Corn,KWD,Kellogg Weaver Dunes,East,892,44.15486,-91.55963,Prairie-Forest Border
HPC1148,KWDY_2018,KWDCornY_2018,Yes,Yes,Y_2018,40.95,1074.1,Corn,KWD,Kellogg Weaver Dunes,East,892,44.15486,-91.55963,Prairie-Forest Border
HPC1149,KWDY_2018,KWDCornY_2018,Yes,Yes,Y_2018,40.95,1074.1,Corn,KWD,Kellogg Weaver Dunes,East,892,44.15486,-91.55963,Prairie-Forest Border
HPC1153,KWDY_2018,KWDCornY_2018,Yes,Yes,Y_2018,40.95,1074.1,Corn,KWD,Kellogg Weaver Dunes,East,892,44.15486,-91.55963,Prairie-Forest Border
HPC1154,KWDY_2018,KWDCornY_2018,Yes,Yes,Y_2018,40.95,1074.1,Corn,KWD,Kellogg Weaver Dunes,East,892,44.15486,-91.55963,Prairie-Forest Border
HPC1155,KWDY_2018,KWDCornY_2018,Yes,Yes,Y_2018,40.95,1074.1,Corn,KWD,Kellogg Weaver Dunes,East,892,44.15486,-91.55963,Prairie-Forest Border
HPC1158,KWDY_2018,KWDCornY_2018,Yes,Yes,Y_2018,40.95,1074.1,Corn,KWD,Kellogg Weaver Dunes,East,892,44.15486,-91.55963,Prairie-Forest Border
HPC1159,KWDY_2018,KWDCornY_2018,Yes,Yes,Y_2018,40.95,1074.1,Corn,KWD,Kellogg Weaver Dunes,East,892,44.15486,-91.55963,Prairie-Forest Border
HPC1160,KWDY_2018,KWDCornY_2018,Yes,Yes,Y_2018,40.95,1074.1,Corn,KWD,Kellogg Weaver Dunes,East,892,44.15486,-91.55963,Prairie-Forest Border
HPC1552,KWDTRS1Y_2019,KWDSCSCY_2019,Yes,No,Y_2019,46.8,1213.8,SCSC,KWD,Kellogg Weaver Dunes,East,892,44.15486,-91.55963,Prairie-Forest Border
HPC1553,KWDTRS1Y_2019,KWDSCSCY_2019,Yes,No,Y_2019,46.8,1213.8,SCSC,KWD,Kellogg Weaver Dunes,East,892,44.15486,-91.55963,Prairie-Forest Border
HPC1555,KWDTRS1Y_2019,KWDSCSCY_2019,Yes,No,Y_2019,46.8,1213.8,SCSC,KWD,Kellogg Weaver Dunes,East,892,44.15486,-91.55963,Prairie-Forest Border
HPC1556,KWDTRS2Y_2019,KWDSCSCY_2019,Yes,No,Y_2019,46.8,1213.8,SCSC,KWD,Kellogg Weaver Dunes,East,892,44.15486,-91.55963,Prairie-Forest Border
HPC1560,KWDTRS2Y_2019,KWDSCSCY_2019,Yes,No,Y_2019,46.8,1213.8,SCSC,KWD,Kellogg Weaver Dunes,East,892,44.15486,-91.55963,Prairie-Forest Border
HPC1561,KWDTRS3Y_2019,KWDSCSCY_2019,Yes,No,Y_2019,46.8,1213.8,SCSC,KWD,Kellogg Weaver Dunes,East,892,44.15486,-91.55963,Prairie-Forest Border
HPC1563,KWDTRS3Y_2019,KWDSCSCY_2019,Yes,No,Y_2019,46.8,1213.8,SCSC,KWD,Kellogg Weaver Dunes,East,892,44.15486,-91.55963,Prairie-Forest Border
HPC1564,KWDTRS3Y_2019,KWDSCSCY_2019,Yes,No,Y_2019,46.8,1213.8,SCSC,KWD,Kellogg Weaver Dunes,East,892,44.15486,-91.55963,Prairie-Forest Border
HPC1565,KWDTRS3Y_2019,KWDSCSCY_2019,Yes,No,Y_2019,46.8,1213.8,SCSC,KWD,Kellogg Weaver Dunes,East,892,44.15486,-91.55963,Prairie-Forest Border
HPC1567,KWDTRS4Y_2019,KWDSCSCY_2019,Yes,No,Y_2019,46.8,1213.8,SCSC,KWD,Kellogg Weaver Dunes,East,892,44.15486,-91.55963,Prairie-Forest Border
HPC1568,KWDTRS4Y_2019,KWDSCSCY_2019,Yes,No,Y_2019,46.8,1213.8,SCSC,KWD,Kellogg Weaver Dunes,East,892,44.15486,-91.55963,Prairie-Forest Border
HPC1569,KWDTRS4Y_2019,KWDSCSCY_2019,Yes,No,Y_2019,46.8,1213.8,SCSC,KWD,Kellogg Weaver Dunes,East,892,44.15486,-91.55963,Prairie-Forest Border
HPC1570,KWDTRS4Y_2019,KWDSCSCY_2019,Yes,No,Y_2019,46.8,1213.8,SCSC,KWD,Kellogg Weaver Dunes,East,892,44.15486,-91.55963,Prairie-Forest Border
HPC1571,KWDTRS5Y_2019,KWDSCSCY_2019,Yes,No,Y_2019,46.8,1213.8,SCSC,KWD,Kellogg Weaver Dunes,East,892,44.15486,-91.55963,Prairie-Forest Border
HPC1572,KWDTRS5Y_2019,KWDSCSCY_2019,Yes,No,Y_2019,46.8,1213.8,SCSC,KWD,Kellogg Weaver Dunes,East,892,44.15486,-91.55963,Prairie-Forest Border
HPC1573,KWDTRS5Y_2019,KWDSCSCY_2019,Yes,No,Y_2019,46.8,1213.8,SCSC,KWD,Kellogg Weaver Dunes,East,892,44.15486,-91.55963,Prairie-Forest Border
HPC1574,KWDTRS5Y_2019,KWDSCSCY_2019,Yes,No,Y_2019,46.8,1213.8,SCSC,KWD,Kellogg Weaver Dunes,East,892,44.15486,-91.55963,Prairie-Forest Border
HPC1576,KWDTRS6Y_2019,KWDSCSCY_2019,Yes,No,Y_2019,46.8,1213.8,SCSC,KWD,Kellogg Weaver Dunes,East,892,44.15486,-91.55963,Prairie-Forest Border
HPC1577,KWDTRS6Y_2019,KWDSCSCY_2019,Yes,No,Y_2019,46.8,1213.8,SCSC,KWD,Kellogg Weaver Dunes,East,892,44.15486,-91.55963,Prairie-Forest Border
HPC1578,KWDTRS6Y_2019,KWDSCSCY_2019,Yes,No,Y_2019,46.8,1213.8,SCSC,KWD,Kellogg Weaver Dunes,East,892,44.15486,-91.55963,Prairie-Forest Border
HPC1579,KWDTRS6Y_2019,KWDSCSCY_2019,Yes,No,Y_2019,46.8,1213.8,SCSC,KWD,Kellogg Weaver Dunes,East,892,44.15486,-91.55963,Prairie-Forest Border
HPC1580,KWDTRS6Y_2019,KWDSCSCY_2019,Yes,No,Y_2019,46.8,1213.8,SCSC,KWD,Kellogg Weaver Dunes,East,892,44.15486,-91.55963,Prairie-Forest Border
HPC1108KNZ,KWDTRS2Y_2018,KWDSCSCY_2018,Yes,Yes,Y_2018,40.3,1074.1,SCSC,KWD,Kellogg Weaver Dunes,East,892,44.15486,-91.55963,Prairie-Forest Border
HPC1181,HSCY_2018,HSCSCSCY_2018,Yes,Yes,Y_2018,33.52,851.9,SCSC,HSC,Hasting Sand Coulee ,East,850,44.424283e,-92.49619,Prairie-Forest Border
HPC1183,HSCTRS1Y_2018,HSCSCSCY_2018,Yes,Yes,Y_2018,33.52,851.9,SCSC,HSC,Hasting Sand Coulee ,East,850,44.4242847,-92.496194,Prairie-Forest Border
HPC1185,HSCTRS1Y_2018,HSCSCSCY_2018,Yes,Yes,Y_2018,33.52,851.9,SCSC,HSC,Hasting Sand Coulee ,East,850,44.4242859,-92.49619,Prairie-Forest Border
HPC1186,HSCTRS2Y_2018,HSCSCSCY_2018,Yes,Yes,Y_2018,33.52,851.9,SCSC,HSC,Hasting Sand Coulee ,East,850,44.4242809,-92.496195,Prairie-Forest Border
HPC1187,HSCTRS2Y_2018,HSCSCSCY_2018,Yes,Yes,Y_2018,33.52,851.9,SCSC,HSC,Hasting Sand Coulee ,East,850,44.4242838,-92.49619,Prairie-Forest Border
HPC1188,HSCTRS2Y_2018,HSCSCSCY_2018,Yes,Yes,Y_2018,33.52,851.9,SCSC,HSC,Hasting Sand Coulee ,East,850,44.4242843,-92.496196,Prairie-Forest Border
HPC1189,HSCTRS2Y_2018,HSCSCSCY_2018,Yes,Yes,Y_2018,33.52,851.9,SCSC,HSC,Hasting Sand Coulee ,East,850,44.4242825,-92.4961936,Prairie-Forest Border
HPC1190,HSCTRS2Y_2018,HSCSCSCY_2018,Yes,Yes,Y_2018,33.52,851.9,SCSC,HSC,Hasting Sand Coulee ,East,850,44.4242836,-92.49619,Prairie-Forest Border
HPC1191,HSCTRS3Y_2018,HSCSCSCY_2018,Yes,Yes,Y_2018,33.52,851.9,SCSC,HSC,Hasting Sand Coulee ,East,850,44.4242847,-92.49619,Prairie-Forest Border
HPC1192,HSCTRS3Y_2018,HSCSCSCY_2018,Yes,Yes,Y_2018,33.52,851.9,SCSC,HSC,Hasting Sand Coulee ,East,850,44.424287,-92.49619,Prairie-Forest Border
HPC1193,HSCTRS3Y_2018,HSCSCSCY_2018,Yes,Yes,Y_2018,33.52,851.9,SCSC,HSC,Hasting Sand Coulee ,East,850,44.4242845,-92.49619,Prairie-Forest Border
HPC1194,HSCTRS3Y_2018,HSCSCSCY_2018,Yes,Yes,Y_2018,33.52,851.9,SCSC,HSC,Hasting Sand Coulee ,East,850,44.4242838,-92.49619,Prairie-Forest Border
HPC1196,HSCTRS4Y_2018,HSCSCSCY_2018,Yes,Yes,Y_2018,33.52,851.9,SCSC,HSC,Hasting Sand Coulee ,East,850,44.4242829,-92.4961958,Prairie-Forest Border
HPC1197,HSCTRS4Y_2018,HSCSCSCY_2018,Yes,Yes,Y_2018,33.52,851.9,SCSC,HSC,Hasting Sand Coulee ,East,850,44.4242838,-92.4961922,Prairie-Forest Border
HPC1198,HSCTRS4Y_2018,HSCSCSCY_2018,Yes,Yes,Y_2018,33.52,851.9,SCSC,HSC,Hasting Sand Coulee ,East,850,44.4242843,-92.4961925,Prairie-Forest Border
HPC1199,HSCTRS4Y_2018,HSCSCSCY_2018,Yes,Yes,Y_2018,33.52,851.9,SCSC,HSC,Hasting Sand Coulee ,East,850,44.4242825,-92.4961948,Prairie-Forest Border
HPC1200,HSCTRS4Y_2018,HSCSCSCY_2018,Yes,Yes,Y_2018,33.52,851.9,SCSC,HSC,Hasting Sand Coulee ,East,850,44.42428,-92.4961947,Prairie-Forest Border
HPC1232,HSCY_2018,HSCCornY_2018,Yes,Yes,Y_2018,33.52,851.9,Corn,HSC,Hasting Sand Coulee ,East,850,44.42428,-92.49619,Prairie-Forest Border
HPC1642,HSCTRS1Y_2019,HSCSCSCY_2019,Yes,No,Y_2019,40.3,1109.5,SCSC,HSC,Hasting Sand Coulee ,East,850,44.42428,-92.49619,Prairie-Forest Border
HPC1643,HSCTRS1Y_2019,HSCSCSCY_2019,Yes,No,Y_2019,40.3,1109.5,SCSC,HSC,Hasting Sand Coulee ,East,850,44.42428,-92.49619,Prairie-Forest Border
HPC1645,HSCTRS1Y_2019,HSCSCSCY_2019,Yes,No,Y_2019,40.3,1109.5,SCSC,HSC,Hasting Sand Coulee ,East,850,44.42428,-92.49619,Prairie-Forest Border
HPC1648,HSCTRS2Y_2019,HSCSCSCY_2019,Yes,No,Y_2019,40.3,1109.5,SCSC,HSC,Hasting Sand Coulee ,East,850,44.42428,-92.49619,Prairie-Forest Border
HPC1649,HSCTRS2Y_2019,HSCSCSCY_2019,Yes,No,Y_2019,40.3,1109.5,SCSC,HSC,Hasting Sand Coulee ,East,850,44.42428,-92.49619,Prairie-Forest Border
HPC1650,HSCTRS2Y_2019,HSCSCSCY_2019,Yes,No,Y_2019,40.3,1109.5,SCSC,HSC,Hasting Sand Coulee ,East,850,44.42428,-92.49619,Prairie-Forest Border
HPC1651,HSCTRS3Y_2019,HSCSCSCY_2019,Yes,No,Y_2019,40.3,1109.5,SCSC,HSC,Hasting Sand Coulee ,East,850,44.42428,-92.49619,Prairie-Forest Border
HPC1652,HSCTRS3Y_2019,HSCSCSCY_2019,Yes,No,Y_2019,40.3,1109.5,SCSC,HSC,Hasting Sand Coulee ,East,850,44.42428,-92.49619,Prairie-Forest Border
HPC1654,HSCTRS3Y_2019,HSCSCSCY_2019,Yes,No,Y_2019,40.3,1109.5,SCSC,HSC,Hasting Sand Coulee ,East,850,44.42428,-92.49619,Prairie-Forest Border
HPC1655,HSCTRS3Y_2019,HSCSCSCY_2019,Yes,No,Y_2019,40.3,1109.5,SCSC,HSC,Hasting Sand Coulee ,East,850,44.42428,-92.49619,Prairie-Forest Border
HPC1657,HSCTRS4Y_2019,HSCSCSCY_2019,Yes,No,Y_2019,40.3,1109.5,SCSC,HSC,Hasting Sand Coulee ,East,850,44.42428,-92.49619,Prairie-Forest Border
HPC1661,HSCTRS5Y_2019,HSCSCSCY_2019,Yes,No,Y_2019,40.3,1109.5,SCSC,HSC,Hasting Sand Coulee ,East,850,44.42428,-92.49619,Prairie-Forest Border
HPC1662,HSCTRS5Y_2019,HSCSCSCY_2019,Yes,No,Y_2019,40.3,1109.5,SCSC,HSC,Hasting Sand Coulee ,East,850,44.42428,-92.49619,Prairie-Forest Border
HPC1663,HSCTRS5Y_2019,HSCSCSCY_2019,Yes,No,Y_2019,40.3,1109.5,SCSC,HSC,Hasting Sand Coulee ,East,850,44.42428,-92.49619,Prairie-Forest Border
HPC1664,HSCTRS5Y_2019,HSCSCSCY_2019,Yes,No,Y_2019,40.3,1109.5,SCSC,HSC,Hasting Sand Coulee ,East,850,44.42428,-92.49619,Prairie-Forest Border
HPC1665,HSCTRS5Y_2019,HSCSCSCY_2019,Yes,No,Y_2019,40.3,1109.5,SCSC,HSC,Hasting Sand Coulee ,East,850,44.42428,-92.49619,Prairie-Forest Border
HPC1667,HSCTRS6Y_2019,HSCSCSCY_2019,Yes,No,Y_2019,40.3,1109.5,SCSC,HSC,Hasting Sand Coulee ,East,850,44.42428,-92.49619,Prairie-Forest Border
HPC1668,HSCTRS6Y_2019,HSCSCSCY_2019,Yes,No,Y_2019,40.3,1109.5,SCSC,HSC,Hasting Sand Coulee ,East,850,44.42428,-92.49619,Prairie-Forest Border
HPC1669,HSCTRS6Y_2019,HSCSCSCY_2019,Yes,No,Y_2019,40.3,1109.5,SCSC,HSC,Hasting Sand Coulee ,East,850,44.42428,-92.49619,Prairie-Forest Border
HPC1662KNZ,HSCTRS5Y_2019,HSCSCSCY_2019,Yes,No,Y_2019,,1109.5,SCSC,HSC,Hasting Sand Coulee ,East,850,44.42428,-92.49619,Prairie-Forest Border
HPC1671,KNZKNZ1-1Y_2020,KNZSCSCY_2020,No,No,Y_2020,828,828,SCSC,KNZ,Konza Prairie,West,835,39.076272,-96.592229,Northern Tallgrass Prairie
HPC1672,KNZKNZ1-1Y_2020,KNZSCSCY_2020,No,No,Y_2020,828,828,SCSC,KNZ,Konza Prairie,West,835,39.076272,-96.592229,Northern Tallgrass Prairie
HPC1673,KNZKNZ1-1Y_2020,KNZSCSCY_2020,No,No,Y_2020,828,828,SCSC,KNZ,Konza Prairie,West,835,39.076272,-96.592229,Northern Tallgrass Prairie
HPC1674,KNZKNZ1-1Y_2020,KNZSCSCY_2020,No,No,Y_2020,828,828,SCSC,KNZ,Konza Prairie,West,835,39.076272,-96.592229,Northern Tallgrass Prairie
HPC1675,KNZKNZ1-1Y_2020,KNZSCSCY_2020,No,No,Y_2020,828,828,SCSC,KNZ,Konza Prairie,West,835,39.076272,-96.592229,Northern Tallgrass Prairie
HPC1676,KNZKNZ1-2Y_2020,KNZSCSCY_2020,No,No,Y_2020,828,828,SCSC,KNZ,Konza Prairie,West,835,39.076272,-96.592229,Northern Tallgrass Prairie
HPC1677,KNZKNZ1-2Y_2020,KNZSCSCY_2020,No,No,Y_2020,828,828,SCSC,KNZ,Konza Prairie,West,835,39.076272,-96.592229,Northern Tallgrass Prairie
HPC1678,KNZKNZ1-2Y_2020,KNZSCSCY_2020,No,No,Y_2020,828,828,SCSC,KNZ,Konza Prairie,West,835,39.076272,-96.592229,Northern Tallgrass Prairie
HPC1679,KNZKNZ1-2Y_2020,KNZSCSCY_2020,No,No,Y_2020,828,828,SCSC,KNZ,Konza Prairie,West,835,39.076272,-96.592229,Northern Tallgrass Prairie
HPC1680,KNZKNZ1-2Y_2020,KNZSCSCY_2020,No,No,Y_2020,828,828,SCSC,KNZ,Konza Prairie,West,835,39.076272,-96.592229,Northern Tallgrass Prairie
HPC1681,KNZKNZ1-3Y_2020,KNZSCSCY_2020,No,No,Y_2020,828,828,SCSC,KNZ,Konza Prairie,West,835,39.076272,-96.592229,Northern Tallgrass Prairie
HPC1682,KNZKNZ1-3Y_2020,KNZSCSCY_2020,No,No,Y_2020,828,828,SCSC,KNZ,Konza Prairie,West,835,39.076272,-96.592229,Northern Tallgrass Prairie
HPC1683,KNZKNZ1-3Y_2020,KNZSCSCY_2020,No,No,Y_2020,828,828,SCSC,KNZ,Konza Prairie,West,835,39.076272,-96.592229,Northern Tallgrass Prairie
HPC1684,KNZKNZ1-3Y_2020,KNZSCSCY_2020,No,No,Y_2020,828,828,SCSC,KNZ,Konza Prairie,West,835,39.076272,-96.592229,Northern Tallgrass Prairie
HPC1685,KNZKNZ1-3Y_2020,KNZSCSCY_2020,No,No,Y_2020,828,828,SCSC,KNZ,Konza Prairie,West,835,39.076272,-96.592229,Northern Tallgrass Prairie
HPC1686,KNZKNZ1-4Y_2020,KNZSCSCY_2020,No,No,Y_2020,828,828,SCSC,KNZ,Konza Prairie,West,835,39.076272,-96.592229,Northern Tallgrass Prairie
HPC1687,KNZKNZ1-4Y_2020,KNZSCSCY_2020,No,No,Y_2020,828,828,SCSC,KNZ,Konza Prairie,West,835,39.076272,-96.592229,Northern Tallgrass Prairie
HPC1688,KNZKNZ1-4Y_2020,KNZSCSCY_2020,No,No,Y_2020,828,828,SCSC,KNZ,Konza Prairie,West,835,39.076272,-96.592229,Northern Tallgrass Prairie
HPC1689,KNZKNZ1-4Y_2020,KNZSCSCY_2020,No,No,Y_2020,828,828,SCSC,KNZ,Konza Prairie,West,835,39.076272,-96.592229,Northern Tallgrass Prairie
HPC1690,KNZKNZ1-4Y_2020,KNZSCSCY_2020,No,No,Y_2020,828,828,SCSC,KNZ,Konza Prairie,West,835,39.076272,-96.592229,Northern Tallgrass Prairie
HPC1691,KNZKNZ2-1Y_2020,KNZSCSCY_2020,No,No,Y_2020,828,828,SCSC,KNZ,Konza Prairie,West,835,39.076272,-96.592229,Northern Tallgrass Prairie
HPC1693,KNZKNZ2-1Y_2020,KNZSCSCY_2020,No,No,Y_2020,828,828,SCSC,KNZ,Konza Prairie,West,835,39.076272,-96.592229,Northern Tallgrass Prairie
HPC1694,KNZKNZ2-1Y_2020,KNZSCSCY_2020,No,No,Y_2020,828,828,SCSC,KNZ,Konza Prairie,West,835,39.076272,-96.592229,Northern Tallgrass Prairie
HPC1695,KNZKNZ2-1Y_2020,KNZSCSCY_2020,No,No,Y_2020,828,828,SCSC,KNZ,Konza Prairie,West,835,39.076272,-96.592229,Northern Tallgrass Prairie
HPC1696,KNZKNZ2-2Y_2020,KNZSCSCY_2020,No,No,Y_2020,828,828,SCSC,KNZ,Konza Prairie,West,835,39.076272,-96.592229,Northern Tallgrass Prairie
HPC1697,KNZKNZ2-2Y_2020,KNZSCSCY_2020,No,No,Y_2020,828,828,SCSC,KNZ,Konza Prairie,West,835,39.076272,-96.592229,Northern Tallgrass Prairie
HPC16971,KNZKNZ2-2Y_2020,KNZSCSCY_2020,No,No,Y_2020,828,828,SCSC,KNZ,Konza Prairie,West,835,39.076272,-96.592229,Northern Tallgrass Prairie
HPC1698,KNZKNZ2-2Y_2020,KNZSCSCY_2020,No,No,Y_2020,828,828,SCSC,KNZ,Konza Prairie,West,835,39.076272,-96.592229,Northern Tallgrass Prairie
HPC1699,KNZKNZ2-2Y_2020,KNZSCSCY_2020,No,No,Y_2020,828,828,SCSC,KNZ,Konza Prairie,West,835,39.076272,-96.592229,Northern Tallgrass Prairie
HPC1700,KNZKNZ2-2Y_2020,KNZSCSCY_2020,No,No,Y_2020,828,828,SCSC,KNZ,Konza Prairie,West,835,39.076272,-96.592229,Northern Tallgrass Prairie
HPC1701,KNZKNZ2-3Y_2020,KNZSCSCY_2020,No,No,Y_2020,828,828,SCSC,KNZ,Konza Prairie,West,835,39.076272,-96.592229,Northern Tallgrass Prairie
HPC1702,KNZKNZ2-3Y_2020,KNZSCSCY_2020,No,No,Y_2020,828,828,SCSC,KNZ,Konza Prairie,West,835,39.076272,-96.592229,Northern Tallgrass Prairie
HPC1703,KNZKNZ2-3Y_2020,KNZSCSCY_2020,No,No,Y_2020,828,828,SCSC,KNZ,Konza Prairie,West,835,39.076272,-96.592229,Northern Tallgrass Prairie
HPC1704,KNZKNZ2-3Y_2020,KNZSCSCY_2020,No,No,Y_2020,828,828,SCSC,KNZ,Konza Prairie,West,835,39.076272,-96.592229,Northern Tallgrass Prairie
HPC1705,KNZKNZ2-3Y_2020,KNZSCSCY_2020,No,No,Y_2020,828,828,SCSC,KNZ,Konza Prairie,West,835,39.076272,-96.592229,Northern Tallgrass Prairie
HPC1706,KNZKNZ2-4Y_2020,KNZSCSCY_2020,No,No,Y_2020,828,828,SCSC,KNZ,Konza Prairie,West,835,39.076272,-96.592229,Northern Tallgrass Prairie
HPC1707,KNZKNZ2-4Y_2020,KNZSCSCY_2020,No,No,Y_2020,828,828,SCSC,KNZ,Konza Prairie,West,835,39.076272,-96.592229,Northern Tallgrass Prairie
HPC1708,KNZKNZ2-4Y_2020,KNZSCSCY_2020,No,No,Y_2020,828,828,SCSC,KNZ,Konza Prairie,West,835,39.076272,-96.592229,Northern Tallgrass Prairie
HPC1709,KNZKNZ2-4Y_2020,KNZSCSCY_2020,No,No,Y_2020,828,828,SCSC,KNZ,Konza Prairie,West,835,39.076272,-96.592229,Northern Tallgrass Prairie
HPC1710,KNZKNZ2-4Y_2020,KNZSCSCY_2020,No,No,Y_2020,828,828,SCSC,KNZ,Konza Prairie,West,835,39.076272,-96.592229,Northern Tallgrass Prairie
HPC1711,KNZKNZ3-1Y_2020,KNZSCSCY_2020,No,No,Y_2020,828,828,SCSC,KNZ,Konza Prairie,West,835,39.076272,-96.592229,Northern Tallgrass Prairie
HPC1712,KNZKNZ3-1Y_2020,KNZSCSCY_2020,No,No,Y_2020,828,828,SCSC,KNZ,Konza Prairie,West,835,39.076272,-96.592229,Northern Tallgrass Prairie
HPC1713,KNZKNZ3-1Y_2020,KNZSCSCY_2020,No,No,Y_2020,828,828,SCSC,KNZ,Konza Prairie,West,835,39.076272,-96.592229,Northern Tallgrass Prairie
HPC1714,KNZKNZ3-1Y_2020,KNZSCSCY_2020,No,No,Y_2020,828,828,SCSC,KNZ,Konza Prairie,West,835,39.076272,-96.592229,Northern Tallgrass Prairie
HPC1715,KNZKNZ3-1Y_2020,KNZSCSCY_2020,No,No,Y_2020,828,828,SCSC,KNZ,Konza Prairie,West,835,39.076272,-96.592229,Northern Tallgrass Prairie
HPC1716,KNZKNZ3-2Y_2020,KNZSCSCY_2020,No,No,Y_2020,828,828,SCSC,KNZ,Konza Prairie,West,835,39.076272,-96.592229,Northern Tallgrass Prairie
HPC1717,KNZKNZ3-2Y_2020,KNZSCSCY_2020,No,No,Y_2020,828,828,SCSC,KNZ,Konza Prairie,West,835,39.076272,-96.592229,Northern Tallgrass Prairie
HPC1718,KNZKNZ3-2Y_2020,KNZSCSCY_2020,No,No,Y_2020,828,828,SCSC,KNZ,Konza Prairie,West,835,39.076272,-96.592229,Northern Tallgrass Prairie
HPC1719,KNZKNZ3-2Y_2020,KNZSCSCY_2020,No,No,Y_2020,828,828,SCSC,KNZ,Konza Prairie,West,835,39.076272,-96.592229,Northern Tallgrass Prairie
HPC1720,KNZKNZ3-2Y_2020,KNZSCSCY_2020,No,No,Y_2020,828,828,SCSC,KNZ,Konza Prairie,West,835,39.076272,-96.592229,Northern Tallgrass Prairie
HPC17201,KNZKNZ3-2Y_2020,KNZSCSCY_2020,No,No,Y_2020,828,828,SCSC,KNZ,Konza Prairie,West,835,39.076272,-96.592229,Northern Tallgrass Prairie
HPC1721,KNZKNZ3-3Y_2020,KNZSCSCY_2020,No,No,Y_2020,828,828,SCSC,KNZ,Konza Prairie,West,835,39.076272,-96.592229,Northern Tallgrass Prairie
HPC1722,KNZKNZ3-3Y_2020,KNZSCSCY_2020,No,No,Y_2020,828,828,SCSC,KNZ,Konza Prairie,West,835,39.076272,-96.592229,Northern Tallgrass Prairie
HPC1723,KNZKNZ3-3Y_2020,KNZSCSCY_2020,No,No,Y_2020,828,828,SCSC,KNZ,Konza Prairie,West,835,39.076272,-96.592229,Northern Tallgrass Prairie
HPC1724,KNZKNZ3-3Y_2020,KNZSCSCY_2020,No,No,Y_2020,828,828,SCSC,KNZ,Konza Prairie,West,835,39.076272,-96.592229,Northern Tallgrass Prairie
HPC1725,KNZKNZ3-3Y_2020,KNZSCSCY_2020,No,No,Y_2020,828,828,SCSC,KNZ,Konza Prairie,West,835,39.076272,-96.592229,Northern Tallgrass Prairie
HPC1726,KNZKNZ3-4Y_2020,KNZSCSCY_2020,No,No,Y_2020,828,828,SCSC,KNZ,Konza Prairie,West,835,39.076272,-96.592229,Northern Tallgrass Prairie
HPC1727,KNZKNZ3-4Y_2020,KNZSCSCY_2020,No,No,Y_2020,828,828,SCSC,KNZ,Konza Prairie,West,835,39.076272,-96.592229,Northern Tallgrass Prairie
HPC1728,KNZKNZ3-4Y_2020,KNZSCSCY_2020,No,No,Y_2020,828,828,SCSC,KNZ,Konza Prairie,West,835,39.076272,-96.592229,Northern Tallgrass Prairie
HPC1729,KNZKNZ3-4Y_2020,KNZSCSCY_2020,No,No,Y_2020,828,828,SCSC,KNZ,Konza Prairie,West,835,39.076272,-96.592229,Northern Tallgrass Prairie
HPC1730,KNZKNZ3-4Y_2020,KNZSCSCY_2020,No,No,Y_2020,828,828,SCSC,KNZ,Konza Prairie,West,835,39.076272,-96.592229,Northern Tallgrass Prairie
HPC1521,RRTRS1Y_2019,RRSCSCY_2019,No,No,Y_2019,,1075,SCSC,RR,Red Rock Prairie,Central,726,44.5151,-95.10196,Northern Tallgrass Prairie
HPC1522,RRTRS1Y_2019,RRSCSCY_2019,No,No,Y_2019,,1075,SCSC,RR,Red Rock Prairie,Central,726,44.5151,-95.10196,Northern Tallgrass Prairie
HPC1524,RRTRS1Y_2019,RRSCSCY_2019,No,No,Y_2019,,1075,SCSC,RR,Red Rock Prairie,Central,726,44.5151,-95.10196,Northern Tallgrass Prairie
HPC1525,RRTRS1Y_2019,RRSCSCY_2019,No,No,Y_2019,,1075,SCSC,RR,Red Rock Prairie,Central,726,44.5151,-95.10196,Northern Tallgrass Prairie
HPC1526,RRTRS2Y_2019,RRSCSCY_2019,No,No,Y_2019,,1075,SCSC,RR,Red Rock Prairie,Central,726,44.5151,-95.10196,Northern Tallgrass Prairie
HPC1527,RRTRS2Y_2019,RRSCSCY_2019,No,No,Y_2019,,1075,SCSC,RR,Red Rock Prairie,Central,726,44.5151,-95.10196,Northern Tallgrass Prairie
HPC1528,RRTRS2Y_2019,RRSCSCY_2019,No,No,Y_2019,,1075,SCSC,RR,Red Rock Prairie,Central,726,44.5151,-95.10196,Northern Tallgrass Prairie
HPC1529,RRTRS2Y_2019,RRSCSCY_2019,No,No,Y_2019,,1075,SCSC,RR,Red Rock Prairie,Central,726,44.5151,-95.10196,Northern Tallgrass Prairie
HPC1531,RRTRS3Y_2019,RRSCSCY_2019,No,No,Y_2019,,1075,SCSC,RR,Red Rock Prairie,Central,726,44.5151,-95.10196,Northern Tallgrass Prairie
HPC1532,RRTRS3Y_2019,RRSCSCY_2019,No,No,Y_2019,,1075,SCSC,RR,Red Rock Prairie,Central,726,44.5151,-95.10196,Northern Tallgrass Prairie
HPC1533,RRTRS3Y_2019,RRSCSCY_2019,No,No,Y_2019,,1075,SCSC,RR,Red Rock Prairie,Central,726,44.5151,-95.10196,Northern Tallgrass Prairie
HPC1534,RRTRS3Y_2019,RRSCSCY_2019,No,No,Y_2019,,1075,SCSC,RR,Red Rock Prairie,Central,726,44.5151,-95.10196,Northern Tallgrass Prairie
HPC1536,RRTRS4Y_2019,RRSCSCY_2019,No,No,Y_2019,,1075,SCSC,RR,Red Rock Prairie,Central,726,44.5151,-95.10196,Northern Tallgrass Prairie
HPC1539,RRTRS4Y_2019,RRSCSCY_2019,No,No,Y_2019,,1075,SCSC,RR,Red Rock Prairie,Central,726,44.5151,-95.10196,Northern Tallgrass Prairie
HPC1540,RRTRS4Y_2019,RRSCSCY_2019,No,No,Y_2019,,1075,SCSC,RR,Red Rock Prairie,Central,726,44.5151,-95.10196,Northern Tallgrass Prairie
HPC1541,RRTRS5Y_2019,RRSCSCY_2019,No,No,Y_2019,,1075,SCSC,RR,Red Rock Prairie,Central,726,44.5151,-95.10196,Northern Tallgrass Prairie
HPC1542,RRTRS5Y_2019,RRSCSCY_2019,No,No,Y_2019,,1075,SCSC,RR,Red Rock Prairie,Central,726,44.5151,-95.10196,Northern Tallgrass Prairie
HPC1544,RRTRS5Y_2019,RRSCSCY_2019,No,No,Y_2019,,1075,SCSC,RR,Red Rock Prairie,Central,726,44.5151,-95.10196,Northern Tallgrass Prairie
HPC1546,RRTRS6Y_2019,RRSCSCY_2019,No,No,Y_2019,,1075,SCSC,RR,Red Rock Prairie,Central,726,44.5151,-95.10196,Northern Tallgrass Prairie
HPC1547,RRTRS6Y_2019,RRSCSCY_2019,No,No,Y_2019,,1075,SCSC,RR,Red Rock Prairie,Central,726,44.5151,-95.10196,Northern Tallgrass Prairie
HPC1549,RRTRS6Y_2019,RRSCSCY_2019,No,No,Y_2019,,1075,SCSC,RR,Red Rock Prairie,Central,726,44.5151,-95.10196,Northern Tallgrass Prairie
HPC1550,RRTRS6Y_2019,RRSCSCY_2019,No,No,Y_2019,,1075,SCSC,RR,Red Rock Prairie,Central,726,44.5151,-95.10196,Northern Tallgrass Prairie
HPC1433,DMRTRS1Y_2019,DMRSCSCY_2019,No,No,Y_2019,,1075,SCSC,DMR,Des Moines River Prairie,Central,704,43.47572,-95.4505,Northern Tallgrass Prairie
HPC1434,DMRTRS1Y_2019,DMRSCSCY_2019,No,No,Y_2019,,1075,SCSC,DMR,Des Moines River Prairie,Central,704,43.47572,-95.4505,Northern Tallgrass Prairie
HPC1436,DMRTRS2Y_2019,DMRSCSCY_2019,No,No,Y_2019,,1075,SCSC,DMR,Des Moines River Prairie,Central,704,43.47572,-95.4505,Northern Tallgrass Prairie
HPC1437,DMRTRS2Y_2019,DMRSCSCY_2019,No,No,Y_2019,,1075,SCSC,DMR,Des Moines River Prairie,Central,704,43.47572,-95.4505,Northern Tallgrass Prairie
HPC1438,DMRTRS2Y_2019,DMRSCSCY_2019,No,No,Y_2019,,1075,SCSC,DMR,Des Moines River Prairie,Central,704,43.47572,-95.450545,Northern Tallgrass Prairie
HPC1440,DMRTRS2Y_2019,DMRSCSCY_2019,No,No,Y_2019,,1075,SCSC,DMR,Des Moines River Prairie,Central,704,43.47572,-95.450542,Northern Tallgrass Prairie
HPC1441,DMRTRS3Y_2019,DMRSCSCY_2019,No,No,Y_2019,,1075,SCSC,DMR,Des Moines River Prairie,Central,704,43.47572,-95.450545,Northern Tallgrass Prairie
HPC1442,DMRTRS3Y_2019,DMRSCSCY_2019,No,No,Y_2019,,1075,SCSC,DMR,Des Moines River Prairie,Central,704,43.475742,-95.4505,Northern Tallgrass Prairie
HPC1443,DMRTRS3Y_2019,DMRSCSCY_2019,No,No,Y_2019,,1075,SCSC,DMR,Des Moines River Prairie,Central,704,43.47572,-95.4505,Northern Tallgrass Prairie
HPC1444,DMRTRS3Y_2019,DMRSCSCY_2019,No,No,Y_2019,,1075,SCSC,DMR,Des Moines River Prairie,Central,704,43.47572,-95.4505,Northern Tallgrass Prairie
HPC1446,DMRTRS4Y_2019,DMRSCSCY_2019,No,No,Y_2019,,1075,SCSC,DMR,Des Moines River Prairie,Central,704,43.475742,-95.4505,Northern Tallgrass Prairie
HPC1447,DMRTRS4Y_2019,DMRSCSCY_2019,No,No,Y_2019,,1075,SCSC,DMR,Des Moines River Prairie,Central,704,43.47572,-95.4505,Northern Tallgrass Prairie
HPC1448,DMRTRS4Y_2019,DMRSCSCY_2019,No,No,Y_2019,,1075,SCSC,DMR,Des Moines River Prairie,Central,704,43.47572,-95.4505,Northern Tallgrass Prairie
HPC1449,DMRTRS4Y_2019,DMRSCSCY_2019,No,No,Y_2019,,1075,SCSC,DMR,Des Moines River Prairie,Central,704,43.475742,-95.4505,Northern Tallgrass Prairie
HPC1452,DMRTRS5Y_2019,DMRSCSCY_2019,No,No,Y_2019,,1075,SCSC,DMR,Des Moines River Prairie,Central,704,43.47572,-95.4505,Northern Tallgrass Prairie
HPC1453,DMRTRS5Y_2019,DMRSCSCY_2019,No,No,Y_2019,,1075,SCSC,DMR,Des Moines River Prairie,Central,704,43.47572,-95.4505,Northern Tallgrass Prairie
HPC1454,DMRTRS5Y_2019,DMRSCSCY_2019,No,No,Y_2019,,1075,SCSC,DMR,Des Moines River Prairie,Central,704,43.47572,-95.4505,Northern Tallgrass Prairie
HPC1455,DMRTRS5Y_2019,DMRSCSCY_2019,No,No,Y_2019,,1075,SCSC,DMR,Des Moines River Prairie,Central,704,43.47572,-95.4505,Northern Tallgrass Prairie
HPC1456,DMRTRS6Y_2019,DMRSCSCY_2019,No,No,Y_2019,,1075,SCSC,DMR,Des Moines River Prairie,Central,704,43.47572,-95.4505,Northern Tallgrass Prairie
HPC1457,DMRTRS6Y_2019,DMRSCSCY_2019,No,No,Y_2019,,1075,SCSC,DMR,Des Moines River Prairie,Central,704,43.47572,-95.4505,Northern Tallgrass Prairie
HPC1458,DMRTRS6Y_2019,DMRSCSCY_2019,No,No,Y_2019,,1075,SCSC,DMR,Des Moines River Prairie,Central,704,43.47572,-95.4505,Northern Tallgrass Prairie
HPC1459,DMRTRS6Y_2019,DMRSCSCY_2019,No,No,Y_2019,,1075,SCSC,DMR,Des Moines River Prairie,Central,704,43.47572,-95.4505,Northern Tallgrass Prairie
HPC1460,DMRTRS6Y_2019,DMRSCSCY_2019,No,No,Y_2019,,1075,SCSC,DMR,Des Moines River Prairie,Central,704,43.47572,-95.4505,Northern Tallgrass Prairie
HPC1341,CWRTRS1Y_2018,CWRSCSCY_2018,Yes,Yes,Y_2018,45.1,1008.3,SCSC,CWR,Cottonwood River SNA,Central,699,44.1214157,-95.06171,Northern Tallgrass Prairie
HPC1342,CWRTRS1Y_2018,CWRSCSCY_2018,Yes,Yes,Y_2018,45.1,1008.3,SCSC,CWR,Cottonwood River SNA,Central,699,44.1214159,-95.06171,Northern Tallgrass Prairie
HPC1343,CWRTRS1Y_2018,CWRSCSCY_2018,Yes,Yes,Y_2018,45.1,1008.3,SCSC,CWR,Cottonwood River SNA,Central,699,44.121409,-95.06171,Northern Tallgrass Prairie
HPC1344,CWRTRS1Y_2018,CWRSCSCY_2018,Yes,Yes,Y_2018,45.1,1008.3,SCSC,CWR,Cottonwood River SNA,Central,699,44.121418,-95.06171,Northern Tallgrass Prairie
HPC1345,CWRTRS1Y_2018,CWRSCSCY_2018,Yes,Yes,Y_2018,45.1,1008.3,SCSC,CWR,Cottonwood River SNA,Central,699,44.1214165,-95.06171,Northern Tallgrass Prairie
HPC1349,CWRTRS2Y_2018,CWRSCSCY_2018,Yes,Yes,Y_2018,45.1,1008.3,SCSC,CWR,Cottonwood River SNA,Central,699,44.1214158,-95.06171,Northern Tallgrass Prairie
HPC1351,CWRTRS3Y_2018,CWRSCSCY_2018,Yes,Yes,Y_2018,45.1,1008.3,SCSC,CWR,Cottonwood River SNA,Central,699,44.1214139,-95.06171,Northern Tallgrass Prairie
HPC1353,CWRTRS3Y_2018,CWRSCSCY_2018,Yes,Yes,Y_2018,45.1,1008.3,SCSC,CWR,Cottonwood River SNA,Central,699,44.12141,-95.06171,Northern Tallgrass Prairie
HPC1354,CWRTRS3Y_2018,CWRSCSCY_2018,Yes,Yes,Y_2018,45.1,1008.3,SCSC,CWR,Cottonwood River SNA,Central,699,44.121418,-95.061709,Northern Tallgrass Prairie
HPC1355,CWRTRS3Y_2018,CWRSCSCY_2018,Yes,Yes,Y_2018,45.1,1008.3,SCSC,CWR,Cottonwood River SNA,Central,699,44.1214165,-95.0617143,Northern Tallgrass Prairie
HPC1356,CWRTRS4Y_2018,CWRSCSCY_2018,Yes,Yes,Y_2018,45.1,1008.3,SCSC,CWR,Cottonwood River SNA,Central,699,44.1214158,-95.0617125,Northern Tallgrass Prairie
HPC1357,CWRTRS4Y_2018,CWRSCSCY_2018,Yes,Yes,Y_2018,45.1,1008.3,SCSC,CWR,Cottonwood River SNA,Central,699,44.1214197,-95.0617149,Northern Tallgrass Prairie
HPC1358,CWRTRS4Y_2018,CWRSCSCY_2018,Yes,Yes,Y_2018,45.1,1008.3,SCSC,CWR,Cottonwood River SNA,Central,699,44.1214173,-95.0617128,Northern Tallgrass Prairie
HPC1360,CWRTRS4Y_2018,CWRSCSCY_2018,Yes,Yes,Y_2018,45.1,1008.3,SCSC,CWR,Cottonwood River SNA,Central,699,44.1214143,-95.0617132,Northern Tallgrass Prairie
HPC1394,CWRY_2018,CWRCornY_2018,Yes,Yes,Y_2018,45.1,1008.3,Corn,CWR,Cottonwood River SNA,Central,699,44.1214121,-95.0617142,Northern Tallgrass Prairie
HPC1395,CWRY_2018,CWRCornY_2018,Yes,Yes,Y_2018,45.1,1008.3,Corn,CWR,Cottonwood River SNA,Central,699,44.1214122,-95.0617142,Northern Tallgrass Prairie
HPC1611,CWRTRS1Y_2019,CWRSCSCY_2019,Yes,No,Y_2019,45.1,1075,SCSC,CWR,Cottonwood River SNA,Central,699,44.12141,-95.06171,Northern Tallgrass Prairie
HPC1612,CWRTRS1Y_2019,CWRSCSCY_2019,Yes,No,Y_2019,45.1,1075,SCSC,CWR,Cottonwood River SNA,Central,699,44.12141,-95.06171,Northern Tallgrass Prairie
HPC1615,CWRTRS1Y_2019,CWRSCSCY_2019,Yes,No,Y_2019,45.1,1075,SCSC,CWR,Cottonwood River SNA,Central,699,44.12141,-95.06171,Northern Tallgrass Prairie
HPC1618,CWRTRS2Y_2019,CWRSCSCY_2019,Yes,No,Y_2019,45.1,1075,SCSC,CWR,Cottonwood River SNA,Central,699,44.12141,-95.06171,Northern Tallgrass Prairie
HPC1619,CWRTRS2Y_2019,CWRSCSCY_2019,Yes,No,Y_2019,45.1,1075,SCSC,CWR,Cottonwood River SNA,Central,699,44.12141,-95.06171,Northern Tallgrass Prairie
HPC1621,CWRTRS3Y_2019,CWRSCSCY_2019,Yes,No,Y_2019,45.1,1075,SCSC,CWR,Cottonwood River SNA,Central,699,44.12141,-95.06171,Northern Tallgrass Prairie
HPC1622,CWRTRS3Y_2019,CWRSCSCY_2019,Yes,No,Y_2019,45.1,1075,SCSC,CWR,Cottonwood River SNA,Central,699,44.12141,-95.06171,Northern Tallgrass Prairie
HPC1623,CWRTRS3Y_2019,CWRSCSCY_2019,Yes,No,Y_2019,45.1,1075,SCSC,CWR,Cottonwood River SNA,Central,699,44.12141,-95.06171,Northern Tallgrass Prairie
HPC1625,CWRTRS3Y_2019,CWRSCSCY_2019,Yes,No,Y_2019,45.1,1075,SCSC,CWR,Cottonwood River SNA,Central,699,44.12141,-95.06171,Northern Tallgrass Prairie
HPC1626,CWRTRS4Y_2019,CWRSCSCY_2019,Yes,No,Y_2019,45.1,1075,SCSC,CWR,Cottonwood River SNA,Central,699,44.12141,-95.06171,Northern Tallgrass Prairie
HPC1627,CWRTRS4Y_2019,CWRSCSCY_2019,Yes,No,Y_2019,45.1,1075,SCSC,CWR,Cottonwood River SNA,Central,699,44.12141,-95.06171,Northern Tallgrass Prairie
HPC1628,CWRTRS4Y_2019,CWRSCSCY_2019,Yes,No,Y_2019,45.1,1075,SCSC,CWR,Cottonwood River SNA,Central,699,44.12141,-95.06171,Northern Tallgrass Prairie
HPC1629,CWRTRS4Y_2019,CWRSCSCY_2019,Yes,No,Y_2019,45.1,1075,SCSC,CWR,Cottonwood River SNA,Central,699,44.12141,-95.06171,Northern Tallgrass Prairie
HPC1630,CWRTRS4Y_2019,CWRSCSCY_2019,Yes,No,Y_2019,45.1,1075,SCSC,CWR,Cottonwood River SNA,Central,699,44.12141,-95.06171,Northern Tallgrass Prairie
HPC1631,CWRTRS5Y_2019,CWRSCSCY_2019,Yes,No,Y_2019,45.1,1075,SCSC,CWR,Cottonwood River SNA,Central,699,44.12141,-95.06171,Northern Tallgrass Prairie
HPC1632,CWRTRS5Y_2019,CWRSCSCY_2019,Yes,No,Y_2019,45.1,1075,SCSC,CWR,Cottonwood River SNA,Central,699,44.12141,-95.06171,Northern Tallgrass Prairie
HPC1633,CWRTRS5Y_2019,CWRSCSCY_2019,Yes,No,Y_2019,45.1,1075,SCSC,CWR,Cottonwood River SNA,Central,699,44.12141,-95.06171,Northern Tallgrass Prairie
HPC1634,CWRTRS5Y_2019,CWRSCSCY_2019,Yes,No,Y_2019,45.1,1075,SCSC,CWR,Cottonwood River SNA,Central,699,44.12141,-95.06171,Northern Tallgrass Prairie
HPC1635,CWRTRS5Y_2019,CWRSCSCY_2019,Yes,No,Y_2019,45.1,1075,SCSC,CWR,Cottonwood River SNA,Central,699,44.12141,-95.06171,Northern Tallgrass Prairie
HPC1637,CWRTRS6Y_2019,CWRSCSCY_2019,Yes,No,Y_2019,45.1,1075,SCSC,CWR,Cottonwood River SNA,Central,699,44.12141,-95.06171,Northern Tallgrass Prairie
HPC1638,CWRTRS6Y_2019,CWRSCSCY_2019,Yes,No,Y_2019,45.1,1075,SCSC,CWR,Cottonwood River SNA,Central,699,44.12141,-95.06171,Northern Tallgrass Prairie
HPC1639,CWRTRS6Y_2019,CWRSCSCY_2019,Yes,No,Y_2019,45.1,1075,SCSC,CWR,Cottonwood River SNA,Central,699,44.12141,-95.06171,Northern Tallgrass Prairie
HPC1640,CWRTRS6Y_2019,CWRSCSCY_2019,Yes,No,Y_2019,45.1,1075,SCSC,CWR,Cottonwood River SNA,Central,699,44.12141,-95.06171,Northern Tallgrass Prairie
HPC8346,CWRTRS6Y_2018,CWRSCSCY_2018,Yes,Yes,Y_2018,40.3,1008.3,SCSC,CWR,Cottonwood River SNA,Central,699,44.12141,-95.06171,Northern Tallgrass Prairie
HPC1342KNZ,CWRTRS1Y_2018,CWRSCSCY_2018,Yes,Yes,Y_2018,40.3,1008.3,SCSC,CWR,Cottonwood River SNA,Central,699,44.12141,-95.06171,Northern Tallgrass Prairie
HPC1024,PCTRS1Y_2018,PCSCSCY_2018,Yes,Yes,Y_2018,36.6,931.5,SCSC,PC,Prairie Coteau,West,686,44.7463,-96.9263,Northern Tallgrass Prairie
HPC1025,PCTRS1Y_2018,PCSCSCY_2018,Yes,Yes,Y_2018,36.6,931.5,SCSC,PC,Prairie Coteau,West,686,44.7462,-96.9263,Northern Tallgrass Prairie
HPC1026,PCTRS2Y_2018,PCSCSCY_2018,Yes,Yes,Y_2018,36.6,931.5,SCSC,PC,Prairie Coteau,West,686,44.7464,-96.9263,Northern Tallgrass Prairie
HPC1027,PCTRS2Y_2018,PCSCSCY_2018,Yes,Yes,Y_2018,36.6,931.5,SCSC,PC,Prairie Coteau,West,686,44.7465,-96.926365,Northern Tallgrass Prairie
HPC1028,PCTRS2Y_2018,PCSCSCY_2018,Yes,Yes,Y_2018,36.6,931.5,SCSC,PC,Prairie Coteau,West,686,44.7466,-96.9263,Northern Tallgrass Prairie
HPC1029,PCTRS2Y_2018,PCSCSCY_2018,Yes,Yes,Y_2018,36.6,931.5,SCSC,PC,Prairie Coteau,West,686,44.7467,-96.9263,Northern Tallgrass Prairie
HPC1030,PCTRS2Y_2018,PCSCSCY_2018,Yes,Yes,Y_2018,36.6,931.5,SCSC,PC,Prairie Coteau,West,686,44.7468,-96.9263,Northern Tallgrass Prairie
HPC1031,PCTRS3Y_2018,PCSCSCY_2018,Yes,Yes,Y_2018,36.6,931.5,SCSC,PC,Prairie Coteau,West,686,44.7465,-96.9263,Northern Tallgrass Prairie
HPC1032,PCTRS3Y_2018,PCSCSCY_2018,Yes,Yes,Y_2018,36.6,931.5,SCSC,PC,Prairie Coteau,West,686,44.7463,-96.9263,Northern Tallgrass Prairie
HPC1033,PCTRS3Y_2018,PCSCSCY_2018,Yes,Yes,Y_2018,36.6,931.5,SCSC,PC,Prairie Coteau,West,686,44.7469,-96.926354,Northern Tallgrass Prairie
HPC1034,PCTRS3Y_2018,PCSCSCY_2018,Yes,Yes,Y_2018,36.6,931.5,SCSC,PC,Prairie Coteau,West,686,44.74647,-96.9263,Northern Tallgrass Prairie
HPC1035,PCTRS3Y_2018,PCSCSCY_2018,Yes,Yes,Y_2018,36.6,931.5,SCSC,PC,Prairie Coteau,West,686,44.74641,-96.9263,Northern Tallgrass Prairie
HPC1036,PCTRS4Y_2018,PCSCSCY_2018,Yes,Yes,Y_2018,36.6,931.5,SCSC,PC,Prairie Coteau,West,686,44.74659,-96.9263,Northern Tallgrass Prairie
HPC1038,PCTRS4Y_2018,PCSCSCY_2018,Yes,Yes,Y_2018,36.6,931.5,SCSC,PC,Prairie Coteau,West,686,44.74674,-96.9263,Northern Tallgrass Prairie
HPC1039,PCTRS4Y_2018,PCSCSCY_2018,Yes,Yes,Y_2018,36.6,931.5,SCSC,PC,Prairie Coteau,West,686,44.74683,-96.9263,Northern Tallgrass Prairie
HPC1063,PCY_2018,PCCornY_2018,Yes,Yes,Y_2018,36.6,931.5,Corn,PC,Prairie Coteau,West,686,44.74682,-96.9263,Northern Tallgrass Prairie
HPC1064,PCY_2018,PCCornY_2018,Yes,Yes,Y_2018,36.6,931.5,Corn,PC,Prairie Coteau,West,686,44.74684,-96.92633,Northern Tallgrass Prairie
HPC1069,PCY_2018,PCCornY_2018,Yes,Yes,Y_2018,36.6,931.5,Corn,PC,Prairie Coteau,West,686,44.746,-96.9263,Northern Tallgrass Prairie
HPC1070,PCY_2018,PCCornY_2018,Yes,Yes,Y_2018,36.6,931.5,Corn,PC,Prairie Coteau,West,686,44.746,-96.9263,Northern Tallgrass Prairie
HPC1075,PCY_2018,PCCornY_2018,Yes,Yes,Y_2018,36.6,931.5,Corn,PC,Prairie Coteau,West,686,44.746,-96.9263,Northern Tallgrass Prairie
HPC1079,PCY_2018,PCCornY_2018,Yes,Yes,Y_2018,36.6,931.5,Corn,PC,Prairie Coteau,West,686,44.746,-96.9263,Northern Tallgrass Prairie
HPC1080,PCY_2018,PCCornY_2018,Yes,Yes,Y_2018,36.6,931.5,Corn,PC,Prairie Coteau,West,686,44.746,-96.9263,Northern Tallgrass Prairie
HPC1491,PCTRS1Y_2019,PCSCSCY_2019,Yes,No,Y_2019,41.43,1052.2,SCSC,PC,Prairie Coteau,West,686,44.746,-96.9263,Northern Tallgrass Prairie
HPC1492,PCTRS1Y_2019,PCSCSCY_2019,Yes,No,Y_2019,41.43,1052.2,SCSC,PC,Prairie Coteau,West,686,44.746,-96.9263,Northern Tallgrass Prairie
HPC1493,PCTRS1Y_2019,PCSCSCY_2019,Yes,No,Y_2019,41.43,1052.2,SCSC,PC,Prairie Coteau,West,686,44.746,-96.9263,Northern Tallgrass Prairie
HPC1494,PCTRS1Y_2019,PCSCSCY_2019,Yes,No,Y_2019,41.43,1052.2,SCSC,PC,Prairie Coteau,West,686,44.746,-96.9263,Northern Tallgrass Prairie
HPC1495,PCTRS1Y_2019,PCSCSCY_2019,Yes,No,Y_2019,41.43,1052.2,SCSC,PC,Prairie Coteau,West,686,44.746,-96.9263,Northern Tallgrass Prairie
HPC1496,PCTRS2Y_2019,PCSCSCY_2019,Yes,No,Y_2019,41.43,1052.2,SCSC,PC,Prairie Coteau,West,686,44.746,-96.9263,Northern Tallgrass Prairie
HPC1497,PCTRS2Y_2019,PCSCSCY_2019,Yes,No,Y_2019,41.43,1052.2,SCSC,PC,Prairie Coteau,West,686,44.746,-96.9263,Northern Tallgrass Prairie
HPC1498,PCTRS2Y_2019,PCSCSCY_2019,Yes,No,Y_2019,41.43,1052.2,SCSC,PC,Prairie Coteau,West,686,44.746,-96.9263,Northern Tallgrass Prairie
HPC1500,PCTRS2Y_2019,PCSCSCY_2019,Yes,No,Y_2019,41.43,1052.2,SCSC,PC,Prairie Coteau,West,686,44.746,-96.9263,Northern Tallgrass Prairie
HPC1501,PCTRS3Y_2019,PCSCSCY_2019,Yes,No,Y_2019,41.43,1052.2,SCSC,PC,Prairie Coteau,West,686,44.746,-96.9263,Northern Tallgrass Prairie
HPC1502,PCTRS3Y_2019,PCSCSCY_2019,Yes,No,Y_2019,41.43,1052.2,SCSC,PC,Prairie Coteau,West,686,44.746,-96.9263,Northern Tallgrass Prairie
HPC1503,PCTRS3Y_2019,PCSCSCY_2019,Yes,No,Y_2019,41.43,1052.2,SCSC,PC,Prairie Coteau,West,686,44.746,-96.9263,Northern Tallgrass Prairie
HPC1504,PCTRS3Y_2019,PCSCSCY_2019,Yes,No,Y_2019,41.43,1052.2,SCSC,PC,Prairie Coteau,West,686,44.746,-96.9263,Northern Tallgrass Prairie
HPC1506,PCTRS4Y_2019,PCSCSCY_2019,Yes,No,Y_2019,41.43,1052.2,SCSC,PC,Prairie Coteau,West,686,44.746,-96.9263,Northern Tallgrass Prairie
HPC1507,PCTRS4Y_2019,PCSCSCY_2019,Yes,No,Y_2019,41.43,1052.2,SCSC,PC,Prairie Coteau,West,686,44.746,-96.9263,Northern Tallgrass Prairie
HPC1512,PCTRS5Y_2019,PCSCSCY_2019,Yes,No,Y_2019,41.43,1052.2,SCSC,PC,Prairie Coteau,West,686,44.746,-96.9263,Northern Tallgrass Prairie
HPC1515,PCTRS5Y_2019,PCSCSCY_2019,Yes,No,Y_2019,41.43,1052.2,SCSC,PC,Prairie Coteau,West,686,44.746,-96.9263,Northern Tallgrass Prairie
HPC1517,PCTRS6Y_2019,PCSCSCY_2019,Yes,No,Y_2019,41.43,1052.2,SCSC,PC,Prairie Coteau,West,686,44.746,-96.9263,Northern Tallgrass Prairie
HPC1518,PCTRS6Y_2019,PCSCSCY_2019,Yes,No,Y_2019,41.43,1052.2,SCSC,PC,Prairie Coteau,West,686,44.746,-96.9263,Northern Tallgrass Prairie
HPC1519,PCTRS6Y_2019,PCSCSCY_2019,Yes,No,Y_2019,41.43,1052.2,SCSC,PC,Prairie Coteau,West,686,44.746,-96.9263,Northern Tallgrass Prairie
HPC1520,PCTRS6Y_2019,PCSCSCY_2019,Yes,No,Y_2019,41.43,1052.2,SCSC,PC,Prairie Coteau,West,686,44.746,-96.9263,Northern Tallgrass Prairie
HPC1518KNZ,PCTRS6Y_2019,PCSCSCY_2019,Yes,No,Y_2019,,1052.2,SCSC,PC,Prairie Coteau,West,686,44.7464,-96.9263,Northern Tallgrass Prairie
HPC1401,HTMTRS1Y_2019,HTMSCSCY_2019,No,No,Y_2019,,1052.2,SCSC,HTM,Hole-in-the Mountain Prairie,West,629,44.14408,-96.17912,Northern Tallgrass Prairie
HPC1403,HTMTRS1Y_2019,HTMSCSCY_2019,No,No,Y_2019,,1052.2,SCSC,HTM,Hole-in-the Mountain Prairie,West,629,44.14408,-96.17912,Northern Tallgrass Prairie
HPC1406,HTMTRS2Y_2019,HTMSCSCY_2019,No,No,Y_2019,,1052.2,SCSC,HTM,Hole-in-the Mountain Prairie,West,629,44.144083,-96.179124,Northern Tallgrass Prairie
HPC1408,HTMTRS2Y_2019,HTMSCSCY_2019,No,No,Y_2019,,1052.2,SCSC,HTM,Hole-in-the Mountain Prairie,West,629,44.1440832,-96.1791221,Northern Tallgrass Prairie
HPC1409,HTMTRS2Y_2019,HTMSCSCY_2019,No,No,Y_2019,,1052.2,SCSC,HTM,Hole-in-the Mountain Prairie,West,629,44.1440822,-96.1791224,Northern Tallgrass Prairie
HPC1410,HTMTRS2Y_2019,HTMSCSCY_2019,No,No,Y_2019,,1052.2,SCSC,HTM,Hole-in-the Mountain Prairie,West,629,44.1440825,-96.179123,Northern Tallgrass Prairie
HPC1412,HTMTRS3Y_2019,HTMSCSCY_2019,No,No,Y_2019,,1052.2,SCSC,HTM,Hole-in-the Mountain Prairie,West,629,44.144028,-96.179126,Northern Tallgrass Prairie
HPC1413,HTMTRS3Y_2019,HTMSCSCY_2019,No,No,Y_2019,,1052.2,SCSC,HTM,Hole-in-the Mountain Prairie,West,629,44.144084,-96.179124,Northern Tallgrass Prairie
HPC1414,HTMTRS3Y_2019,HTMSCSCY_2019,No,No,Y_2019,,1052.2,SCSC,HTM,Hole-in-the Mountain Prairie,West,629,44.144084,-96.179124,Northern Tallgrass Prairie
HPC1415,HTMTRS3Y_2019,HTMSCSCY_2019,No,No,Y_2019,,1052.2,SCSC,HTM,Hole-in-the Mountain Prairie,West,629,44.144082,-96.17912,Northern Tallgrass Prairie
HPC1416,HTMTRS4Y_2019,HTMSCSCY_2019,No,No,Y_2019,,1052.2,SCSC,HTM,Hole-in-the Mountain Prairie,West,629,44.144082,-96.1791234,Northern Tallgrass Prairie
HPC1417,HTMTRS4Y_2019,HTMSCSCY_2019,No,No,Y_2019,,1052.2,SCSC,HTM,Hole-in-the Mountain Prairie,West,629,44.14408,-96.17912,Northern Tallgrass Prairie
HPC1418,HTMTRS4Y_2019,HTMSCSCY_2019,No,No,Y_2019,,1052.2,SCSC,HTM,Hole-in-the Mountain Prairie,West,629,44.14408,-96.17912,Northern Tallgrass Prairie
HPC1419,HTMTRS4Y_2019,HTMSCSCY_2019,No,No,Y_2019,,1052.2,SCSC,HTM,Hole-in-the Mountain Prairie,West,629,44.144086,-96.17912,Northern Tallgrass Prairie
HPC1420,HTMTRS4Y_2019,HTMSCSCY_2019,No,No,Y_2019,,1052.2,SCSC,HTM,Hole-in-the Mountain Prairie,West,629,44.144086,-96.1791256,Northern Tallgrass Prairie
HPC1421,HTMTRS5Y_2019,HTMSCSCY_2019,No,No,Y_2019,,1052.2,SCSC,HTM,Hole-in-the Mountain Prairie,West,629,44.14408,-96.1791269,Northern Tallgrass Prairie
HPC1422,HTMTRS5Y_2019,HTMSCSCY_2019,No,No,Y_2019,,1052.2,SCSC,HTM,Hole-in-the Mountain Prairie,West,629,44.14408,-96.1791227,Northern Tallgrass Prairie
HPC1423,HTMTRS5Y_2019,HTMSCSCY_2019,No,No,Y_2019,,1052.2,SCSC,HTM,Hole-in-the Mountain Prairie,West,629,44.1440836,-96.17912,Northern Tallgrass Prairie
HPC1425,HTMTRS5Y_2019,HTMSCSCY_2019,No,No,Y_2019,,1052.2,SCSC,HTM,Hole-in-the Mountain Prairie,West,629,44.1440825,-96.1791234,Northern Tallgrass Prairie
HPC1426,HTMTRS6Y_2019,HTMSCSCY_2019,No,No,Y_2019,,1052.2,SCSC,HTM,Hole-in-the Mountain Prairie,West,629,44.144082,-96.17912,Northern Tallgrass Prairie
HPC1428,HTMTRS6Y_2019,HTMSCSCY_2019,No,No,Y_2019,,1052.2,SCSC,HTM,Hole-in-the Mountain Prairie,West,629,44.14408,-96.17912,Northern Tallgrass Prairie
HPC1429,HTMTRS6Y_2019,HTMSCSCY_2019,No,No,Y_2019,,1052.2,SCSC,HTM,Hole-in-the Mountain Prairie,West,629,44.1440836,-96.17912,Northern Tallgrass Prairie
HPC1430,HTMTRS6Y_2019,HTMSCSCY_2019,No,No,Y_2019,,1052.2,SCSC,HTM,Hole-in-the Mountain Prairie,West,629,44.1440825,-96.1791256,Northern Tallgrass Prairie
HPC1417KNZ,HTMTRS4Y_2019,HTMSCSCY_2019,No,No,Y_2019,,,SCSC,HTM,Hole-in-the Mountain Prairie,West,629,44.14408,-96.17912,Northern Tallgrass Prairie
HPC1261,SPTRS1Y_2018,SPSCSCY_2018,Yes,Yes,Y_2018,31.85,767.4,SCSC,SP,Sioux Prairie,West,564,44.0322149,-96.78054,Northern Tallgrass Prairie
HPC1262,SPTRS1Y_2018,SPSCSCY_2018,Yes,Yes,Y_2018,31.85,767.4,SCSC,SP,Sioux Prairie,West,564,44.03221454,-96.78054,Northern Tallgrass Prairie
HPC1263,SPTRS1Y_2018,SPSCSCY_2018,Yes,Yes,Y_2018,31.85,767.4,SCSC,SP,Sioux Prairie,West,564,44.03221439,-96.78054,Northern Tallgrass Prairie
HPC1264,SPTRS1Y_2018,SPSCSCY_2018,Yes,Yes,Y_2018,31.85,767.4,SCSC,SP,Sioux Prairie,West,564,44.03221489,-96.78054,Northern Tallgrass Prairie
HPC1265,SPTRS1Y_2018,SPSCSCY_2018,Yes,Yes,Y_2018,31.85,767.4,SCSC,SP,Sioux Prairie,West,564,44.032214,-96.78054,Northern Tallgrass Prairie
HPC1269,SPTRS2Y_2018,SPSCSCY_2018,Yes,Yes,Y_2018,31.85,767.4,SCSC,SP,Sioux Prairie,West,564,44.0322139,-96.78054,Northern Tallgrass Prairie
HPC1270,SPTRS2Y_2018,SPSCSCY_2018,Yes,Yes,Y_2018,31.85,767.4,SCSC,SP,Sioux Prairie,West,564,44.0322148,-96.78054,Northern Tallgrass Prairie
HPC1271,SPTRS3Y_2018,SPSCSCY_2018,Yes,Yes,Y_2018,31.85,767.4,SCSC,SP,Sioux Prairie,West,564,44.032214,-96.7805445,Northern Tallgrass Prairie
HPC1272,SPTRS3Y_2018,SPSCSCY_2018,Yes,Yes,Y_2018,31.85,767.4,SCSC,SP,Sioux Prairie,West,564,44.03221422,-96.78054,Northern Tallgrass Prairie
HPC1273,SPTRS3Y_2018,SPSCSCY_2018,Yes,Yes,Y_2018,31.85,767.4,SCSC,SP,Sioux Prairie,West,564,44.032214,-96.7805454,Northern Tallgrass Prairie
HPC1274,SPTRS3Y_2018,SPSCSCY_2018,Yes,Yes,Y_2018,31.85,767.4,SCSC,SP,Sioux Prairie,West,564,44.032214,-96.780546,Northern Tallgrass Prairie
HPC1275,SPTRS3Y_2018,SPSCSCY_2018,Yes,Yes,Y_2018,31.85,767.4,SCSC,SP,Sioux Prairie,West,564,44.032214,-96.7805448,Northern Tallgrass Prairie
HPC1276,SPTRS4Y_2018,SPSCSCY_2018,Yes,Yes,Y_2018,31.85,767.4,SCSC,SP,Sioux Prairie,West,564,44.032214,-96.7805463,Northern Tallgrass Prairie
HPC1277,SPTRS4Y_2018,SPSCSCY_2018,Yes,Yes,Y_2018,31.85,767.4,SCSC,SP,Sioux Prairie,West,564,44.032214,-96.7805454,Northern Tallgrass Prairie
HPC1278,SPTRS4Y_2018,SPSCSCY_2018,Yes,Yes,Y_2018,31.85,767.4,SCSC,SP,Sioux Prairie,West,564,44.032214,-96.7805458,Northern Tallgrass Prairie
HPC1279,SPTRS4Y_2018,SPSCSCY_2018,Yes,Yes,Y_2018,31.85,767.4,SCSC,SP,Sioux Prairie,West,564,44.032214,-96.7805459,Northern Tallgrass Prairie
HPC1280,SPTRS4Y_2018,SPSCSCY_2018,Yes,Yes,Y_2018,31.85,767.4,SCSC,SP,Sioux Prairie,West,564,44.032214,-96.7805469,Northern Tallgrass Prairie
HPC1301,SPY_2018,SPCornY_2018,Yes,Yes,Y_2018,31.85,767.4,Corn,SP,Sioux Prairie,West,564,44.032214,-96.7805454,Northern Tallgrass Prairie
HPC1316,SPY_2018,SPCornY_2018,Yes,Yes,Y_2018,31.85,767.4,Corn,SP,Sioux Prairie,West,564,44.032214,-96.7805458,Northern Tallgrass Prairie
HPC1317,SPY_2018,SPCornY_2018,Yes,Yes,Y_2018,31.85,767.4,Corn,SP,Sioux Prairie,West,564,44.032214,-96.7805438,Northern Tallgrass Prairie
HPC1581,SPTRS1Y_2019,SPSCSCY_2019,Yes,No,Y_2019,38.47,1132.5,SCSC,SP,Sioux Prairie,West,564,44.032214,-96.78054,Northern Tallgrass Prairie
HPC1583,SPTRS1Y_2019,SPSCSCY_2019,Yes,No,Y_2019,38.47,1132.5,SCSC,SP,Sioux Prairie,West,564,44.032214,-96.78054,Northern Tallgrass Prairie
HPC1584,SPTRS1Y_2019,SPSCSCY_2019,Yes,No,Y_2019,38.47,1132.5,SCSC,SP,Sioux Prairie,West,564,44.032214,-96.78054,Northern Tallgrass Prairie
HPC1585,SPTRS1Y_2019,SPSCSCY_2019,Yes,No,Y_2019,38.47,1132.5,SCSC,SP,Sioux Prairie,West,564,44.032214,-96.78054,Northern Tallgrass Prairie
HPC1586,SPTRS2Y_2019,SPSCSCY_2019,Yes,No,Y_2019,38.47,1132.5,SCSC,SP,Sioux Prairie,West,564,44.032214,-96.78054,Northern Tallgrass Prairie
HPC1587,SPTRS2Y_2019,SPSCSCY_2019,Yes,No,Y_2019,38.47,1132.5,SCSC,SP,Sioux Prairie,West,564,44.032214,-96.78054,Northern Tallgrass Prairie
HPC1589,SPTRS2Y_2019,SPSCSCY_2019,Yes,No,Y_2019,38.47,1132.5,SCSC,SP,Sioux Prairie,West,564,44.032214,-96.78054,Northern Tallgrass Prairie
HPC1591,SPTRS3Y_2019,SPSCSCY_2019,Yes,No,Y_2019,38.47,1132.5,SCSC,SP,Sioux Prairie,West,564,44.032214,-96.78054,Northern Tallgrass Prairie
HPC1592,SPTRS3Y_2019,SPSCSCY_2019,Yes,No,Y_2019,38.47,1132.5,SCSC,SP,Sioux Prairie,West,564,44.032214,-96.78054,Northern Tallgrass Prairie
HPC1594,SPTRS3Y_2019,SPSCSCY_2019,Yes,No,Y_2019,38.47,1132.5,SCSC,SP,Sioux Prairie,West,564,44.032214,-96.78054,Northern Tallgrass Prairie
HPC1596,SPTRS4Y_2019,SPSCSCY_2019,Yes,No,Y_2019,38.47,1132.5,SCSC,SP,Sioux Prairie,West,564,44.032214,-96.78054,Northern Tallgrass Prairie
HPC1597,SPTRS4Y_2019,SPSCSCY_2019,Yes,No,Y_2019,38.47,1132.5,SCSC,SP,Sioux Prairie,West,564,44.032214,-96.78054,Northern Tallgrass Prairie
HPC1599,SPTRS4Y_2019,SPSCSCY_2019,Yes,No,Y_2019,38.47,1132.5,SCSC,SP,Sioux Prairie,West,564,44.032214,-96.78054,Northern Tallgrass Prairie
HPC1600,SPTRS4Y_2019,SPSCSCY_2019,Yes,No,Y_2019,38.47,1132.5,SCSC,SP,Sioux Prairie,West,564,44.032214,-96.78054,Northern Tallgrass Prairie
HPC1601,SPTRS5Y_2019,SPSCSCY_2019,Yes,No,Y_2019,38.47,1132.5,SCSC,SP,Sioux Prairie,West,564,44.032214,-96.78054,Northern Tallgrass Prairie
HPC1602,SPTRS5Y_2019,SPSCSCY_2019,Yes,No,Y_2019,38.47,1132.5,SCSC,SP,Sioux Prairie,West,564,44.032214,-96.78054,Northern Tallgrass Prairie
HPC1603,SPTRS5Y_2019,SPSCSCY_2019,Yes,No,Y_2019,38.47,1132.5,SCSC,SP,Sioux Prairie,West,564,44.032214,-96.78054,Northern Tallgrass Prairie
HPC1605,SPTRS5Y_2019,SPSCSCY_2019,Yes,No,Y_2019,38.47,1132.5,SCSC,SP,Sioux Prairie,West,564,44.032214,-96.78054,Northern Tallgrass Prairie
HPC1607,SPTRS6Y_2019,SPSCSCY_2019,Yes,No,Y_2019,38.47,1132.5,SCSC,SP,Sioux Prairie,West,564,44.032214,-96.78054,Northern Tallgrass Prairie
HPC1608,SPTRS6Y_2019,SPSCSCY_2019,Yes,No,Y_2019,38.47,1132.5,SCSC,SP,Sioux Prairie,West,564,44.032214,-96.78054,Northern Tallgrass Prairie
HPC1609,SPTRS6Y_2019,SPSCSCY_2019,Yes,No,Y_2019,38.47,1132.5,SCSC,SP,Sioux Prairie,West,564,44.032214,-96.78054,Northern Tallgrass Prairie
HPC1610,SPTRS6Y_2019,SPSCSCY_2019,Yes,No,Y_2019,38.47,1132.5,SCSC,SP,Sioux Prairie,West,564,44.032214,-96.78054,Northern Tallgrass Prairie